N;CODIGO_PAIS;CODIGO_ENTIDAD;PROGRAMA;CODIGO_SNIP;CODIGO_UNIFICADO;NOMBRE;UNIDAD_EJECUTORA;DEPARTAMENTO;PROVINCIA;DISTRITO;POBLACION_BENEFICIADA_SSP;MONTO_ACTUALIZADO _PIP;MODALIDAD_FINANCIAMIENTO;TIPO_EJECUCION;ETAPA_INVERSION;ESTADO;;;;;;;;;
1;PE;11476;PNSU;63002;2056645;AMPLIACION, MEJORAMIENTO DEL SISTEMA DE AGUA POTABLE Y ALCANTARILLADO DE LA LOCALIDAD DEL MUYO, DISTRITO DE ARAMANGO - BAGUA - AMAZONAS;MUNICIPALIDAD DISTRITAL DE ARAMANGO ;AMAZONAS;BAGUA;ARAMANGO;2028;1,644,132.00;Transferencia;Indirecta;OBRA;Paralizada;;;;;;;;;
2;PE;11477;PNSU;61273;2066026;MEJORAMIENTO AMPLIACION DEL SISTEMA DE AGUA POTABLE COPALLIN, DISTRITO DE COPALLIN - BAGUA - AMAZONAS;MUNICIPALIDAD DISTRITAL DE COPALLIN;AMAZONAS;BAGUA;COPALLIN;6705;3,071,994.57;Transferencia;Indirecta;OBRA;Concluido;;;;;;;;;
3;PE;11478;PNSU;99900;2106401;MEJORAMIENTO Y AMPLIACIÓN DEL SISTEMA DE AGUA POTABLE Y CONSTRUCCIÓN DEL SISTEMA DE SANEAMIENTO DE LA LOCALIDAD DE IMACITA - BAGUA;REGION AMAZONAS-SEDE CENTRAL;AMAZONAS;BAGUA;IMAZA;2604;9,562,421.17;Transferencia;Indirecta;OBRA;Concluido;;;;;;;;;
4;PE;11479;PNSU;63047;2066683;MEJORAMIENTO, AMPLIACION DEL SISTEMA DE AGUA POTABLE Y CONSTRUCCION DEL SISTEMA DE ALCANTARILLADO DEL CENTRO POBLADO EL TOMAQUE, PROVINCIA DE BAGUA - AMAZONAS;MUNICIPALIDAD PROVINCIAL DE BAGUA;AMAZONAS;BAGUA;LA PECA;2050;4,291,380.74;Transferencia;Indirecta;OBRA;Concluido;;;;;;;;;
5;PE;11480;PNSU;2993;2090141;PROYECTO INTEGRADO DEL SISTEMA DE AGUA POTABLE Y ALCANTARILLADO DE LA LOCALIDAD DE BAGUA;GOBIERNO REGIONAL AMAZONAS;AMAZONAS;BAGUA;LA PECA;22556;219,831,721.64;Transferencia;Indirecta;OBRA (SALDO);Actos Previos;;;;;;;;;
6;PE;11481;PNSU;3901;2030714;PROYECTO INTEGRADO DEL SISTEMA DE AGUA POTABLE Y ALCANTARILLADO DE LA LOCALIDAD LA PECA;REGION AMAZONAS- GERENCIA SUB REGIONAL BAGUA ;AMAZONAS;BAGUA;LA PECA;3562;7,495,850.55;Transferencia;;OBRA (Expediente Saldo);Actos Previos;;;;;;;;;
7;PE;11482;PNSU;30257;2128841;MEJORAMIENTO, AMPLIACION DEL SISTEMA DE AGUA POTABLE Y ALCANTARILLADO-CHISQUILLA;MUNICIPALIDAD DISTRITAL DE CHISQUILLA;AMAZONAS;BONGARA;CHISQUILLA;488;142,894.00;Transferencia;Indirecta;OBRA;Concluido;;;;;;;;;
8;PE;11483;PNSU;98645;2090509;AMPLIACION, MEJORAMIENTO DEL SISTEMA DE AGUA POTABLE Y ALCANTARILLADO DE CUISPES, NUEVA ALIANZA, EL PORVENIR, FANRE Y LA COLMENA, DISTRITO DE CUISPES - BONGARA - AMAZONAS (Primera Etapa Concluida: localidades de FANRE y LA COLMENA, (Segunda Etapa: localidades CUISPES, NUEVA ALIANZA, EL PORVENIR;MUNICIPALIDAD DISTRITAL DE CUISPES;AMAZONAS;BONGARA;CUISPES;382;5,245,768.00;Transferencia;Indirecta;OBRA;Concluido;;;;;;;;;
9;PE;11484;PNSU;186109;2148944;MEJORAMIENTO DEL SISTEMA DE AGUA POTABLE Y ALCANTARILLADO DE LA LOCALIDAD DE NUEVO GUALULO, DISTRITO DE FLORIDA - BONGARA - AMAZONAS;MUNICIPALIDAD DISTRITAL DE FLORIDA;AMAZONAS;BONGARA;FLORIDA;688;1,922,367.63;Transferencia;Indirecta;OBRA;Concluido;;;;;;;;;
10;PE;11485;PNSU;127652;2104240;MEJORAMIENTO DEL SISTEMA DE AGUA POTABLE Y SANEAMIENTO DE LA LOCALIDAD DE JUMBILLA, PROVINCIA DE BONGARA - AMAZONAS;GOBIERNO REGIONAL AMAZONAS;AMAZONAS;BONGARA;JUMBILLA;1626;7,785,041.50;Transferencia;Indirecta;OBRA;Concluido;;;;;;;;;
11;PE;11486;PNSU;31712;2140655;MEJORAMIENTO, AMPLIACION DEL SISTEMA DE AGUA POTABLE SHIPASBAMBA, DISTRITO DE SHIPASBAMBA - BONGARA - AMAZONAS;MUNICIPALIDAD DISTRITAL DE DE SHIPASBAMBA;AMAZONAS;BONGARA;SHIPASBAMBA;1250;322,674.00;Transferencia;Indirecta;OBRA;Concluido;;;;;;;;;
12;PE;11487;PNSU;31814;2122998;CONSTRUCCION DEL SISTEMA DE AGUA POTABLE LOCALIDAD LAPERLA DEL IMAZA, DISTRITO DE YAMBRASBAMBA - BONGARA - AMAZONAS;MUNICIPALIDAD DISTRITAL DE YAMBRASBAMBA;AMAZONAS;BONGARA;YAMBRASBAMBA;300;140,082.00;Transferencia;Indirecta;OBRA;Concluido;;;;;;;;;
13;PE;11488;PNSU;116618;2091188;AMPLIACION Y MEJORAMIENTO DEL SISTEMA DE AGUA POTABLE Y CONSTRUCCION DE ALCANTARILLADO DE LAS LOCALIDADES DE OSO PERDIDO, PROGRESO Y AGUA DULCE, DISTRITO DE YAMBRASBAMBA - BONGARA - AMAZONAS;MUNICIPALIDAD DISTRITAL DE YAMBRASBAMBA;AMAZONAS;BONGARA;YAMBRASBAMBA;4082;4,694,900.40;Transferencia;Indirecta;OBRA;Concluido;;;;;;;;;
14;PE;11489;PNSU;56954;2047467;AMPLIACION, MEJORAMIENTO DEL SISTEMA DE AGUA POTABLE Y ALCANTARILLADO DE LA LOCALIDAD DE YAMBRASBAMBA, DISTRITO DE YAMBRASBAMBA - BONGARA - AMAZONAS;MUNICIPALIDAD DISTRITAL DE DE YAMBRASBAMBA ;AMAZONAS;BONGARA;YAMBRASBAMBA;698;751,329.00;Transferencia;Directa;OBRA;Concluido;;;;;;;;;
15;PE;11490;PNSU;54325;2061612;MEJORAMIENTO Y AMPLIACIÒN DEL SISTEMA DE AGUA POTABLE DEL DISTRITO DE ASUNCIO GONCHA, DISTRITO DE ASUNCION - CHACHAPOYAS - AMAZONAS;MUNICIPALIDAD DISTRITAL DE ASUNCION;AMAZONAS;CHACHAPOYAS;ASUNCION;360;202,575.00;Transferencia;Directa;OBRA;Concluido;;;;;;;;;
16;PE;11491;PNSU;173784;2140607;MEJORAMIENTO , CONSTRUCCION DE LOS SISTEMAS DE AGUA POTABLE Y ALCANTARILLADO DE LAS LOCALIDADES DE HORNOPAMPA, BALSAS, CHACANTO -, DISTRITO DE BALSAS - CHACHAPOYAS - AMAZONAS;MUNICIPALIDAD DISTRITAL DE BALSAS;AMAZONAS;CHACHAPOYAS;BALSAS;1060;2,892,598.00;Transferencia;Indirecta;OBRA;Concluido;;;;;;;;;
17;PE;11492;PNSU;5637;2030328;CANALIZACION QUEBRADA CANCHULHUAYCO - SANTO DOMINGO;GOBIERNO REGIONAL AMAZONAS;AMAZONAS;CHACHAPOYAS;CHACHAPOYAS;0;1,866,418.98;Transferencia;Indirecta;OBRA;Concluido;;;;;;;;;
18;PE;11493;PNSU;27692;2027765;SECTORIZACION DEL SISTEMA DE DISTRIBUCION DE AGUA POTABLE DE CHACHAPOYAS;EMPRESA MUNICIPAL DE SERVICIOS DE AGUA POTABLE Y ALCANTARILLADO DE AMAZONAS S.R.L;AMAZONAS;CHACHAPOYAS;CHACHAPOYAS;22094;2,135,621.00;Transferencia;Indirecta;OBRA;Concluido;;;;;;;;;
19;PE;11494;PNSU;188368;2156742;MEJORAMIENTO AMPLIACION DEL SISTEMA DE AGUA POTABLE Y ALCANTARILLADO DE LOS SECTORES JR. TRES ESQUINAS, JR. AREQUIPA Y JR SANTA ANA DE LA CIUDAD DE CHACHAPOYAS, PROVINCIA DE CHACHAPOYAS - AMAZONAS;MUNICIPALIDAD PROVINCIAL DE CHACHAPOYAS;AMAZONAS;CHACHAPOYAS;CHACHAPOYAS;6500;7,358,705.00;Transferencia;Indirecta;OBRA;Concluido;;;;;;;;;
20;PE;11495;PNSU;182507;2144776;INSTALACION DEL SISTEMA DE AGUA POTABLE Y ALCANTARILLADO DEL SECTOR SAN CARLOS DE MURCIA CHACHAPOYAS, PROVINCIA DE CHACHAPOYAS - AMAZONAS;MUNICIPALIDAD PROVINCIAL DE CHACHAPOYAS;AMAZONAS;CHACHAPOYAS;CHACHAPOYAS;980;1,595,610.46;Transferencia;Directa;OBRA;Concluido;;;;;;;;;
21;PE;11496;PNSU;48490;2046278;MEJORAMIENTO DEL SISTEMA DE AGUA POTABLE Y ALCANTARILLADO DE LA LOCALIDAD DE MOLINOPAMPA, DISTRITO DE MOLINOPAMPA - CHACHAPOYAS - AMAZONAS;MUNICIPALIDAD DISTRITAL DE MOLINOPAMPA;AMAZONAS;CHACHAPOYAS;CHACHAPOYAS;1150;1,811,193.00;Transferencia;Directa;OBRA;Concluido;;;;;;;;;
22;PE;11497;PNSU;229654;2226480; MEJORAMIENTO, AMPLIACION Y REHABILITACION DEL SERVICIO DE AGUA POTABLE, ALCANTARILLADO Y TRATAMIENTO DE AGUAS SERVIDAS DE LA CIUDAD DE CHACHAPOYAS, PROVINCIA DE CHACHAPOYAS - AMAZONAS;MUNICIPALIDAD PROVINCIAL DE CHACHAPOYAS ;AMAZONAS;CHACHAPOYAS;CHACHAPOYAS;23939;79,433,818.38;Transferencia;Indirecta;OBRA (SALDO);En Ejecución;;;;;;;;;
23;PE;11498;PNSU;55234;2053815;MEJORAMIENTO DEL SISTEMA DE AGUA POTABLE Y AMPLIACION DEL ALCANTARILLADO DE LAS LOCALIDADES DE CHETO Y HUACAPAMPA, PROVINCIA DE CHACHAPOYAS - AMAZONAS;MUNICIPALIDAD PROVINCIAL DE CHACHAPOYAS;AMAZONAS;CHACHAPOYAS;CHETO;720;1,484,481.00;Transferencia;Directa;OBRA;Concluido;;;;;;;;;
24;PE;11499;PNSU;24673;2030779;CONSTRUCCION SISTEMA DE ALCANTARILLADO RURAL DE CUELCHO;MUNICIPALIDAD PROVINCIAL DE CHACHAPOYAS;AMAZONAS;CHACHAPOYAS;CHILIQUIN;150;167,427.29;Transferencia;Indirecta;OBRA;Concluido;;;;;;;;;
25;PE;11500;PNSU;49204;2050239;CONSTRUCCION DEL SISTEMA INTEGRAL DEL AGUA POTABLE Y ALCANTARILLADO DE LA LOCALIDAD DE SENGACHE -DISTRITO DE CHILIQUIN, PROVINCIA DE CHACHAPOYAS - AMAZONAS;MUNICIPALIDAD PROVINCIAL DE CHACHAPOYAS;AMAZONAS;CHACHAPOYAS;CHILIQUIN;800;228,971.00;Transferencia;Directa;OBRA;Concluido;;;;;;;;;
26;PE;11501;PNSU;65674;2059991;MEJORAMIENTO, AMPLIACION DEL SISTEMA DE AGUA POTABLE Y ALCANTARILLADO DE LA LOCALIDAD DE GRANADA, DISTRITO DE GRANADA - CHACHAPOYAS - AMAZONAS;MUNICIPALIDAD PROVINCIAL DE CHACHAPOYAS;AMAZONAS;CHACHAPOYAS;GRANADA;621;1,245,061.00;Transferencia;Directa;OBRA;Concluido;;;;;;;;;
27;PE;11502;PNSU;50200;2058414;AMPLIACION Y MEJORAMIENTO DEL SISTEMA AGUA POTABLE Y ALCANTARILLADO DE LA LOCALIDAD DE HUANCAS, DISTRITOS DE HUANCAS - CHACHAPOYAS- AMAZONAS;MUNICIPALIDAD DISTRITAL DE HUANCAS;AMAZONAS;CHACHAPOYAS;HUANCAS;940;1,585,542.00;Transferencia;Indirecta;OBRA;Concluido;;;;;;;;;
28;PE;11503;PNSU;30192;2116410;RECUPERACION, AMPLIACION Y MEJORAMIENTO DEL SISTEMA DE AGUA POTABLE Y ALCANTARILLADO DE LA LOCALIDAD DE LA JALCA - II ETAPA;MUNICIPALIDAD DISTRITAL DE JALCA GRANDE;AMAZONAS;CHACHAPOYAS;LA JALCA;3028;5,865,430.46;Transferencia;Indirecta;OBRA;Concluido;;;;;;;;;
29;PE;11504;PNSU;50721;2064997;AMPLIACION, MEJORAMIENTO DEL SISTEMA DE AGUA POTABLE Y ALCANTARILLADO DE LAS LOCALIDADES DE CACHUC, LEVANTO Y COYACRUZ, DISTRITO DE LEVANTO - CHACHAPOYAS - AMAZONAS;MUNICIPALIDAD DISTRITAL DE LEVANTO;AMAZONAS;CHACHAPOYAS;LEVANTO;1475;631,289.83;Transferencia;Directa;OBRA;Concluido;;;;;;;;;
30;PE;11505;PNSU;48873;2063466;MEJORAMIENTO DEL SISTEMA DE AGUA POTABLE Y ALCANTARILLADO DE LA LOCALIDAD DE TACTA, DISTRITO DE MARISCAL CASTILLA - CHACHAPOYAS - AMAZONAS;MUNICIPALIDAD DISTRITAL DE MARISCAL RAMON CASTILLA;AMAZONAS;CHACHAPOYAS;MARISCAL CASTILLA;618;1,027,972.00;Transferencia;Directa;OBRA;Concluido;;;;;;;;;
31;PE;11506;PNSU;40827;2063465;CONSTRUCCION DEL ALCANTARILLADO DEL ANEXO DE SAN PEDRO, DISTRITO DE MARISCAL CASTILLA - CHACHAPOYAS - AMAZONAS;MUNICIPALIDAD DISTRITAL DE MARISCAL RAMON CASTILLA;AMAZONAS;CHACHAPOYAS;MARISCAL CASTILLA;391;296,347.00;Transferencia;Directa;OBRA;Concluido;;;;;;;;;
32;PE;11507;PNSU;55817;2060512;MEJORAMIENTO Y AMPLIACION DEL SISTEMA DE AGUA POTABLE Y ALCANTARILLADO DE LAS LOCALIDADES DE SAN JOSE Y SANTA ROSA, DISTRITO DE MOLINOPAMPA - CHACHAPOYAS - AMAZONAS;MUNICIPALIDAD DISTRITAL DE MOLINOPAMPA;AMAZONAS;CHACHAPOYAS;MOLINOPAMPA;640;959,728.00;Transferencia;Directa;OBRA;Concluido;;;;;;;;;
33;PE;11508;PNSU;56085;2060513;MEJORAMIENTO Y AMPLIACION DEL SISTEMA DE AGUA POTABLE Y ALCANTARILLADO DE LAS LOCALIDADES DE IZCUCHACA Y CHILLCABRABA, DISTRITO DE MOLINOPAMPA - CHACHAPOYAS - AMAZONAS;MUNICIPALIDAD DISTRITAL DE MOLINOPAMPA;AMAZONAS;CHACHAPOYAS;MOLINOPAMPA;407;887,121.00;Transferencia;Directa;OBRA;Concluido;;;;;;;;;
34;PE;11509;PNSU;49621;2064374;CONSTRUCCION SISTEMA DE ALCANTARILLADO Y TRATAMIENTO DE AGUAS SERVIDAS CASHAC, QUINJALCA, DISTRITO DE QUINJALCA - CHACHAPOYAS - AMAZONAS;MUNICIPALIDAD DISTRITAL DE DE QUINJALCA;AMAZONAS;CHACHAPOYAS;QUINJALCA;1192;230,756.00;Transferencia;Directa;OBRA;Concluido;;;;;;;;;
35;PE;11510;PNSU;49630;2064373;CONSTRUCCION DEL SISTEMA DE ALCANTARILLADO Y TRATAMIENTO DE AGUAS SERVIDAS LOCALIDAD DE CHONTAPAMPA, DISTRITO DE QUINJALCA - CHACHAPOYAS - AMAZONAS;MUNICIPALIDAD DISTRITAL DE DE QUINJALCA;AMAZONAS;CHACHAPOYAS;QUINJALCA;360;212,787.00;Transferencia;Directa;OBRA;Concluido;;;;;;;;;
36;PE;11511;PNSU;51916;2047434;AMPLIACION, MEJORAMIENTO AGUA POTABLE Y ALCANTARILLADO PIPUS, DISTRITO DE SAN FRANCISCO DE DAGUAS - CHACHAPOYAS - AMAZONAS;MUNICIPALIDAD DISTRITAL DE SAN FRANSISCO DE DAGUAS;AMAZONAS;CHACHAPOYAS;SAN FRANCISCO DE DAGUAS;283;334,479.00;Transferencia;Directa;OBRA;Concluido;;;;;;;;;
37;PE;11512;PNSU;29820;2125480;MEJORAMIENTO Y AMPLIACION DEL SISTEMA AGUA POTABLE Y AMPLIACION DE ALCANTARILLADO DE LA LOCALIDAD DE MAYNO;MUNICIPALIDAD DISTRITAL DE SAN ISIDRO DE MAYNO;AMAZONAS;CHACHAPOYAS;SAN ISIDRO DE MAINO;549;1,035,737.00;Transferencia;Indirecta;OBRA;Concluido;;;;;;;;;
38;PE;11513;PNSU;45431;2046288;MEJORAMIENTO DEL SISTEMA INTEGRAL DE AGUA POTABLE Y CONSTRUCCIÓN DEL ALCANTARILLADO DE LA VILLA SANTA MARIA DE NIEVA - DISTRITO DE NIEVA, PROVINCIA DE CONDORCANQUI - AMAZONAS;MUNICIPALIDAD PROVINCIAL DE CONDORCANQUI;AMAZONAS;CONDORCANQUI;NIEVA;3341;10,207,135.47;Transferencia;Indirecta;OBRA;Concluido;;;;;;;;;
39;PE;11514;PNSU;109507;2098821;CONSTRUCCION DE UN NUEVO SISTEMA DE AGUA POTABLE E INSTALACION DEL SANEAMIENTO BÁSICO DE LA CC. NN. DE KIGKIS, DEL DISTRITO DE NIEVA, PROVINCIA DE CONDORCANQUI - AMAZONAS;MUNICIPALIDAD PROVINCIAL DE CONDORCANQUI;AMAZONAS;CONDORCANQUI;NIEVA;715;2,703,097.39;Transferencia;Indirecta;OBRA;Concluido;;;;;;;;;
40;PE;11515;PNSU;70705;2069121;MEJORAMIENTO DEL SISTEMA DE AGUA POTABLE Y CONSTRUCCIÓN DEL SANEAMIENTO BASICO DE LAS LOCALIDADES DE GALILEA, LA POZA, TIERRA ROJA Y SHIRINGA– DISTRITO DE RÍO SANTIAGO, PROVINCIA DE CONDORCANQUI - AMAZONAS;MUNICIPALIDAD PROVINCIAL DE CONDORCANQUI;AMAZONAS;CONDORCANQUI;RIO SANTIAGO;1291;4,592,577.32;Transferencia;Indirecta;OBRA;Concluido;;;;;;;;;
41;PE;11516;PNSU;32595;2038460;REHABILITACION, MEJORAMIENTO, AMPLIACION DEL SISTEMA DE AGUA POTABLE Y ALCANTARILLADO DE LA LOCALIDAD DE CAMPORRDONDO - LUYA -AMAZONAS, DISTRITO DE CAMPORREDONDO - LUYA - AMAZONAS;MUNICIPALIDAD DISTRITAL DE CAMPOREDONDO;AMAZONAS;LUYA;CAMPORREDONDO;2366;1,275,265.00;Transferencia;Indirecta;OBRA;Concluido;;;;;;;;;
42;PE;11517;PNSU;22450;2061080;MEJORAMIENTO DE LOS SISTEMAS DE AGUA POTABLE Y SISTEMAS DE SANEAMIENTO DE LAS LOCALIDADES DE CONILA - COHECHAN - LUYA;GOBIERNO REGIONAL AMAZONAS;AMAZONAS;LUYA;CONILA;1837;908,166.00;Transferencia;Indirecta;OBRA;Concluido;;;;;;;;;
43;PE;11518;PNSU;199535;2156741;AMPLIACION Y MEJORAMIENTO DEL SISTEMA DE AGUA POTABLE Y DEL SISTEMA DE ALCANTARILLADO DE LA LOCALIDAD DE LAMUD Y ANEXOS, PROVINCIA DE LUYA - AMAZONAS;MUNICIPALIDAD PROVINCIAL DE LUYA;AMAZONAS;LUYA;LAMUD;3789;6,744,365.18;Transferencia;Indirecta;OBRA;Concluido;;;;;;;;;
44;PE;11519;PNSU;4665;2026833;MEJORAMIENTO Y AMPLIACION DEL SISTEMA DE AGUA POTABLE Y ALCANTARILLADO LUYA - LAMUD;GOBIERNO REGIONAL AMAZONAS;AMAZONAS;LUYA;LAMUD;5225;3,762,609.00;Transferencia;Directa;OBRA;Concluido;;;;;;;;;
45;PE;11520;PNSU;55889;2054469;MEJORAMIENTO, AMPLIACION DEL SISTEMA DE AGUA POTABLE Y DESAGUE DE LUYA, DISTRITO DE LUYA - LUYA - AMAZONAS;MUNICIPALIDAD DISTRITAL DE LUYA;AMAZONAS;LUYA;LUYA;4902;8,837,326.81;Transferencia;Indirecta;OBRA;Concluido;;;;;;;;;
46;PE;11521;PNSU;60164;2065878;CONSTRUCCION DEL ALCANTARILLADO Y LETRINIZACION DE LUYA VIEJO, DISTRITO DE LUYA VIEJO - LUYA - AMAZONAS;MUNICIPALIDAD DISTRITAL DE DE LUYA VIEJO;AMAZONAS;LUYA;LUYA VIEJO;445;399,445.00;Transferencia;Directa;OBRA;Concluido;;;;;;;;;
47;PE;11522;PNSU;37335;2037563;MEJORAMIENTO SISTEMA INTEGRAL DE AGUA POTABLE Y ALCANTARILLADO ANEXO DE QUIZANGO, DISTRITO DE MARIA - LUYA - AMAZONAS;MUNICIPALIDAD DISTRITAL DE MARIA;AMAZONAS;LUYA;MARIA;594;440,894.00;Transferencia;Directa;OBRA;Concluido;;;;;;;;;
48;PE;11523;PNSU;18116;2024952;INSTALACION DEL SISTEMA DE ALCANTARILLADO Y TRATAMIENTO DE LAS AGUAS SERVIDAS EN EL CENTRO POBLADO MENOR QUISPE, DISTRITO DE OCALLI.;MUNICIPALIDAD DISTRITAL DE OCALLI;AMAZONAS;LUYA;OCALLI;2027;516,298.00;Transferencia;Indirecta;OBRA;Concluido;;;;;;;;;
49;PE;11524;PNSU;8780;2030276;MEJORAMIENTO Y AMPLIACION DEL SISTEMA DE ALCANTARILLADO DE LA LOCALIDAD DE OCALLI - LUYA;GOBIERNO REGIONAL AMAZONAS;AMAZONAS;LUYA;OCALLI;1175;960,934.00;Transferencia;Directa;OBRA;Concluido;;;;;;;;;
50;PE;11525;PNSU;179409;2142489;MEJORAMIENTO DEL SISTEMA DE AGUA POTABLE Y DISPOSICIÓN FINAL DE EXCRETAS EN LA LOCALIDAD DE SAN CRISTÓBAL DEL YESO, DISTRITO DE SAN FRANCISCO DEL YESO - LUYA - AMAZONAS;MUNICIPALIDAD DISTRITAL DE SAN FRANCISCO DEL YESO;AMAZONAS;LUYA;SAN FRANCISCO DEL YESO;304;652,287.20;Transferencia;Indirecta;OBRA;Concluido;;;;;;;;;
51;PE;11526;PNSU;177416;2135421;AMPLIACION Y MEJORAMIENTO DEL SISTEMA DE AGUA POTABLE Y ALCANTARILLADO DEL SECTOR ALTO DE LA LOCALIDAD DE SAN FRANCISCO DEL YESO , DISTRITO DE SAN FRANCISCO DEL YESO - LUYA - AMAZONAS;MUNICIPALIDAD DISTRITAL DE SAN FRANCISCO DEL YESO;AMAZONAS;LUYA;SAN FRANCISCO DEL YESO;382;605,535.81;Transferencia;Indirecta;OBRA;Concluido;;;;;;;;;
52;PE;11527;PNSU;162828;2118044;AMPLIACION DEL SISTEMA DE ALCANTARILLADO DEL ANEXO PUENTE SANTO TOMAS ., DISTRITO DE SANTO TOMAS - LUYA - AMAZONAS;MUNICIPALIDAD DISTRITAL DE SANTO TOMAS;AMAZONAS;LUYA;SANTO TOMAS;350;269,792.80;Transferencia;Indirecta;OBRA;Concluido;;;;;;;;;
53;PE;11528;PNSU;55698;2058716;AMPLIACION, MEJORAMIENTO DEL SISTEMA DE AGUA POTABLE Y ALCANTARILLADO DE LA LOCALIDAD DE SAN MARCOS, PROVINCIA DE RODRIGUEZ DE MENDOZA - AMAZONAS;MUNICIPALIDAD PROVINCIAL DE RODRIGUEZ DE MENDOZA;AMAZONAS;RODRIGUEZ DE MENDOZA;COCHAMAL;672;830,046.00;Transferencia;Directa;OBRA;Concluido;;;;;;;;;
54;PE;11529;PNSU;159903;2121719;CONSTRUCCION DE SISTEMA DE AGUA POTABLE Y SISTEMAS DE SANEAMIENTO DE LAS LOCALIDADES DE MONTEALEGRE, YANAPOZO, CHALLUAYACU Y NUEVA LUZ, DISTRITO DE LIMABAMBA - RODRIGUEZ DE MENDOZA - AMAZONAS, II ETAPA META: CONSTRUCCION DEL SISTEMA DE SANEAMIENTO DE LAS LOCALIDADES DE MONTE ALEGRE, YANAPOZO, CHALLUAYACU Y NUEVA LUZ;MUNICIPALIDAD DISTRITAL DE LIMABAMBA;AMAZONAS;RODRIGUEZ DE MENDOZA;LIMABAMBA;1301;5,729,646.97;Transferencia;Indirecta;OBRA;Concluido;;;;;;;;;
55;PE;11530;PNSU;11211;2030781;MEJORAMIENTO DEL SISTEMA DE AGUA POTABLE Y ALCANTARILLADO DE LA LOCALIDAD DE MARISCAL BENAVIDES;GOBIERNO REGIONAL AMAZONAS;AMAZONAS;RODRIGUEZ DE MENDOZA;MARISCAL BENAVIDES;2729;162,750.50;Transferencia;Indirecta;OBRA;Concluido;;;;;;;;;
56;PE;11531;PNSU;92758;2102084;INSTALACION DEL SITEMA DE AGUA POTABLE EN LA LOCALIDAD DE EL PORVENIR, DISTRITO DE MARISCAL BENAVIDES, PROVINCIA DE RODRIGUEZ DE MENDOZA - AMAZONAS;MUNICIPALIDAD DISTRITAL DE MARISCAL BENAVIDES;AMAZONAS;RODRIGUEZ DE MENDOZA;MARISCAL BENAVIDES;273;248,403.85;Transferencia;Indirecta;OBRA;Concluido;;;;;;;;;
57;PE;11532;PNSU;49778;2057192;MEJORAMIENTO, CONSTRUCCION DEL SISTEMA INTEGRAL DEL AGUA POTABLE Y ALCANTARILLADO DE LA LOCALIDAD DE NUEVO CHIRIMOTO, PROVINCIA DE RODRIGUEZ DE MENDOZA - AMAZONAS;MUNICIPALIDAD PROVINCIAL DE RODRIGUEZ DE MENDOZA;AMAZONAS;RODRIGUEZ DE MENDOZA;OMIA;765;287,195.00;Transferencia;Indirecta;OBRA;Concluido;;;;;;;;;
58;PE;11533;PNSU;9348;2227221;AMPLIACION Y MEJORAMIENTO DEL SISTEMA AGUA POTABLE Y LETRINIZACION PLAN GRANDE - BUENA VISTA - TINGO ALTO;GOBIERNO REGIONAL AMAZONAS;AMAZONAS;RODRIGUEZ DE MENDOZA;OMIA;200;108,629.00;Transferencia;Indirecta;OBRA;Concluido;;;;;;;;;
59;PE;11534;PNSU;52805;2065171;MEJORAMIENTO DEL SISTEMA DE AGUA POTABLE Y CONSTRUCCION DEL SISTEMA DE ALCANTARILLADO DE LAS LOCALIDADES TOCUYA, PUMAMARCA Y LA FLORIDA, PROVINCIA DE RODRIGUEZ DE MENDOZA - AMAZONAS;MUNICIPALIDAD DISTRITAL DE OMIA;AMAZONAS;RODRIGUEZ DE MENDOZA;OMIA;928;999,560.00;Transferencia;Indirecta;OBRA;Concluido;;;;;;;;;
60;PE;11535;PNSU;104934;2104736;MEJORAMIENTO Y AMPLIACION DEL SISTEMA DE AGUA POTABLE E INSTALACION DEL SISTEMA DE SANEAMIENTO DE LAS LOCALIDADES DE MASHUYACU, NUEVO CHIRIMOTO Y LA UNION - DISTRITO DE OMIA, PROVINCIA DE RODRIGUEZ DE MENDOZA - AMAZONAS;MUNICIPALIDAD PROVINCIAL DE RODRIGUEZ MENDOZA;AMAZONAS;RODRIGUEZ DE MENDOZA;OMIA;1695;4,679,681.33;Transferencia;Indirecta;OBRA;Concluido;;;;;;;;;
61;PE;11536;PNSU;54247;2058636;AMPLIACION, MEJORAMIENTO DEL SISTEMA DE AGUA POTABLE Y ALCANTARILLADO DE LA LOCALIDAD DE OMIA -DISTRITO DE OMIA, PROVINCIA DE RODRIGUEZ DE MENDOZA - AMAZONAS;MUNICIPALIDAD PROVINCIAL DE RODRIGUEZ DE MENDOZA;AMAZONAS;RODRIGUEZ DE MENDOZA;OMIA;1080;751,329.00;Transferencia;Directa;OBRA;Concluido;;;;;;;;;
62;PE;11537;PNSU;50731;2057179;REHABILITACION, AMPLIACION SISTEMA DE AGUA POTABLE, RED DE ALCANTARILADO Y CONSTRUCCION DE LA PLANTA DE TRATAMIENTO DE LAS AGUAS RESIDUALES LOCALIDAD DE SAN NICOLAS – RODRIGUEZ DE MENDOZA, PROVINCIA DE RODRIGUEZ DE MENDOZA - AMAZONAS;MUNICIPALIDAD PROVINCIAL DE RODRIGUEZ DE MENDOZA;AMAZONAS;RODRIGUEZ DE MENDOZA;SAN NICOLAS;4212;3,353,534.00;Transferencia;Indirecta;OBRA;Concluido;;;;;;;;;
63;PE;11538;PNSU;66689;2067726;CONSTRUCCION, MEJORAMIENTO DEL SISTEMA DE AGUA POTABLE Y SANEAMIENTO DE LAS LOCALIDADES DE NUEVA ESPERANZA, HUARMIACO, PARISTA, CRUZPATA, CHACAPATA, CHAUPIMONTE-NARANJO Y MITO - DISTRITO DE SAN NICOLAS, PROVINCIA DE RODRIGUEZ DE MENDOZA - AMAZONAS;MUNICIPALIDAD PROVINCIAL DE RODRIGUEZ DE MENDOZA;AMAZONAS;RODRIGUEZ DE MENDOZA;SAN NICOLAS;2050;3,975,289.00;Transferencia;Indirecta;OBRA;Concluido;;;;;;;;;
64;PE;11539;PNSU;295185;2197003;MEJORAMIENTO DE LA LINEA DE CONDUCCION Y CONSTRUCCION DE DESARENADOR, PRE FILTRO Y FILTRO LENTO DEL SISTEMA DE AGUA POTABLE EN EL DISTRITO DE SAN NICOLÁS, PROVINCIA DE RODRIGUEZ DE MENDOZA - AMAZONAS;MUNICIPALIDAD PROVINCIAL DE RODRIGUEZ DE MENDOZA - SAN NICOLAS;AMAZONAS;RODRIGUEZ DE MENDOZA;SAN NICOLAS;3670;3,138,746.09;Transferencia;Indirecta;OBRA;Concluido;;;;;;;;;
65;PE;11540;PNSU;48637;2057180;CONSTRUCCION DEL ALCANTARILLADO DE LAS LOCALIDADES DE LA PERLA, CALHUAYCO CUYPAMPA Y TOTORA, PROVINCIA DE RODRIGUEZ DE MENDOZA - AMAZONAS;MUNICIPALIDAD PROVINCIAL DE RODRIGUEZ MENDOZA;AMAZONAS;RODRIGUEZ DE MENDOZA;TOTORA;705;555,407.00;Transferencia;Indirecta;OBRA;Concluido;;;;;;;;;
66;PE;11541;PNSU;28626;2149371;MEJORAMIENTO Y AMPLIACION DEL SISTEMA DE AGUA POTABLE Y ALCANTARILLADO DEL SECTOR SAN LUIS BAGUA GRANDE;GOBIERNO REGIONAL AMAZONAS;AMAZONAS;UTCUBAMBA;BAGUA GRANDE;4225;1,930,611.00;Transferencia;Indirecta;OBRA;Concluido;;;;;;;;;
67;PE;11542;PNSU;5545;2031093;AMPLIACION Y MEJORAMIENTO DE LOS SISTEMAS DE AGUA POTABLE Y ALCANTARILLADO Y CONSTRUCCION DE PLANTA DE TRATAMIENTO DE AGUAS SERVIDAS DE LA CIUDAD DE BAGUA GRANDE;REGION AMAZONAS- GERENCIA SUB REGIONAL BAGUA ;AMAZONAS;UTCUBAMBA;BAGUA GRANDE;27507;37,966,665.14;Transferencia;Indirecta;OBRA;Concluido;;;;;;;;;
68;PE;11543;PNSU;80994;2072855;CONSTRUCCIÓN, MEJORAMIENTO, REHABILITACIÓN DEL SISTEMA DE AGUA POTABLE Y ALCANTARILLADO DE LA LOCALIDAD DE CUMBA, DISITRITO DE CUMBA - UTCUBAMBA - AMAZONAS;MUNICIPALIDAD DISTRITAL DE CUMBA;AMAZONAS;UTCUBAMBA;CUMBA;3500;2,048,595.08;Transferencia;Indirecta;OBRA;Concluido;;;;;;;;;
69;PE;11544;PNSU;143362;2121717;CONSTRUCCION DE SISTEMA DE AGUA POTABLE Y SANEAMIENTO - VISTA HERMOSA Y CASERIOS JAMALCA, DISTRITO DE JAMALCA - UTCUBAMBA - AMAZONAS;MUNICIPALIDAD DISTRITAL DE JAMALCA;AMAZONAS;UTCUBAMBA;JAMALCA;2669;7,217,970.95;Transferencia;Indirecta;OBRA;Concluido;;;;;;;;;
70;PE;11545;PNSU;226304;2226496;MEJORAMIENTO, INSTALACION DEL SISTEMA DE AGUA POTABLE Y ALCANTARILLADO EN LONYA GRANDE Y SUS CENTROS POBLADOS DE NUEVA YORK, ROBLEPAMPA, SANTA CRUZ, HUAYLLA Y YUNGAY LONYA GRANDE, DISTRITO DE LONYA GRANDE - UTCUBAMBA - AMAZONAS;MUNICIPALIDAD DISTRITAL DE LONYA GRANDE;AMAZONAS;UTCUBAMBA;LONYA GRANDE;5083;81,716,668.02;Transferencia;Indirecta;OBRA;Paralizada;;;;;;;;;
71;PE;11546;PNSU;264381;2196940;MEJORAMIENTO DE LOS SERVICIOS DE SANEAMIENTO BÁSICO DE LA CIUDAD DE CHACAS, DISTRITO DE CHACAS - PROVINCIA DE ASUNCIÓN - ANCASH;MUNICIPALIDAD PROVINCIAL DE ASUNCION - CHACAS;ANCASH;ASUNCION;CHACAS;3168;9,549,413.01;Transferencia;Indirecta;OBRA;Concluido;;;;;;;;;
72;PE;11547;PNSU;113901;2176259;MEJORAMIENTO INTEGRAL DEL SISTEMA DE AGUA POTABLE Y SANEAMIENTO DE LA CIUDAD CHIQUIÁN - ANCASH;MUNICIPALIDAD PROVINCIAL DE BOLOGNESI - CHIQUIAN ;ANCASH;BOLOGNESI;CHIQUIAN;4908;20,943,849.51;Transferencia;Indirecta;OBRA;Concluido;;;;;;;;;
73;PE;11548;PNSU;53780;2084698;MEJORAMIENTO Y AMPLIACION DE LOS SISTEMAS DE AGUA POTABLE, ALCANTARILLADO, TRATAMIENTO DE AGUAS SERVIDAS, DISTRITO DE CARHUAZ, PROVINCIA DE CARHUAZ - ANCASH;MUNICIPALIDAD PROVINCIAL DE CARHUAZ;ANCASH;CARHUAZ;CARHUAZ;8341;31,459,739.47;Transferencia;Indirecta;OBRA (SALDO);Concluido;;;;;;;;;
74;PE;11549;PNSU;69368;2068639;MEJORAMIENTO, AMPLIACION DEL SISTEMA DE DESAGUE DEL CENTRO POBLADO DE BUENAVISTA ALTA, DISTRITO DE BUENA VISTA ALTA - CASMA - ANCASH;MUNICIPALIDAD DISTRITAL DE BUENAVISTA ALTA;ANCASH;CASMA;BUENA VISTA ALTA;735;1,251,781.00;Transferencia;Indirecta;OBRA;Concluido;;;;;;;;;
75;PE;11550;PNSU;69293;2068611;AMPLIACION DEL SISTEMA DE DESAGUE DE LA COMUNIDAD CAMPESINA DE HUANCHUY, DISTRITO DE BUENA VISTA ALTA - CASMA - ANCASH;MUNICIPALIDAD DISTRITAL DE BUENAVISTA ALTA;ANCASH;CASMA;BUENA VISTA ALTA;1105;1,244,809.00;Transferencia;Indirecta;OBRA;Concluido;;;;;;;;;
76;PE;11551;PNSU;123780;2102194;MEJORAMIENTO Y REHABILITACION DEL SISTEMA DE AGUA POTABLE DE BUENAVISTA ALTA, DISTRITO DE BUENA VISTA ALTA CASMA - ANCASH;MUNICIPALIDAD DISTRITAL DE BUENAVISTA ALTA;ANCASH;CASMA;BUENA VISTA ALTA;1935;1,668,276.45;Transferencia;Indirecta;OBRA;Concluido;;;;;;;;;
77;PE;11552;PNSU;81564;2073073;INSTALACION DE LINEA EMISORA Y REUBICACION DE LA PLANTA DE TRATAMIENTO DE AGUAS SERVIDAS DE LA CIUDAD CASMA, PROVINCIA DE CASMA - ANCASH;MUNICIPALIDAD PROVINCIAL DE CASMA;ANCASH;CASMA;CASMA;27866;11,579,231.66;Transferencia;Indirecta;OBRA (Expediente Saldo);Convenio Resuelto;;;;;;;;;
78;PE;11553;PNSU;95996;2077830;INSTALACION DEL SISTEMA DE ALCANTARILLADO DE LOS CENTROS POBLADOS SAN DIEGO-EL ESTABLO-SANTA CRISTINA, DISTRITO DE COMANDANTE NOEL - CASMA - ANCASH;MUNICIPALIDAD DISTRITAL DE COMANDANTE NOEL;ANCASH;CASMA;COMANDANTE NOEL;1791;5,844,439.00;Transferencia;Indirecta;OBRA;Concluido;;;;;;;;;
79;PE;11554;PNSU;61503;2066116;INSTALACION DEL SISTEMA DE DESAGUE EN EL PUERTO CASMA Y EL BARRIO PIURA, DISTRITO DE COMANDANTE NOEL - CASMA - ANCASH;MUNICIPALIDAD DISTRITAL DE COMANDANTE NOEL;ANCASH;CASMA;COMANDANTE NOEL;1025;4,315,568.00;Transferencia;Directa;OBRA;Concluido;;;;;;;;;
80;PE;11555;PNSU;58094;2065644;MEJORAMIENTO DEL SISTEMA DE AGUA POTABLE EN EL DISTRITO DE YAUTAN, DISTRITO DE YAUTAN - CASMA - ANCASH;MUNICIPALIDAD DISTRITAL DE YAUTAN;ANCASH;CASMA;YAUTAN;3150;661,419.00;Transferencia;Indirecta;OBRA;Concluido;;;;;;;;;
81;PE;11556;PNSU;58091;2065643;MEJORAMIENTO DEL SISTEMA DE DESAGUE EN EL DISTRITO DE YAUTAN, DISTRITO DE YAUTAN - CASMA - ANCASH;MUNICIPALIDAD DISTRITAL DE YAUTAN;ANCASH;CASMA;YAUTAN;3150;2,757,156.00;Transferencia;Indirecta;OBRA;Concluido;;;;;;;;;
82;PE;11557;PNSU;80315;2072632;MEJORAMIENTO SISTEMA DE AGUA POTABLE Y ALCANTARILLADO CHIPRE CHACRAPETI PAMPAP HUARAZ ANCASH, DISTRITO DE COCHABAMBA - HUARAZ - ANCASH;MUNICIPALIDAD DISTRITAL DE COCHABAMBA;ANCASH;HUARAZ;COCHABAMBA;207;1,588,813.00;Transferencia;Indirecta;OBRA;Concluido;;;;;;;;;
83;PE;11558;PNSU;49826;2091751;RENOVACIÓN DE REDES SECUNDARIAS DEL SISTEMA DE AGUA POTABLE DE LA CIUDAD DE HUARAZ - ANCASH.;MUNICIPALIDAD PROVINCIAL DE HUARAZ;ANCASH;HUARAZ;HUARAZ;68330;14,152,498.63;Transferencia;Indirecta;OBRA;Paralizada;;;;;;;;;
84;PE;11559;PNSU;19133;2030715;CONSTRUCCION DE CAPTACION,TRASVASE Y LINEA DE CONDUCCION DE LA CAPTACION PARIA- CAPTACION COYLLUR;ENTIDAD PRESTADORA DE SERVICIOS DE SANEAMIENTO CHAVIN S.A.;ANCASH;HUARAZ;HUARAZ;85457;1,572,059.00;Transferencia;Directa;OBRA;Concluido;;;;;;;;;
85;PE;11560;PNSU;8413;2019386;AMPLIACION Y MEJORAMIENTO DEL SISTEMA DE ABASTECIMIENTO DE AGUA POTABLE Y ALCANTARILLADO DE HUANCHAC;MUNICIPALIDAD PROVINCIAL DE HUARAZ;ANCASH;HUARAZ;INDEPENDENCIA;1975;1,999,860.00;Transferencia;Indirecta;OBRA;Concluido;;;;;;;;;
86;PE;11561;PNSU;7568;2107957;MEJORAMIENTO Y AMPLIACIÓN DEL SISTEMA DE ABASTECIMIENTO DE AGUA POTABLE Y ALCANTARILLADO EN LA CIUDAD DE HUARMEY - HUARMEY - ANCASH;MUNICIPALIDAD PROVINCIAL DE HUARMEY;ANCASH;HUARMEY;HUARMEY;14975;17,024,039.83;Transferencia;Indirecta;OBRA;Concluido;;;;;;;;;
87;PE;11562;PNSU;70525;2069058;MEJORAMIENTO Y CONSTRUCCION DEL SISTEMA DE AGUA Y ALCANTARILLADO SANITARIO DE LOS SECTORES DE NUEVA VICTORIA, CONCHUP Y LLACTA DE LA CAMPIÑA DE LA CIUDAD DE CARAZ , PROVINCIA DE HUAYLAS - ANCASH;MUNICIPALIDAD PROVINCIAL DE HUAYLAS;ANCASH;HUAYLAS;CARAZ;2032;3,963,185.80;Transferencia;Indirecta;OBRA;Concluido;;;;;;;;;
88;PE;11563;PNSU;7635;2028948;MEJORAMIENTO DEL SISTEMA DE TRATAMIENTO DE AGUA POTABLE DE LA LOCALIDAD DE CARAZ;ENTIDAD PRESTADORA DE SERVICIOS DE SANEAMIENTO CHAVIN S.A.;ANCASH;HUAYLAS;CARAZ;13392;1,409,802.00;Transferencia;Directa;OBRA;Concluido;;;;;;;;;
89;PE;11564;PNSU;264495;2235046;MEJORAMIENTO DEL SISTEMA DE AGUA POTABLE Y ALCANTARILLADO SANITARIO DEL CASCO URBANO DE LA CIUDAD DE CARAZ, DISTRITO DE CARAZ, PROVINCIA DE HUAYLAS - ANCASH;MUNICIPALIDAD PROVINCIAL DE HUAYLAS - CARAZ;ANCASH;HUAYLAS;CARAZ;19780;79,672,897.13;Transferencia;Indirecta;OBRA (SALDO);Convenio Resuelto;;;;;;;;;
90;PE;11565;PNSU;147732;2128580;MEJORAMIENTO Y AMPLIACIÓN DE LOS SISTEMAS DE AGUA Y ALCANTARILLADO DEL C.P HUARIPAMPA , DISTRITO DE SANTA CRUZ, PROVINCIA DE HUAYLAS - ANCASH;MUNICIPALIDAD DISTRITAL DE SANTA CRUZ;ANCASH;HUAYLAS;SANTA CRUZ;1476;5,085,907.00;Transferencia;Indirecta;OBRA;Concluido;;;;;;;;;
91;PE;11566;PNSU;147727;2125268;INSTALACION DEL SISTEMA DE ALCANTARILLADO DE LOS CASERIOS HUANCARHUAZ, CASHAPAMPA, CUNCASH, QUINUANYA Y COLCAS DEL DISTRITO DE SANTA CRUZ, PROVINCIA DE HUAYLAS - ANCASH;MUNICIPALIDAD DISTRITAL DE SANTA CRUZ;ANCASH;HUAYLAS;SANTA CRUZ;1500;5,974,743.00;Transferencia;Indirecta;OBRA;Concluido;;;;;;;;;
92;PE;11567;PNSU;16837;2025709;MEJORAMIENTO Y AMPLIACION DEL SISTEMA DE AGUA POTABLE Y ALCANTARILLADO DE LA LOCALIDAD DE BOLOGNESI;MUNICIPALIDAD PROVINCIAL DE PALLASCA;ANCASH;PALLASCA;BOLOGNESI;595;1,295,098.00;Transferencia;Indirecta;OBRA;Concluido;;;;;;;;;
93;PE;11568;PNSU;16768;2025710;MEJORAMIENTO Y AMPLIACION DEL SISTEMA DE AGUA POTABLE Y ALCANTARILLADO DE LA LOCALIDAD DE FERRER;MUNICIPALIDAD PROVINCIAL DE PALLASCA;ANCASH;PALLASCA;BOLOGNESI;884;1,104,127.00;Transferencia;Indirecta;OBRA;Concluido;;;;;;;;;
94;PE;11569;PNSU;17191;2019411;MEJORAMIENTO Y AMPLIACION DEL SISTEMA DE AGUA POTABLE Y ALCANTARILLADO DE LA LOCALIDAD DE CABANA;MUNICIPALIDAD PROVINCIAL DE PALLASCA;ANCASH;PALLASCA;CABANA;2903;1,929,714.00;Transferencia;Indirecta;OBRA;Concluido;;;;;;;;;
95;PE;11570;PNSU;166967;2147842;MEJORAMIENTO DEL SISTEMA DE AGUA POTABLE SAN PEDRO DISTRITO DE CABANA, PROVINCIA DE PALLASCA - ANCASH;MUNICIPALIDAD PROVINCIAL DE PALLASCA;ANCASH;PALLASCA;CABANA;625;949,581.12;Transferencia;Directa;OBRA;Concluido;;;;;;;;;
96;PE;11571;PNSU;17207;2023124;MEJORAMIENTO Y AMPLIACION DEL SISTEMA DE AGUA POTABLE Y ALCANTARILLADO DE LA LOCALIDAD DE CONCHUCOS;MUNICIPALIDAD PROVINCIAL DE PALLASCA - CABANA;ANCASH;PALLASCA;CONCHUCOS;2881;3,073,711.34;Transferencia;Indirecta;OBRA;Paralizada;;;;;;;;;
97;PE;11572;PNSU;25086;2037377;MEJORAMIENTO DEL SISTEMA DE AGUA POTABLE Y ALCANTARILLADO EN EL DISTRITO DE HUANDOVAL;MUNICIPALIDAD DISTRITAL DE HUANDOVAL;ANCASH;PALLASCA;HUANDOVAL;2345;2,031,896.00;Transferencia;Indirecta;OBRA;Concluido;;;;;;;;;
98;PE;11573;PNSU;20166;2025700;MEJORAMIENTO Y AMPLIACION DE LOS SISTEMAS DE AGUA POTABLE Y ALCANTARILLADO DEL DISTRITO DE LACABAMBA;MUNICIPALIDAD DISTRITAL DE LACABAMBA;ANCASH;PALLASCA;LACABAMBA;1281;821,249.00;Transferencia;Indirecta;OBRA;Concluido;;;;;;;;;
99;PE;11574;PNSU;17787;2019410;MEJORAMIENTO Y AMPLIACION DE LOS SISTEMAS DE AGUA POTABLE Y ALCANTARILLADO DEL DISTRITO DE LLAPO;MUNICIPALIDAD DISTRITAL DE LLAPO;ANCASH;PALLASCA;LLAPO;926;843,490.00;Transferencia;Indirecta;OBRA;Concluido;;;;;;;;;
100;PE;11575;PNSU;20232;2023126;MEJORAMIENTO Y AMPLIACION DEL SISTEMA DE AGUA POTABLE Y ALCANTARILLADO DE LA LOCALIDAD DE PALLASCA;MUNICIPALIDAD PROVINCIAL DE PALLASCA;ANCASH;PALLASCA;PALLASCA;2128;1,892,408.00;Transferencia;Indirecta;OBRA;Concluido;;;;;;;;;
101;PE;11576;PNSU;20422;2025634;MEJORAMIENTO DEL SISTEMA DE AGUA POTABLE Y ALCANTARILLADO DE LA LOCALIDAD DE SANTA ROSA;MUNICIPALIDAD DISTRITAL DE SANTA ROSA;ANCASH;PALLASCA;SANTA ROSA;1021;584,566.00;Transferencia;Indirecta;OBRA;Concluido;;;;;;;;;
102;PE;11577;PNSU;20426;2023125;MEJORAMIENTO Y AMPLIACION DEL SISTEMA DE AGUA POTABLE Y ALCANTARILLADO DE LA LOCALIDAD DE TAUCA;MUNICIPALIDAD PROVINCIAL DE PALLASCA;ANCASH;PALLASCA;TAUCA;2795;1,331,813.00;Transferencia;Indirecta;OBRA;Concluido;;;;;;;;;
103;PE;11578;PNSU;48517;2047399;AMPLIACION Y MEJORAMIENTO DEL SISTEMA DE AGUA POTABLE, CONSTRUCCION DEL SISTEMA DE ALCANTARILLADO Y DISPOSICION SANITARIA DE EXCRETAS DEL CENTRO POBLADO MENOR DE HUALALAY, PROVINCIA DE PALLASCA - ANCASH;MUNICIPALIDAD DISTRITAL DE TAUCA;ANCASH;PALLASCA;TAUCA;663;1,613,780.61;Transferencia;Directa;OBRA;Concluido;;;;;;;;;
104;PE;11579;PNSU;115421;2128616;MEJORAMIENTO Y AMPLIACIÓN DEL SISTEMA DE SANEAMIENTO BASICO DE LA CIUDAD DE RECUAY, PROVINCIA DE RECUAY - ANCASH;MUNICIPALIDAD PROVINCIAL DE RECUAY;ANCASH;RECUAY;RECUAY;3038;14,750,726.35;Transferencia;Indirecta;OBRA;Concluido;;;;;;;;;
105;PE;11580;PNSU;315979;2261034;MEJORAMIENTO, AMPLIACION DEL SISTEMA DE SANEAMIENTO INTEGRAL DE LA ZONA URBANA DE TICAPAMPA, DISTRITO DE TICAPAMPA - RECUAY - ANCASH;MUNICIPALIDAD DISTRITAL DE TICAPAMPA;ANCASH;RECUAY;TICAPAMPA;2810;9,520,436.09;Transferencia;Indirecta;OBRA;Concluido;;;;;;;;;
106;PE;11581;PNSU;78033;2071768;MEJORAMIENTO Y AMPLIACION DEL SISTEMA DE ABASTECIMIENTO DE AGUA POTABLE Y ALCANTARILLADO Y PLANTA DE TRATAMIENTO DE AGUAS RESIDUALES EN EL C.P. SALITRE, DISTRITO DE CACERES DEL PERU - SANTA - ANCASH;MUNICIPALIDAD DISTRITAL DE CACERES DEL PERU;ANCASH;SANTA;CACERES DEL PERU;328;1,717,435.00;Transferencia;Indirecta;OBRA;Concluido;;;;;;;;;
107;PE;11582;PNSU;77866;2071717;MEJORAMIENTO Y AMPLIACION DEL SISTEMA DE ABASTECIMIENTO DE AGUA POTABLE DE LA CIUDAD DE JIMBE, DISTRITO DE CACERES DEL PERU - SANTA - ANCASH;MUNICIPALIDAD DISTRITAL DE CACERES DEL PERU;ANCASH;SANTA;CACERES DEL PERU;2213;3,513,909.00;Transferencia;Indirecta;OBRA;Concluido;;;;;;;;;
108;PE;11583;PNSU;86645;2074996;REHABILITACION Y AMPLIACION DEL SISTEMA GENERAL DE ALCANTARILLADO Y LAGUNA DE OXIDACION DE LA CIUDAD DE JIMBE, DISTRITO DE CACERES DEL PERU - SANTA - ANCASH;MUNICIPALIDAD DISTRITAL DE CACERES DEL PERU;ANCASH;SANTA;CACERES DEL PERU;2213;5,842,481.00;Transferencia;Indirecta;OBRA;Concluido;;;;;;;;;
109;PE;11584;PNSU;68955;2068479;MEJORAMIENTO DEL SISTEMA DE DESAGUE EN EL SECTOR I DE CHIMBOTE, PROVINCIA DE SANTA - ANCASH;MUNICIPALIDAD PROVINCIAL DE SANTA;ANCASH;SANTA;CHIMBOTE;14064;21,545,631.00;Transferencia;Indirecta;OBRA;Concluido;;;;;;;;;
110;PE;11585;PNSU;69761;2068801;MEJORAMIENTO DEL SISTEMA DE DESAGÜE EN EL SECTOR II DE CHIMBOTE, PROVINCIA DE SANTA - ANCASH;MUNICIPALIDAD PROVINCIAL DE SANTA;ANCASH;SANTA;CHIMBOTE;3332;3,528,943.80;Transferencia;Indirecta;OBRA;Concluido;;;;;;;;;
111;PE;11586;PNSU;70398;2069000;MEJORAMIENTO DEL SISTEMA DE AGUA POTABLE Y DESAGÜE EN EL SECTOR III DE CHIMBOTE, PROVINCIA DE SANTA - ANCASH;MUNICIPALIDAD PROVINCIAL DE SANTA;ANCASH;SANTA;CHIMBOTE;9490;14,853,793.00;Transferencia;Indirecta;OBRA;Concluido;;;;;;;;;
112;PE;11587;PNSU;70846;2069161;MEJORAMIENTO DEL SISTEMA DE AGUA POTABLE Y DESAGÜE EN EL SECTOR IV DE CHIMBOTE, PROVINCIA DE SANTA - ANCASH;MUNICIPALIDAD PROVINCIAL DE SANTA;ANCASH;SANTA;CHIMBOTE;12650;10,538,466.00;Transferencia;Indirecta;OBRA;Concluido;;;;;;;;;
113;PE;11588;PNSU;70517;2069054;MEJORAMIENTO DEL SISTEMA DE AGUA POTABLE Y DESAGÜE EN EL SECTOR V DE CHIMBOTE, PROVINCIA DE SANTA - ANCASH;MUNICIPALIDAD PROVINCIAL DE SANTA;ANCASH;SANTA;CHIMBOTE;10945;13,511,832.01;Transferencia;Indirecta;OBRA;Concluido;;;;;;;;;
114;PE;11589;PNSU;46782;2054979;MEJORAMIENTO DEL SISTEMA DE EVACUACION FINAL - AREA DE DESCARGA SECTOR SAN PEDRO Y PALACIOS;EMPRESA DE SERVICIOS DE AGUA POTABLE Y ALCANTARILLADO DE CHIMBOTE, CASMA Y HUARMEY;ANCASH;SANTA;CHIMBOTE;115550;1,904,320.00;Transferencia;Indirecta;OBRA;Concluido;;;;;;;;;
115;PE;11590;PNSU;49853;2054977;MEJORAMIENTO Y CAMBIO DE TRAZO DEL EMISOR AV. INDUSTRIAL TRAMO OVALO SAN PEDRO HASTA CAMARA DE BOMBEO SAN PEDRO, PROVINCIA DE SANTA - ANCASH;EMPRESA DE SERVICIOS DE AGUA POTABLE Y ALCANTARILLADO DE CHIMBOTE, CASMA Y HUARMEY;ANCASH;SANTA;CHIMBOTE;35780;4,803,340.00;Transferencia;Indirecta;OBRA;Concluido;;;;;;;;;
116;PE;11591;PNSU;36430;2037156;MEJORAMIENTO DEL CAMBIO DE COLECTOR DE LAS MANZANAS F,G,H, EN LA CALLE TAHUANTINSUYO- P.J. DOS DE JUNIO, PROVINCIA DE SANTA - ANCASH;MUNICIPALIDAD PROVINCIAL DE SANTA;ANCASH;SANTA;CHIMBOTE;180;68,962.00;Transferencia;Indirecta;OBRA;Concluido;;;;;;;;;
117;PE;11592;PNSU;44787;2053821;MEJORAMIENTO DEL SISTEMA DE AGUA POTABLE Y DESAGUE EN EL CENTRO POBLADO TAMBO REAL NUEVO, PROVINCIA DE SANTA - ANCASH;MUNICIPALIDAD PROVINCIAL DE SANTA;ANCASH;SANTA;CHIMBOTE;1,560;3,475,141;Transferencia;Indirecta;OBRA;Concluido;;;;;;;;;
118;PE;11593;PNSU;37351;2037422;MEJORAMIENTO DEL SISTEMA DE DESAGUE EN EL AA.HH. SAN ISIDRO, PROVINCIA DE SANTA - ANCASH;EMPRESA DE SERVICIOS DE AGUA POTABLE Y ALCANTARILLADO DE CHIMBOTE, CASMA Y HUARMEY;ANCASH;SANTA;CHIMBOTE;2,309;521570;Transferencia;Directa;OBRA;Concluido;;;;;;;;;
119;PE;11594;PNSU;45736;2053856;MEJORAMIENTO DEL SISTEMA DE DESAGUE EN EL A.H MIRAFLORES III ZONA SECTOR 42, PROVINCIA DE SANTA - ANCASH;EMPRESA DE SERVICIOS DE AGUA POTABLE Y ALCANTARILLADO DE CHIMBOTE, CASMA Y HUARMEY;ANCASH;SANTA;CHIMBOTE;1,866;999,702;Transferencia;Directa;OBRA;Concluido;;;;;;;;;
120;PE;11595;PNSU;48625;2058731;MEJORAMIENTO DEL SISTEMA DE DESAGUE EN EL P.J. LA LIBERTAD, PROVINCIA SANTA - ANCASH;EMPRESA DE SERVICIOS DE AGUA POTABLE Y ALCANTARILLADO DE CHIMBOTE, CASMA Y HUARMEY;ANCASH;SANTA;CHIMBOTE;3,005;1,856,165;Transferencia;Directa;OBRA;Concluido;;;;;;;;;
121;PE;11596;PNSU;60542;2058730;INSTALACION DE MICRO MEDIDORES EN LOS DISTRITOS DE CHIMBOTE Y NUEVO CHIMBOTE - PROVINCIA DEL SANTA - ANCASH;EMPRESA DE SERVICIOS DE AGUA POTABLE Y ALCANTARILLADO DE CHIMBOTE, CASMA Y HUARMEY;ANCASH;SANTA;CHIMBOTE;55,185;2,012,668;Transferencia;Directa;OBRA;Concluido;;;;;;;;;
122;PE;11597;PNSU;60213;2058729;INSTLACION DE VALVULAS DE PURGA DE AIRE CHIMBOTE Y NUEVO CHIMBOTE PROVINCIA DEL SANTA - ANCASH;EMPRESA DE SERVICIOS DE AGUA POTABLE Y ALCANTARILLADO DE CHIMBOTE, CASMA Y HUARMEY;ANCASH;SANTA;CHIMBOTE;367,835;627778;Transferencia;Directa;OBRA;Concluido;;;;;;;;;
123;PE;11598;PNSU;175128;2138816;CONSTRUCCION DEL RESERVORIO APOYADO R5 DE AGUA POTABLE DE LA CIUDAD DE COISHCO, DISTRITO DE COISHCO - SANTA - ANCASH;MUNICIPALIDAD DISTRITAL DE COISHCO;ANCASH;SANTA;COISHCO;2,534;2,248,176.97;Transferencia;Indirecta;OBRA;Concluido;;;;;;;;;
124;PE;11599;PNSU;212391;2157471;INSTALACION DEL SISTEMA DE AGUA POTABLE Y ALCANTARILLADO DEL AA.HH. NUEVO MORO Y EL ARENAL DEL DISTRITO DE MORO , SANTA-ANCASH;MUNICIPALIDAD DISTRITAL DE MORO;ANCASH;SANTA;MORO;4,905;8,894,459.75;Transferencia;Indirecta;OBRA;Concluido;;;;;;;;;
125;PE;11600;PNSU;47768;2064727;MEJORAMIENTO, AMPLIACION DEL SISTEMA DE AGUA POTABLE Y ALCANTARILLADO CENTRO POBLADO DE SAN JACINTO, DISTRITO DE NEPENA - SANTA - ANCASH;MUNICIPALIDAD DISTRITAL DE NEPEÑA;ANCASH;SANTA;NEPEÑA;9,095;16,262,962.00;Transferencia;Indirecta;OBRA;Concluido;;;;;;;;;
126;PE;11601;PNSU;186442;2178813;MEJORAMIENTO DEL SISTEMA DE AGUA POTABLE Y DESAGUE Y CONSTRUCCION DEL RESERVORIO VIII-B, DE LA H.U.P. NICOLAS GARATEA DEL DISTRITO DE NUEVO CHIMBOTE - PROVINCIA DEL SANTA - ANCASH;MUNICIPALIDAD PROVINCIAL DE SANTA;ANCASH;SANTA;NUEVO CHIMBOTE;20,095;19,637,497.25;Transferencia;Indirecta;OBRA;Concluido;;;;;;;;;
127;PE;11602;PNSU;44919;2054978;MEJORAMIENTO DEL SISTEMA DE EVACUACION FINAL - SIFON INVETRTIDO LOS PELICANOS, PROVINCIA DE SANTA - ANCASH;EMPRESA DE SERVICIOS DE AGUA POTABLE Y ALCANTARILLADO DE CHIMBOTE, CASMA Y HUARMEY;ANCASH;SANTA;NUEVO CHIMBOTE;65993;2654396;Transferencia;Indirecta;OBRA;Concluido;;;;;;;;;
128;PE;11603;PNSU;38403;2041403;MEJORAMIENTO Y CAMBIO DE COLECTORES H.U.P. VILLA MARCELA, DISTRITO DE NUEVO CHIMBOTE - SANTA - ANCASH;MUNICIPALIDAD DISTRITAL DE NUEVO CHIMBOTE;ANCASH;SANTA;NUEVO CHIMBOTE;450;429383.61;Transferencia;Directa;OBRA;Concluido;;;;;;;;;
129;PE;11604;PNSU;45350;2043964;CONSTRUCCION DEL SISTEMA DE ALCANTARILLADO EN PUEBLO JOVEN LAS DELICIAS, DISTRITO DE NUEVO CHIMBOTE - SANTA - ANCASH;MUNICIPALIDAD DISTRITAL DE NUEVO CHIMBOTE;ANCASH;SANTA;NUEVO CHIMBOTE;5454;3391726.35;Transferencia;Directa;OBRA;Concluido;;;;;;;;;
130;PE;11605;PNSU;44577;2041011;MEJORAMIENTO DEL SISTEMA DE COLECTORES EN PPAO, DISTRITO DE NUEVO CHIMBOTE - SANTA - ANCASH;MUNICIPALIDAD DISTRITAL DE NUEVO CHIMBOTE;ANCASH;SANTA;NUEVO CHIMBOTE;2430;1095793.55;Transferencia;Directa;OBRA;Concluido;;;;;;;;;
131;PE;11606;PNSU;45354;2041014;MEJORAMIENTO DEL SISTEMA DE ALCANTARILLADO EN COLECTOR PRINCIPAL AVENIDA LA MARINA, DISTRITO DE NUEVO CHIMBOTE - SANTA - ANCASH;MUNICIPALIDAD DISTRITAL DE NUEVO CHIMBOTE;ANCASH;SANTA;NUEVO CHIMBOTE;19516;1882426.39;Transferencia;Directa;OBRA;Concluido;;;;;;;;;
132;PE;11607;PNSU;45349;2046787;CONSTRUCCION DEL SISTEMA DE AGUA POTABLE EN PUEBLO JOVEN LAS DELICIAS, DISTRITO DE NUEVO CHIMBOTE - SANTA - ANCASH;MUNICIPALIDAD DISTRITAL DE NUEVO CHIMBOTE;ANCASH;SANTA;NUEVO CHIMBOTE;5472;1367505.93;Transferencia;Directa;OBRA;Concluido;;;;;;;;;
133;PE;11608;PNSU;38774;2041009;MEJORAMIENTO Y CAMBIO DE COLECTORES DE PUEBLO JOVEN 3 DE OCTUBRE, DISTRITO DE NUEVO CHIMBOTE - SANTA - ANCASH;MUNICIPALIDAD DISTRITAL DE NUEVO CHIMBOTE;ANCASH;SANTA;NUEVO CHIMBOTE;2958;2042135.53;Transferencia;Directa;OBRA;Concluido;;;;;;;;;
134;PE;11609;PNSU;29858;2028101;MEJORAMIENTO DE LAS REDES DE ALCANTARILLADO DE LAS PRINCIPALES CALLES DEL PUEBLO JOVEN VILLAMARIA DEL DISTRITO DE NUEVO CHIMBOTE;MUNICIPALIDAD DISTRITAL DE NUEVO CHIMBOTE;ANCASH;SANTA;NUEVO CHIMBOTE;9254;1744048.05;Transferencia;Directa;OBRA;Concluido;;;;;;;;;
135;PE;11610;PNSU;38353;2041007;MEJORAMIENTO Y CAMBIO DE COLECTORES PUEBLO JOVEN PRIMERO DE MAYO, DISTRITO DE NUEVO CHIMBOTE - SANTA - ANCASH;MUNICIPALIDAD DISTRITAL DE NUEVO CHIMBOTE;ANCASH;SANTA;NUEVO CHIMBOTE;2988;1538956.14;Transferencia;Directa;OBRA;Concluido;;;;;;;;;
136;PE;11611;PNSU;55828;2053771;MEJORAMIENTO DEL SISTEMA DE AGUA POTABLE EN P.J. VILLA MARIA , DISTRITO DE NUEVO CHIMBOTE - SANTA - ANCASH;MUNICIPALIDAD DISTRITAL DE NUEVO CHIMBOTE;ANCASH;SANTA;NUEVO CHIMBOTE;9114;3938793.52;Transferencia;Directa;OBRA;Concluido;;;;;;;;;
137;PE;11612;PNSU;26814;2030574;MEJORAMIENTO DE LA RED DE ALCANTARILLADO DEL PJ DE VILLAMARIA DEL DISTRITO DE NUEVO CHIMBOTE;MUNICIPALIDAD DISTRITAL DE NUEVO CHIMBOTE;ANCASH;SANTA;NUEVO CHIMBOTE;7036;1106722.5;Transferencia;Directa;OBRA;Concluido;;;;;;;;;
138;PE;11613;PNSU;45351;2050350;CONSTRUCCION DEL SISTEMA DE ALCANTARILLADO EN PUEBLO JOVEN BELLA VISTA, DISTRITO DE NUEVO CHIMBOTE - SANTA - ANCASH;MUNICIPALIDAD DISTRITAL DE NUEVO CHIMBOTE;ANCASH;SANTA;NUEVO CHIMBOTE;1932;4701935.32;Transferencia;Directa;OBRA;Concluido;;;;;;;;;
139;PE;11614;PNSU;45352;2050270;CONSTRUCCION DEL SISTEMA DE AGUA POTABLE DEL PUEBLO JOVEN BELLA VISTA, DISTRITO DE NUEVO CHIMBOTE - SANTA - ANCASH;MUNICIPALIDAD DISTRITAL DE NUEVO CHIMBOTE;ANCASH;SANTA;NUEVO CHIMBOTE;1932;2778894.83;Transferencia;Directa;OBRA;Concluido;;;;;;;;;
140;PE;11615;PNSU;230587;2225352;MEJORAMIENTO DEL SISTEMA DE AGUA POTABLE Y ALCANTARILLADO SANITARIO DE LA ZONA URBANA II, DISTRITO DE NUEVO CHIMBOTE - SANTA - ANCASH;MUNICIPALIDAD DISTRITAL DE NUEVO CHIMBOTE;ANCASH;SANTA;NUEVO CHIMBOTE;7170;10329700.14;Transferencia;Indirecta;OBRA;Concluido;;;;;;;;;
141;PE;11616;PNSU;230592;2225353;MEJORAMIENTO DEL SISTEMA DE AGUA POTABLE Y ALCANTARILLADO SANITARIO DE LA ZONA URBANA III, DISTRITO DE NUEVO CHIMBOTE - SANTA - ANCASH;MUNICIPALIDAD DISTRITAL DE NUEVO CHIMBOTE;ANCASH;SANTA;NUEVO CHIMBOTE;6045;1;Transferencia;Indirecta;OBRA;Concluido;;;;;;;;;
142;PE;11617;PNSU;52009;2065118;MEJORAMIENTO DEL SISTEMA DE AGUA POTABLE Y ALCANTARILLADO DEL CENTRO POBLADO HUAMBACHO LA HUACA, DISTRITO DE SAMANCO - SANTA - ANCASH;MUNICIPALIDAD DISTRITAL DE SAMANCO;ANCASH;SANTA;SAMANCO;1140;1773645;Transferencia;Indirecta;OBRA;Concluido;;;;;;;;;
143;PE;11618;PNSU;51982;2065116;CONSTRUCCION DEL SISTEMA DE ALCANTARILLADO DEL CENTRO POBLADO LOS CHIMUS, DISTRITO DE SAMANCO - SANTA - ANCASH;MUNICIPALIDAD DISTRITAL DE SAMANCO;ANCASH;SANTA;SAMANCO;775;648661;Transferencia;Indirecta;OBRA;Concluido;;;;;;;;;
144;PE;11619;PNSU;63883;2066940;INSTALACION DE POZO TUBULAR, RESERVORIO, LINEA DE IMPULSION Y ADUCCION, PARA EL MEJORAMIENTO DEL SISTEMA DE AGUA POTABLE DEL CENTRO POBLADO SAMANCO, DISTRITO DE SAMANCO - SANTA - ANCASH;MUNICIPALIDAD DISTRITAL DE SAMANCO;ANCASH;SANTA;SAMANCO;5540;2534016;Transferencia;Indirecta;OBRA;Concluido;;;;;;;;;
145;PE;11620;PNSU;40119;2053769;MEJORAMIENTO DEL SISTEMA DE AGUA POTABLE EN EL CENTRO POBLADO DE SAMANCO, PROVINCIA DE SANTA - ANCASH;MUNICIPALIDAD DISTRITAL DE SAMANCO;ANCASH;SANTA;SAMANCO;4791;1522906;Transferencia;Indirecta;OBRA;Concluido;;;;;;;;;
146;PE;11621;PNSU;93995;2077438;MEJORAMIENTO DEL SISTEMA DE AGUA POTABLE Y ALCANTARILLADO DEL CENTRO POBLADO DE HUAMBACHO EL ARENAL Y AA.HH SANTA ROSA, DISTRITO DE SAMANCO - SANTA - ANCASH;MUNICIPALIDAD DISTRITAL DE SAMANCO;ANCASH;SANTA;SAMANCO;690;2861224.28;Transferencia;Indirecta;OBRA;Concluido;;;;;;;;;
147;PE;11622;PNSU;40105;2053848;MEJORAMIENTO DEL SISTEMA DE DESAGUE EN EL CENTRO POBLADO DE SAMANCO, PROVINCIA DE SANTA - ANCASH;MUNICIPALIDAD DISTRITAL DE SAMANCO;ANCASH;SANTA;SAMANCO;4791;1944647;Transferencia;Directa;OBRA;Concluido;;;;;;;;;
148;PE;11623;PNSU;61676;2066174;MEJORAMIENTO DEL SISTEMA GENERAL DE ALCANTARILLADO DEL C.P. SAN CARLOS - SAN DIONICIO, DISTRITO DE SANTA - SANTA - ANCASH;MUNICIPALIDAD DISTRITAL DE SANTA;ANCASH;SANTA;SANTA;4731;2201527;Transferencia;Indirecta;OBRA;Concluido;;;;;;;;;
149;PE;11624;PNSU;51338;2065041;CONSTRUCCION DEL SISTEMA DE ALCANTARILLADO Y TRATAMIENTO DE AGUAS RESIDUALES DEL C.P ALTO PERU, DISTRITO DE SANTA - SANTA - ANCASH;MUNICIPALIDAD DISTRITAL DE SANTA;ANCASH;SANTA;SANTA;1350;1073206;Transferencia;Indirecta;OBRA;Concluido;;;;;;;;;
150;PE;11625;PNSU;85543;2074608;REHABILITACION DEL SISTEMA GENERAL DE ALCANTARILLADO DEL C.P. TAMBO REAL HISTORICO, DISTRITO DE SANTA - SANTA - ANCASH;MUNICIPALIDAD DISTRITAL DE SANTA;ANCASH;SANTA;SANTA;1494;932306;Transferencia;Indirecta;OBRA;Concluido;;;;;;;;;
151;PE;11626;PNSU;47680;2064878;REHABILITACION DEL SISTEMA GENERAL DE ALCANTARILLADO DEL HUP JAVIER HERAUD, DISTRITO DE SANTA - SANTA - ANCASH;MUNICIPALIDAD DISTRITAL DE SANTA;ANCASH;SANTA;SANTA;3930;1962648;Transferencia;Indirecta;OBRA;Concluido;;;;;;;;;
152;PE;11627;PNSU;144500;2126437;MEJORAMIENTO DE LA RED DE ALCANTARILLADO DE LOS AH. VICTOR RAUL H. DE LA TORRE, AH. CESAR VALLEJO, AH. LAS PALMERAS, AH. CRUCE SANTA Y AH. SANTA CRUZ, DISTRITO DE SANTA - SANTA - ANCASH;MUNICIPALIDAD DISTRITAL DE SANTA;ANCASH;SANTA;SANTA;1860;1057676;Transferencia;Indirecta;OBRA;Concluido;;;;;;;;;
153;PE;11628;PNSU;47862;2057227;CONSTRUCCION DE RED EMISOR Y LAGUNA DE OXIDACION DE SANTA, DISTRITO DE SANTA - SANTA - ANCASH;MUNICIPALIDAD DISTRITAL DE SANTA;ANCASH;SANTA;SANTA;6953;1837093;Transferencia;Directa;OBRA;Concluido;;;;;;;;;
154;PE;11629;PNSU;193800;2214975;AMPLIACION Y MEJORAMIENTO DE LOS SERVICIOS DE AGUA POTABLE Y SANEAMIENTO EN LOS C.P. RINCONADA, EL CASTILLO , TAMBO REAL HISTORICO Y RIO SECO DEL, DISTRITO DE SANTA - SANTA - ANCASH;MUNICIPALIDAD DISTRITAL DE SANTA;ANCASH;SANTA;SANTA;5052;5844733.09;Transferencia;Indirecta;OBRA;Concluido;;;;;;;;;
155;PE;11630;PNSU;198536;2159252;MEJORAMIENTO, AMPLIACION DEL SERVICIO DEL SISTEMA DE DESAGUE DE LA CIUDAD DE SIHUAS, PROVINCIA DE SIHUAS - ANCASH;MUNICIPALIDAD PROVINCIAL DE SIHUAS;ANCASH;SIHUAS;SIHUAS;4295;5816678.85;Transferencia;Indirecta;OBRA;Concluido;;;;;;;;;
156;PE;11631;PNSU;285687;2192905;MEJORAMIENTO Y AMPLIACIÓN DEL SISTEMA DE AGUA Y DESAGÜE DE LA CIUDAD DE MANCOS, DISTRITO DE MANCOS - YUNGAY - ANCASH;MUNICIPALIDAD DISTRITAL DE MANCOS;ANCASH;YUNGAY;MANCOS;3000;8927753.41;Transferencia;Indirecta;OBRA;Concluido;;;;;;;;;
157;PE;11632;PNSU;90700;2089938;MEJORAMIENTO Y AMPLIACION DE LOS SISTEMAS DE AGUA POTABLE Y ALCANTARILLADO DE LA CIUDAD DE ABANCAY;REGION APURIMAC-SEDE CENTRAL;APURIMAC;ABANCAY;ABANCAY;63036;91174294.36;Transferencia;Indirecta;OBRA (SALDO);Concluido;;;;;;;;;
158;PE;11633;PNSU;363005;2326481;MEJORAMIENTO Y AMPLIACION DEL SERVICIO DE AGUA POTABLE, ALCANTARILLADO SANITARIO DEL SECTOR DE TABLADA ALTA - ILLANYA DEL DISTRITO DE ABANCAY, PROVINCIA DE ABANCAY - APURIMAC;EMPRESA MUNICIPAL DE SERVICIOS DE ABASTECIMIENTO DE AGUA POTABLE Y ALCANTARILLADO ABANCAY S.A.;APURIMAC;ABANCAY;ABANCAY;6507;2112389.2;Transferencia;Directa;OBRA;Concluido;;;;;;;;;
159;PE;11634;PNSU;2394369;2394369;MEJORAMIENTO Y AMPLIACION DEL SISTEMA DE AGUA POTABLE Y ALCANTARILLADO SANITARIO DE LOS SECTORES MOLINOPATA BAJA, SANTA ROSA, VALLE REAL, RINCONCITO ABANQUINO Y AMANCAES DEL DISTRITO DE ABANCAY - PROVINCIA DE ABANCAY - DEPARTAMENTO DE APURIMAC;EPS EMUSAP ABANCAY S.A.C;APURIMAC;ABANCAY;ABANCAY;628;22726563;Transferencia;Indirecta;OBRA;Concluido;;;;;;;;;
160;PE;11635;PNSU;177378;2140672;MEJORAMIENTO, AMPLIACIÓN RED DE DISTRIBUCIÓN DEL SERVICIO DE AGUA POTABLE, CONSTRUCCIÓN DEL ALCANTARILLADO Y PLANTA DE TRATAMIENTO DE AGUAS RESIDUALES DE CIRCA Y LETRINIZACIÓN DE BARRIOS NO URBANOS CIRCA, PROVINCIA DE ABANCAY - APURÍMAC;MUNICIPALIDAD DISTRITAL DE CIRCA;APURIMAC;ABANCAY;CIRCA;1055;2390396;Transferencia;Indirecta;OBRA;Concluido;;;;;;;;;
161;PE;11636;PNSU;347815;2309429;AMPLIACION, MEJORAMIENTO DE LOS SISTEMAS DE AGUA POTABLE Y ALCANTARILLADO DE LOS OCHO BARRIOS URBANO MARGINALES DE LA LOCALIDAD CURAHUASI, DISTRITO DE CURAHUASI - ABANCAY - APURIMAC;MUNICIPALIDAD DISTRITAL DE CURAHUASI;APURIMAC;ABANCAY;CURAHUASI;12303;28378371.78;Transferencia;Indirecta;OBRA;Paralizada;;;;;;;;;
162;PE;11637;PNSU;112675;2090772;MEJORAMIENTO, AMPLIACIÓN DE LA RED DE DISTRIBUCIÓN DEL SERVICIO DE AGUA POTABLE Y ALCANTARILLADO DE TAMBURCO DISTRITO DE TAMBURCO - ABANCAY - APURÍMAC.;MUNICIPALIDAD DISTRITAL DE TAMBURCO;APURIMAC;ABANCAY;TAMBURCO;13555;10240268.05;Transferencia;Indirecta;OBRA;Concluido;;;;;;;;;
163;PE;11638;PNSU;31452;2144137;AMPLIACIÓN DEL SISTEMA DE ABASTECIMIENTO DE AGUA POTABLE DE LAS LOCALIDADES DEL VALLE CHUMBAO, DISTRITO DE SAN JERÓNIMO, ANDAHUAYLAS Y TALAVERA , PROVINCIA DE ANDAHUAYLAS - APURÍMAC.;MUNICIPALIDAD PROVINCIAL DE ANDAHUAYLAS;APURIMAC;ANDAHUAYLAS;ANDAHUAYLAS;48102;8414161.76;Transferencia;Indirecta;OBRA;Paralizada;;;;;;;;;
164;PE;11639;PNSU;47736;2047400;AMPLIACIÓN Y MEJORAMIENTO DEL SISTEMA DE AGUA SEGURA DEL CENTRO POBLADO DE HUINCHOS - PATACCOCHA - COLLPA, DEL DISTRITO DE ANDAHUAYLAS, PROVINCIA DE ANDAHUAYLAS - APURÍMAC.;MUNICIPALIDAD PROVINCIAL DE ANDAHUAYLAS;APURIMAC;ANDAHUAYLAS;ANDAHUAYLAS;1532;1791662;Transferencia;Indirecta;OBRA;Concluido;;;;;;;;;
165;PE;11640;PNSU;116477;2095913;AMPLIACIÓN Y MEJORAMIENTO DEL SERVICIO DE AGUA POTABLE Y CONSTRUCCIÓN DE LETRINAS SANITARIAS EN LAS COMUNIDADES DE PAMPANZA, TAPAYA Y TABLINA, DEL DISTRITO DE ANDAHUAYLAS, PROVINCIA DE ANDAHUAYLAS - APURÍMAC.;MUNICIPALIDAD PROVINCIAL DE ANDAHUAYLAS;APURIMAC;ANDAHUAYLAS;ANDAHUAYLAS;2685;3858927.44;Transferencia;Indirecta;OBRA;Concluido;;;;;;;;;
166;PE;11641;PNSU;147059;2144179;AMPLIACIÓN Y MEJORAMIENTO DEL SISTEMA DE AGUA POTABLE Y ALCANTARILLADO DE LA UNIDAD VECINAL DE TABLINA CAMPANAYOCC, LOS LIRIOS, JOSÉ MARÍA ARGUEDAS, MI CASITA Y RUMI RUMI DEL DISTRITO DE ANDAHUAYLAS, PROVINCIA DE ANDAHUAYLAS - APURÍMAC;MUNICIPALIDAD PROVINCIAL DE ANDAHUAYLAS;APURIMAC;ANDAHUAYLAS;ANDAHUAYLAS;2560;4533637;Transferencia;Indirecta;OBRA;Concluido;;;;;;;;;
167;PE;11642;PNSU;15910;2019443;INSTALACIÓN DE REDES DE DESAGÜE, CONEXIONES DOMICILIARIAS Y EDUCACIÓN SANITARIA EN U.V. CUNCATACA DEL DISTRITO Y PROVINCIA ANDAHUAYLAS.;MUNICIPALIDAD PROVINCIAL DE ANDAHUAYLAS;APURIMAC;ANDAHUAYLAS;ANDAHUAYLAS;972;394181;Transferencia;Directa;OBRA;Concluido;;;;;;;;;
168;PE;11643;PNSU;12837;2019446;MEJORAMIENTO DEL SISTEMA DE ALCANTARILLADO DE ANDARAPA, PROVINCIA DE ANDAHUAYLAS-REGION APURÍMAC;MUNICIPALIDAD DISTRITAL DE ANDARAPA;APURIMAC;ANDAHUAYLAS;ANDARAPA;2015;1574440.06;Transferencia;Indirecta;OBRA;Concluido;;;;;;;;;
169;PE;11644;PNSU;115942;2105563;REHABILITACIÓN, MEJORAMIENTO, AMPLIACIÓN DE LOS SISTEMAS DE AGUA POTABLE, ALCANTARILLADO Y TRATAMIENTO DE AGUAS SERVIDAS EN LA LOCALIDAD DE CHIARA, DISTRITO DE CHIARA - ANDAHUAYLAS - APURÍMAC;MUNICIPALIDAD DISTRITAL DE CHIARA;APURIMAC;ANDAHUAYLAS;CHIARA;2766;2758754;Transferencia;Indirecta;OBRA;Concluido;;;;;;;;;
170;PE;11645;PNSU;79781;2072412;AMPLIACIÓN Y MEJORAMIENTO DEL SERVICIO DE AGUA POTABLE, ALCANTARILLADO Y TRATAMIENTO DE LAS AGUAS SERVIDAS, EN LA LOCALIDAD DE HUANCARAMA, DEL DISTRITO DE HUANCARAMA, PROVINCIA DE ANDAHUAYLAS - APURÍMAC.;MUNICIPALIDAD DISTRITAL DE HUANCARAMA;APURIMAC;ANDAHUAYLAS;HUANCARAMA;4070;5974319;Transferencia;Indirecta;OBRA;Concluido;;;;;;;;;
171;PE;11646;PNSU;336763;2310090;MEJORAMIENTO Y AMPLIACIÓN DE LOS SERVICIOS DEL SISTEMA DE AGUA POTABLE EN LA LOCALIDAD DEL CERCADO DE HUANCARAMA, DISTRITO DE HUANCARAMA - ANDAHUAYLAS - APURIMAC;MUNICIPALIDAD DISTRITAL DE HUANCARAMA;APURIMAC;ANDAHUAYLAS;HUANCARAMA;810;3124241;Transferencia;Indirecta;OBRA;Concluido;;;;;;;;;
172;PE;11647;PNSU;30414;2036255;INSTALACION DEL SISTEMA DE ALCANTARILLADO Y EDUCACION SANITARIA EN EL DISTRITO DE HUAYANA, PROVINCIA DE ANDAHUAYLAS Y DEPARTAMENTO DE APURIMAC;MUNICIPALIDAD DISTRITAL DE HUAYANA;APURIMAC;ANDAHUAYLAS;HUAYANA;856;718269;Transferencia;Indirecta;OBRA;Concluido;;;;;;;;;
173;PE;11648;PNSU;331266;2289678;MEJORAMIENTO Y AMPLIACIÓN DEL SISTEMA DE AGUA POTABLE, ALCANTARILLADO E INSTALACION DE PLANTA DE TRATAMIENTO DE AGUAS RESIDUALES EN LA LOCALIDAD DE HUANCABAMBA DEL DISTRITO DE JOSE MARIA ARGUEDAS, PROVINCIA DE ANDAHUAYLAS - APURIMAC;MUNICIPALIDAD DISTRITAL DE JOSE MARÍA ARGUEDAS;APURIMAC;ANDAHUAYLAS;JOSE MARIA ARGUEDAS;3272;24401644.91;Transferencia;Indirecta;OBRA;Concluido;;;;;;;;;
174;PE;11649;PNSU;188471;2147843;AMPLIACIÓN, MEJORAMIENTO DEL SISTEMA DE AGUA POTABLE, ALCANTARILLADO Y PLANTA DE TRATAMIENTO EN LAS MICRO CUENCAS DE ÁRGANA, PACUCHA Y MANCHAYBAMBA DEL, DISTRITO DE PACUCHA - ANDAHUAYLAS - APURÍMAC (SALDO DE OBRA);MUNICIPALIDAD DISTRITAL DE PACUCHA;APURIMAC;ANDAHUAYLAS;PACUCHA;8708;59672563.19;Transferencia;Indirecta;OBRA (Expediente Saldo);En elaboración;;;;;;;;;
175;PE;11650;PNSU;69177;2068561;AMPLIACIÓN Y MEJORAMIENTO DEL SERVICIO DE AGUA POTABLE Y ALCANTARILLADO DE LA LOCALIDAD DE SAN JERÓNIMO, DEL DISTRITO DE SAN JERÓNIMO, PROVINCIA DE ANDAHUAYLAS - APURÍMAC.;MUNICIPALIDAD DISTRITAL DE SAN JERONIMO;APURIMAC;ANDAHUAYLAS;SAN JERONIMO;9640;11522359;Transferencia;Indirecta;OBRA;Concluido;;;;;;;;;
176;PE;11651;PNSU;58843;2047182;AMPLIACIÓN Y MEJORAMIENTO DEL SISTEMA DE AGUA POTABLE Y CONSTRUCCIÓN DEL SISTEMA DE ALCANTARILLADO, DE LA LOCALIDAD DE SAN MIGUEL DE CHACCRAMPA, DEL DISTRITO DE SAN MIGUEL DE CHACCRAMPA, PROVINCIA DE ANDAHUAYLAS-APURÍMAC.;MUNICIPALIDAD DISTRITAL DE SAN MIGUEL DE CHACCRAMPA;APURIMAC;ANDAHUAYLAS;SAN MIGUEL DE CHACCRAMPA;1464;1620864;Transferencia;Indirecta;OBRA;Concluido;;;;;;;;;
177;PE;11652;PNSU;82445;2073378;MEJORAMIENTO, AMPLIACIÓN DEL SISTEMA DE ALCANTARILLADO Y TRATAMIENTO DE AGUAS SERVIDAS EN LA COMUNIDAD DE MOYABAMBA, DISTRITO DE SANTA MARÍA DE CHICMO - ANDAHUAYLAS - APURÍMAC.;MUNICIPALIDAD DISTRITAL DE SANTA MARIA DE CHICMO;APURIMAC;ANDAHUAYLAS;SANTA MARIA DE CHICMO;1285;1095816.42;Transferencia;Indirecta;OBRA;Concluido;;;;;;;;;
178;PE;11653;PNSU;12973;2019444;INSTALACIÓN DEL SISTEMA DE DESAGÜE DE LOS BARRIOS DE ARANJUEZ Y HUALALACHI DEL DISTRITO DE TALAVERA, PROVINCIA ANDAHUAYLAS.;MUNICIPALIDAD DISTRITAL DE TALAVERA;APURIMAC;ANDAHUAYLAS;TALAVERA;2166;1565422;Transferencia;Directa;OBRA;Concluido;;;;;;;;;
179;PE;11654;PNSU;12867;2019432;CONSTRUCCIÓN DE SISTEMA DE AGUA POTABLE, LETRINIZACIÓN Y EDUCACIÓN SANITARIA PARA 16 COMUNIDADES RURALES DEL DISTRITO DE TALAVERA.;MUNICIPALIDAD DISTRITAL DE TALAVERA;APURIMAC;ANDAHUAYLAS;TALAVERA;8796;1571237;Transferencia;Directa;OBRA;Concluido;;;;;;;;;
180;PE;11655;PNSU;28432;2118580;AMPLIACIÓN Y MEJORAMIENTO DEL SISTEMA DE ABASTECIMIENTO DE AGUA POTABLE Y CONSTRUCCIÓN DEL SISTEMA DE ALCANTARILLADO DE LA LOCALIDAD DE TURPO, DISTRITO TURPO Y PROVINCIA DE ANDAHUAYLAS, REGIÓN APURÍMAC.;MUNICIPALIDAD PROVINCIAL DE ANDAHUAYLAS;APURIMAC;ANDAHUAYLAS;TURPO;2160;1711844;Transferencia;Indirecta;OBRA;Concluido;;;;;;;;;
181;PE;11656;PNSU;136469;2128872;MEJORAMIENTO, INSTALACIÓN DEL SISTEMA DE AGUA POTABLE Y DEL SISTEMA DE ALCANTARILLADO DE LA COMUNIDAD DE COLCA, DISTRITO DE CARAYBAMBA - AYMARAES - APURÍMAC;MUNICIPALIDAD DISTRITAL DE CARAYBAMBA;APURIMAC;AYMARAES;CARAYBAMBA;797;1283108.1;Transferencia;Indirecta;OBRA;Concluido;;;;;;;;;
182;PE;11657;PNSU;135658;2128513;MEJORAMIENTO Y AMPLIACIÓN DEL SISTEMA DE AGUA POTABLE Y ALCANTARILLADO DE LA COMUNIDAD DE CARAYBAMBA, DISTRITO DE CARAYBAMBA - AYMARAES - APURÍMAC;MUNICIPALIDAD DISTRITAL DE CARAYBAMBA;APURIMAC;AYMARAES;CARAYBAMBA;808;516373.74;Transferencia;Directa;OBRA;Concluido;;;;;;;;;
183;PE;11658;PNSU;177393;2142986;MEJORAMIENTO Y AMPLIACIÓN DEL SISTEMA DE AGUA POTABLE Y SANEAMIENTO DE LA LOCALIDAD DE CHALHUANCA, PROVINCIA DE AYMARAES - APURÍMAC.;MUNICIPALIDAD PROVINCIAL DE AYMARAES - CHALHUANCA;APURIMAC;AYMARAES;CHALHUANCA;6510;11411203.83;Transferencia;Indirecta;OBRA (SALDO);Concluido;;;;;;;;;
184;PE;11659;PNSU;23136;2023397;AMPLIACION Y MEJORAMIENTO DEL SISTEMA DE ALCANTARILLADO Y PLANTA DE TRATAMIENTO DE AGUAS SERVIDAS URIPA;MUNICIPALIDAD DISTRITAL DE ANCO-HUALLO;APURIMAC;CHINCHEROS;ANCO-HUALLO;3484;1996330;Transferencia;Indirecta;OBRA;Concluido;;;;;;;;;
185;PE;11660;PNSU;59211;2047202;AMPLIACIÓN DEL SISTEMA DE ALCANTARILLADO Y EDUCACIÓN SANITARIA EN MIRAFLORES, CHUPARO, VISTA ALEGRE CHALLHUANI, TOTORABAMBA Y CCOLPA PAMPA, DISTRITO DE ANCO-HUALLO - CHINCHEROS - APURÍMAC.;MUNICIPALIDAD DISTRITAL DE ANCO-HUALLO;APURIMAC;CHINCHEROS;ANCO-HUALLO;10855;6368002.69;Transferencia;Indirecta;OBRA;Concluido;;;;;;;;;
186;PE;11661;PNSU;169183;2140586;INSTALACIÓN SISTEMA DE ALCANTARILLADO Y PLANTA DE TRATAMIENTO DE AGUAS SERVIDAS EN LA LOCALIDAD DE CAYARA - SAN LORENZO, DISTRITO DE CHINCHEROS, PROVINCIA DE CHINCHEROS - APURÍMAC;MUNICIPALIDAD PROVINCIAL DE CHINCHEROS;APURIMAC;CHINCHEROS;CHINCHEROS;1081;2879163.43;Transferencia;Indirecta;OBRA;Concluido;;;;;;;;;
187;PE;11662;PNSU;269481;2198719;AMPLIACION DE ALCANTARILLADO PARA LAS LOCALIDADES DE CASABAMBA, CCECHUAPATA, VINOBAMBA, CHULCUBAMBA, HUANCAMARCA, CRUZPATA, CHOCCEPUQUIO, LAMLAMA, CONSTRUCCIÓN DEL COLECTOR GENERAL Y PLANTA DE TRATAMIENTO DE AGUAS RESIDUALES PARA CHINCHEROS, LLIMPE, TEJAHUASI, URIPA , PROVINCIA DE CHINCHEROS - APURIMAC;MUNICIPALIDAD PROVINCIAL DE CHINCHEROS;APURIMAC;CHINCHEROS;CHINCHEROS;13986;22534140.21;Transferencia;Indirecta;OBRA;Concluido;;;;;;;;;
188;PE;11663;PNSU;278106;2193105;MEJORAMIENTO Y AMPLIACIÓN DEL SISTEMA DE AGUA POTABLE, ALCANTARILLADO Y PLANTA DE TRATAMIENTO DE AGUAS RESIDUALES EN LA CIUDAD DE HUACCANA Y BARRIOS URBANO MARGINALES, DISTRITO DE HUACCANA - CHINCHEROS - APURIMAC;MUNICIPALIDAD DISTRITAL DE HUACCANA;APURIMAC;CHINCHEROS;HUACCANA;8812;26667080.22;Transferencia;Indirecta;OBRA (SALDO);Concluido;;;;;;;;;
189;PE;11664;PNSU;182515;2148920;MEJORAMIENTO DEL SISTEMA DE AGUA POTABLE, ALCANTARILLADO Y CONSTRUCCION PLANTA DE TRATAMIENTO DE AGUAS RESIDUALES DEL CENTRO POBLADO DE PISCOBAMBA , DISTRITO DE OCOBAMBA - CHINCHEROS - APURIMAC.;MUNICIPALIDAD DISTRITAL DE OCOBAMBA;APURIMAC;CHINCHEROS;OCOBAMBA;2820;4067985.98;Transferencia;Indirecta;OBRA;Concluido;;;;;;;;;
190;PE;11665;PNSU;28481;2054980;MEJORAMIENTO Y AMPLIACION DEL SISTEMA DE AGUA POTABLE E INSTALACION DEL SISTEMA DE ALCANTARILLADO EN LAS POBLACIONES DE ONGOY,CALLAPAYOCC,COMUNPAMPA,DISTRITO ONGOY,PROVINCIA CHINCHEROS, DEPARTAMENTO  APURIMAC;GOBIERNO REGIONAL APURIMAC;APURIMAC;CHINCHEROS;ONGOY;2175;1210746;Transferencia;Indirecta;OBRA;Concluido;;;;;;;;;
191;PE;11666;PNSU;12425;2030164;MEJORAMIENTO DEL SISTEMA DE AGUA E INSTALACIÓN DEL SISTEMA DE ALCANTARILLADO DE LOS POBLADOS ROCCHACC VILLA MARAYPATA - VISTA ALEGRE. DISTRITO ONGOY, PROVINCIA CHINCHEROS, APURIMAC;GOBIERNO REGIONAL APURIMAC;APURIMAC;CHINCHEROS;ONGOY;2046;1207992;Transferencia;Indirecta;OBRA;Concluido;;;;;;;;;
192;PE;11667;PNSU;188421;2148921;MEJORAMIENTO Y AMPLIACIÓN DEL SISTEMA DE AGUA POTABLE E INSTALACIÓN DEL SISTEMA DE ALCANTARILLADO EN LAS COMUNIDADES DE TANCAYLLO, HUANCANE, PARIABAMBA Y CULLUNI IZQUIERDO, PROVINCIA DE CHINCHEROS - APURÍMAC;MUNICIPALIDAD DISTRITAL DE URANMARCA;APURIMAC;CHINCHEROS;URANMARCA;3600;7987842.3;Transferencia;Indirecta;OBRA;Concluido;;;;;;;;;
193;PE;11668;PNSU;295660;2244928;AMPLIACION Y MEJORAMIENTO DE LOS SERVICIOS DE SANEAMIENTO BASICO INTEGRAL EN LA LOCALIDAD DE COYLLURQUI, DISTRITO DE COYLLURQUI - COTABAMBAS - APURIMAC;MUNICIPALIDAD DISTRITAL DE COYLLURQUI;APURIMAC;COTABAMBAS;COYLLURQUI;3091;9899681.09;Transferencia;Indirecta;OBRA;Concluido;;;;;;;;;
194;PE;11669;PNSU;206499;2153601;MEJORAMIENTO Y AMPLIACIÓN DEL SISTEMA DE AGUA POTABLE, ALCANTARILLADO Y CONSTRUCCION DE PLANTA DE TRATAMIENTO DE AGUAS RESIDUALES EN LA CIUDAD DE CHUQUIBAMBILLA, DISTRITO DE CHUQUIBAMBILLA, PROVINCIA DE GRAU - APURIMAC;MUNICIPALIDAD PROVINCIAL DE GRAU;APURIMAC;GRAU;CHUQUIBAMBILLA;3456;7256418.6;Transferencia;Indirecta;OBRA;Concluido;;;;;;;;;
195;PE;11670;PNSU;220844;2173704;AMPLIACION Y MEJORAMIENTO DEL SISTEMA DE AGUA POTABLE Y SANEAMIENTO  DE LA LOCALIDAD DE  EL PROGRESO, DISTRITO DE PROGRESO - GRAU - APURIMAC;MUNICIPALIDAD DISTRITAL DE PROGRESO;APURIMAC;GRAU;PROGRESO;2478;26502363.25;Transferencia;Indirecta;OBRA (SALDO);En Ejecución;;;;;;;;;
196;PE;11671;PNSU;174733;2153337;INSTALACION DEL SISTEMA DE AGUA POTABLE Y ALCANTARILLADO EN LOS AA.HH. HEROES CHAVIN DE HUANTAR, EL GRAN CHAPARRAL, EL MIRADOR DE AREQUIPA ZONA B, PROG. MUN. ALTO SELVA ALEGRE I, DISTRITO DE ALTO SELVA ALEGRE - AREQUIPA - AREQUIPA;MUNICIPALIDAD DISTRITAL DE ALTO SELVA ALEGRE;AREQUIPA;AREQUIPA;ALTO SELVA ALEGRE;6627;5849707.61;Transferencia;Indirecta;OBRA;Concluido;;;;;;;;;
197;PE;11672;PNSU;61095;2048658;CONSTRUCCION DE SISTEMAS DE DISTRIBUCION DE AGUA POTABLE Y ALCANTARILLADO EN LOS A. H. VILLA CONFRATERNIDAD A,B.C,D,VILLA ECOLOGICA B,C,D,E,BALCONES DE CHILINA,SAN LAZARO,LOS ANDENES,EL HUARANGAL,DISTRITO DE ALTO SELVA ALEGRE-AREQUIPA-AREQUIPA. COMPONENTE SISTEMA DE ALCANTARILLADO;MUNICIPALIDAD DISTRITAL DE ALTO SELVA ALEGRE;AREQUIPA;AREQUIPA;ALTO SELVA ALEGRE;17481;29978509;Transferencia;Indirecta;OBRA;Concluido;;;;;;;;;
198;PE;11673;PNSU;30143;2030529;INSTALACION DEL SISTEMA DE AGUA POTABLE A LOS AA. HH. DE VILLA ECOLOGICA, VILLA EL PARAISITO, EMPADRONADOS POR ENACE, LOS BALCONES DE CHILINA, SAN LAZARO, EL MIRADOR ZONAS A,B,C, Y LOS BALCONES - DISTRITO ALTO SELVA ALEGRE-AREQUIPA;MUNICIPALIDAD DISTRITAL DE ALTO SELVA ALEGRE;AREQUIPA;AREQUIPA;ALTO SELVA ALEGRE;17518;2592895;Transferencia;Directa;OBRA;Concluido;;;;;;;;;
199;PE;11674;PNSU;33707;2030564;CONSTRUCCIN DE LOS SISTEMAS DE AGUA POTABLE Y ALCANTARILLADO EN EL ASENTAMIENTO HUMANO JAVIER HERAUD, DISTRITO DE ALTO SELVA ALEGRE - AREQUIPA - AREQUIPA;MUNICIPALIDAD DISTRITAL DE ALTO SELVA ALEGRE;AREQUIPA;AREQUIPA;ALTO SELVA ALEGRE;1738;2178896;Transferencia;Directa;OBRA;Concluido;;;;;;;;;
200;PE;11675;PNSU;262915;2196551;INSTALACION DEL SERVICIO DE DRENAJE  Y ALCANTARILLADO PLUVIAL   EN EL SECTOR DE PAMPAS DE POLANCO  Y AREAS ALEDAÑAS , DISTRITO DE ALTO SELVA ALEGRE - AREQUIPA - AREQUIPA;MUNICIPALIDAD DISTRITAL DE ALTO SELVA ALEGRE;AREQUIPA;AREQUIPA;ALTO SELVA ALEGRE;6000;7498706.67;Transferencia;Indirecta;OBRA;Concluido;;;;;;;;;
201;PE;11676;PNSU;36385;2038750;CONSTRUCCION DEL RESERVORIO N45 EN ALTO CAYMA, CAYMA - AREQUIPA Componentes: Instalación de la Línea de Aducción, Instalación de las Redes Primarias, Instalación de las Redes Secundarias y Conexiones Domiciliarias de Agua.;MUNICIPALIDAD DISTRITAL DE CAYMA;AREQUIPA;AREQUIPA;CAYMA;14644;5147989;Transferencia;Indirecta;OBRA;Concluido;;;;;;;;;
202;PE;11677;PNSU;113324;2090462;INSTALACION DE REDES DE DESAGUE PARA LA POBLACION DEPENDIENTE DEL RESERVORIO N-45 ALTO CAYMA, DISTRITO DE CAYMA - AREQUIPA - AREQUIPA;MUNICIPALIDAD DISTRITAL DE CAYMA;AREQUIPA;AREQUIPA;CAYMA;12277;6322216.66;Transferencia;Indirecta;OBRA;Concluido;;;;;;;;;
203;PE;11678;PNSU;197809;2158205;INSTALACION DE COLECTORES PRINCIPALES DE ALCANTARILLADO DEL SECTOR CONO NORTE, DISTRITO DE CERRO COLORADO - AREQUIPA - AREQUIPA;MUNICIPALIDAD DISTRITAL DE CERRO COLORADO;AREQUIPA;AREQUIPA;CERRO COLORADO;106373;26855506.97;Transferencia;Indirecta;OBRA;Concluido;;;;;;;;;
204;PE;11679;PNSU;42165;2043936;INSTALACION DE REDES DE AGUA POTABLE Y ALCANTARILLADO EN LA ASOCIACION PRO VIVIENDA DE INTERES SOCIAL BENIGNO BALLON FARFAN EN LA MARGEN DERECHA DEL CONO NORTE, PROVINCIA DE AREQUIPA - AREQUIPA;MUNICIPALIDAD DISTRITAL DE CERRRO COLORADO;AREQUIPA;AREQUIPA;CERRO COLORADO;1769;1066560;Transferencia;Indirecta;OBRA;Concluido;;;;;;;;;
205;PE;11680;PNSU;29273;2030559;MEJORAMIENTO DE LOS SISTEMAS DE AGUA POTABLE Y SANEAMIENTO DEL CIRCUITO N-29 DEL CONO NORTE;MUNICIPALIDAD DISTRITAL DE CERRRO COLORADO;AREQUIPA;AREQUIPA;CERRO COLORADO;9715;1725124;Transferencia;Directa;OBRA;Concluido;;;;;;;;;
206;PE;11681;PNSU;27906;2036189;INSTALACION DE REDES DE AGUA POTABLE Y LETRINAS DOMICILIARIAS EN LA ASOCIACION PRO-VIVIENDA DE INTERES SOCIAL NUEVO HORIZONTE - CERRO COLORADO - AREQUIPA;MUNICIPALIDAD DISTRITAL DE CERRRO COLORADO;AREQUIPA;AREQUIPA;CERRO COLORADO;1356;1092772;Transferencia;Indirecta;OBRA;Concluido;;;;;;;;;
207;PE;11682;PNSU;42775;2041287;INSTALACION DEL SISTEMA DE AGUA POTABLE Y CONEXIONES DOMICILIARIAS EN LA ASOCIACION DE VIVIENDA GUARDIA REPUBLICANA, DISTRITO DE CERRO COLORADO - AREQUIPA - AREQUIPA;MUNICIPALIDAD DISTRITAL DE CERRO COLORADO;AREQUIPA;AREQUIPA;CERRO COLORADO;1326;187868;Transferencia;Indirecta;OBRA;Concluido;;;;;;;;;
208;PE;11683;PNSU;40681;2044077;INSTALACION DE REDES DE AGUA POTABLE Y ALCANTARILLADO EN LA ASOCIACION PRO VIVIENDA DE INTERES SOCIAL LAS FLORES EN LA MARGEN DERECHA DEL CONO NORTE, PROVINCIA DE AREQUIPA - AREQUIPA;MUNICIPALIDAD PROVINCIAL DE AREQUIPA;AREQUIPA;AREQUIPA;CERRO COLORADO;5652;602031.4;Transferencia;Indirecta;OBRA;Concluido;;;;;;;;;
209;PE;11684;PNSU;33654;2033985;CONSTRUCCION DE REDES DE ALCANTARILLADO Y CONEXIONES DOMICILIARIAS DE LA ASOCIACION DE VIVIENDA CIUDAD MUNICIPAL Y VICTOR RAUL HAYA DE LA TORRE - CONO NORTE, PROVINCIA DE AREQUIPA - AREQUIPA;MUNICIPALIDAD DISTRITAL DE CERRO COLORADO;AREQUIPA;AREQUIPA;CERRO COLORADO;9707;3480437;Transferencia;Indirecta;OBRA;Concluido;;;;;;;;;
210;PE;11685;PNSU;41376;2052070;INSTALACION DE REDES INTERNAS DE ALCANTARILLADO EN LA ASOCIACION PRO VIVIENDA DE INTERES SOCIAL GUILLERMO MERCADO EN EL CONO NORTE, PROVINCIA DE AREQUIPA - AREQUIPA;MUNICIPALIDAD PROVINCIAL DE AREQUIPA;AREQUIPA;AREQUIPA;CERRO COLORADO;1783;569025.91;Transferencia;Indirecta;OBRA;Concluido;;;;;;;;;
211;PE;11686;PNSU;27852;2027902;CONSTRUCCION DE LA CAPTACION Y PLANTA DE TRATAMIENTO DEL CONO NORTE, CERRO COLORADO - AREQUIPA;GOBIERNO REGIONAL  DE AREQUIPA;AREQUIPA;AREQUIPA;CERRO COLORADO;46800;3997661;Transferencia;Directa;OBRA;Concluido;;;;;;;;;
212;PE;11687;PNSU;34007;2030565;INSTALACION DE REDES DE AGUA POTABLE Y LETRINAS DOMICILIARIAS EN LA ASOCIACION PRO VIVIENDA VILLA MAGISTERIAL EN EL CONO NORTE, PROVINCIA DE AREQUIPA - AREQUIPA;MUNICIPALIDAD PROVINCIAL DE AREQUIPA;AREQUIPA;AREQUIPA;CERRO COLORADO;4579;1364801;Transferencia;Directa;OBRA;Concluido;;;;;;;;;
213;PE;11688;PNSU;30505;2029117;INSTALACION DE LOS SISTEMAS DE AGUA POTABLE Y ALCANTARILLADO DE LA ASOCIACION DE VIVIENDA GUSTAVO MOMHE LLONA, CRISTO SALVADOR, JESUS DE NAZARET, VIRGEN LOURDES, VILLA PARAISO Y NUEVA CHARACATO ZONAS 1 Y 2 DE CHARACATO, CHARACATO - AREQUIPA;GOBIERNO REGIONAL  DE AREQUIPA;AREQUIPA;AREQUIPA;CHARACATO;4768;2404697;Transferencia;Directa;OBRA;Concluido;;;;;;;;;
214;PE;11689;PNSU;30513;2028888;INSTALACION DE LOS SISTEMAS DE AGUA POTABLE Y ALCANTARILLADO DE LA ASOCIACION DE VIVIENDA JUVENTUD CHARACATO, CHARACATO - AREQUIPA;GOBIERNO REGIONAL  DE AREQUIPA;AREQUIPA;AREQUIPA;CHARACATO;2596;1999750;Transferencia;Directa;OBRA;Concluido;;;;;;;;;
215;PE;11690;PNSU;30520;2028889;INSTALACION DE LOS SISTEMAS DE AGUA POTABLE Y ALCANTARILLADO DE LA ASOCIACION DE VIVIENDA AMPLIACION CHARACATO Y NUEVA CHARACATO ZONAS 3, 4 Y 5, CHARACATO - AREQUIPA;GOBIERNO REGIONAL  DE AREQUIPA;AREQUIPA;AREQUIPA;CHARACATO;2244;1681618;Transferencia;Directa;OBRA;Concluido;;;;;;;;;
216;PE;11691;PNSU;258892;2192668;INSTALACION, MEJORAMIENTO DEL SERVICIO DE AGUA POTABLE Y DESAGUE  EN EL P. T. DE HUASACACHE, EN LA A. V. HERMOSA CAMPIÑA ECOLOGICA, EN LA A. V. BUEN PANORAMA, A. V. EL MIRADOR DE HUASACACHE, EN EL P. UPIS AMPLIACION LA MERCED, EN EL P. T. TINGO GRANDE;MUNICIPALIDAD DISTRITAL DE JACOBO HUNTER;AREQUIPA;AREQUIPA;JACOBO HUNTER;2660;14259551.61;Transferencia;Indirecta;OBRA;Concluido;;;;;;;;;
217;PE;11692;PNSU;358264;2321256;MEJORAMIENTO, AMPLIACION DEL SERVICIO DE EVACUACION PLUVIAL QUE SE BRINDA ENTRE LA AVENIDA LAMBRAMANI, AVENIDA PIZARRO Y AVENIDA PORONGOCHE, DISTRITO DE JOSE LUIS BUSTAMANTE Y RIVERO - AREQUIPA - AREQUIPA;MUNICIPALIDAD DISTRITAL DE JOSE LUIS BUSTAMANTE Y RIVERO;AREQUIPA;AREQUIPA;JOSE LUIS BUSTAMANTE Y RIVERO;5120;1405508.63;Transferencia;Indirecta;OBRA;Concluido;;;;;;;;;
218;PE;11693;PNSU;78058;2173290;INSTALACION DE LA PLANTA DE TRATAMIENTO Y MEJORAMIENTO DEL SISTEMA DE ABASTECIMIENTO DE AGUA POTABLE Y DESAGUE EN LA LOCALIDAD DE LA JOYA NUEVA, DISTRITO DE LA JOYA, PROVINCIA Y REGION AREQUIPA;GOBIERNO REGIONAL DE AREQUIPA;AREQUIPA;AREQUIPA;LA JOYA;25016;93187675.99;Transferencia;Indirecta;OBRA;Concluido;;;;;;;;;
219;PE;11694;PNSU;30066;2029912;MEJORAMIENTO DEL SISTEMA DE AGUA POTABLE Y ALCANTARILLADO DEL DISTRITO DE LA JOYA, AREQUIPA;GOBIERNO REGIONAL  DE AREQUIPA;AREQUIPA;AREQUIPA;LA JOYA;19552;3991910;Transferencia;Directa;OBRA;Concluido;;;;;;;;;
220;PE;11695;PNSU;294467;2244654;MEJORAMIENTO, AMPLIACION DEL SERVICIO DE AGUA POTABLE Y DESAGUE EN EL ASENTAMIENTO HUMANO EL PARAISO, DISTRITO DE LA JOYA - AREQUIPA - AREQUIPA;MUNICIPALIDAD DISTRITAL DE LA JOYA;AREQUIPA;AREQUIPA;LA JOYA;1250;2694637.72;Transferencia;Indirecta;OBRA;Concluido;;;;;;;;;
221;PE;11696;PNSU;308532;2248517;INSTALACION DEL SERVICIO DE AGUA Y DESAGUE DE LA ASOCIACION PRO VIVIENDA LA CRUZ DEL CERRITO DE LA IRRIGACION SAN CAMILO, COLINDANTE CON EL ASENTAMIENTO N5, DISTRITO DE LA JOYA - AREQUIPA - AREQUIPA;MUNICIPALIDAD DISTRITAL DE LA JOYA;AREQUIPA;AREQUIPA;LA JOYA;1372;3462377.48;Transferencia;Indirecta;OBRA;Concluido;;;;;;;;;
222;PE;11697;PNSU;211517;2219975;INSTALACION DE LAS REDES DE AGUA POTABLE Y DESAGUE DEL AA HH LA FLORIDA, DISTRITO DE LA JOYA - AREQUIPA - AREQUIPA;MUNICIPALIDAD DISTRITAL DE LA JOYA;AREQUIPA;AREQUIPA;LA JOYA;1124;7378308.34;Transferencia;Indirecta;OBRA (SALDO);Concluido;;;;;;;;;
223;PE;11698;PNSU;71974;2078291;INSTALACIÓN DE REDES PRIMARIAS Y SECUNDARIAS DEL SISTEMA AGUA POTABLE Y ALCANTARILLADO DE LAS PARTES ALTAS DEL DISTRITO DE MARIANO MELGAR -PROVINCIA DE AREQUIPA;MUNICIPALIDAD DISTRITAL DE MARIANO MELGAR;AREQUIPA;AREQUIPA;MARIANO MELGAR;23190;56453630.51;Transferencia;Indirecta;OBRA (SALDO);Concluido;;;;;;;;;
224;PE;11699;PNSU;73827;2078292;INSTALACIÓN DE REDES PRIMARIAS Y SECUNDARIAS DEL SISTEMA DE AGUA POTABLE Y ALCANTARILLADO DE LOS PUEBLOS JÓVENES DE LAS PARTES ALTAS DEL DISTRITO DE MIRAFLORES - PROVINCIA DE AREQUIPA;MUNICIPALIDAD DISTRITAL DE MIRAFLORES;AREQUIPA;AREQUIPA;MIRAFLORES;7692;16023026.97;Transferencia;Indirecta;OBRA;Concluido;;;;;;;;;
225;PE;11700;PNSU;36386;2038711;CONSTRUCCION DE LA CAPTACION Y PLANTA DE TRATAMIENTO DE AGUA POTABLE DEL CONO ESTE DE AREQUIPA;GOBIERNO REGIONAL  DE AREQUIPA;AREQUIPA;AREQUIPA;MIRAFLORES;17022;3998885;Transferencia;Directa;OBRA;Concluido;;;;;;;;;
226;PE;11701;PNSU;2453418;2453418;CREACION DEL SISTEMA DE DRENAJE PLUVIAL DE LAS CALLES RAMON CASTILLA, GONZALES PRADA, JOSÉ OLAYA, BOLÍVAR, LIBERTAD, ICA, ZEVALLOS, SÁNCHEZ TRUJILLO, PASASJE INCA ROCA, PIURA, IQUIQUE Y CALLE POR JUAN XXIII – ZONA B  DISTRITO DE MIRAFLORES - PROVINCIA DE AREQUIPA - DEPARTAMENTO DE AREQUIPA;MUNICIPALIDAD DISTRITAL DE MIRAFLORES;AREQUIPA;AREQUIPA;MIRAFLORES;14884;10413288.82;Transferencia;Indirecta;OBRA;Concluido;;;;;;;;;
227;PE;11702;PNSU;70941;2078454;MEJORAMIENTO DEL SISTEMA DE AGUA POTABLE Y ALCANTARILLADO DE LAS PARTES ALTAS DE PAUCARPATA, DISTRITO DE PAUCARPATA, AREQUIPA, AREQUIPA. COMPONENTE SISTEMA DE ALCANTARILLADO;GOBIERNO REGIONAL DE AREQUIPA;AREQUIPA;AREQUIPA;PAUCARPATA;20905;80177979.11;Transferencia;Indirecta;OBRA (SALDO);Concluido;;;;;;;;;
228;PE;11703;PNSU;13254;2018685;EMISOR DE SABANDIA - AREQUIPA;MUNICIPALIDAD DISTRITAL DE SABANDIA;AREQUIPA;AREQUIPA;SABANDIA;3462;1895769;Transferencia;Indirecta;OBRA;Concluido;;;;;;;;;
229;PE;11704;PNSU;356339;2319393;MEJORAMIENTO DEL SERVICIO DEL SISTEMA DE AGUA POTABLE Y ALCANTARILLADO EN LOS 07  ASENTAMIENTOS HUMANOS DEL SECTOR DE UMAPALCA, DISTRITO DE SABANDIA, PROVINCIA DE AREQUIPA - AREQUIPA;MUNICIPALIDAD DISTRITAL DE SABANDIA;AREQUIPA;AREQUIPA;SABANDIA;2124;7041382.95;Transferencia;Indirecta;OBRA;Concluido;;;;;;;;;
230;PE;11705;PNSU;30375;2028462;CONSTRUCCION DE LA CAPTACION Y ALMACENAMIENTO DEL SISTEMA DE AGUA POTABLE DEL ASENTAMIENTO URBANO MUNICIPAL HORACIO ZEVALLOS GAMEZ, SOCABAYA - AREQUIPA;GOBIERNO REGIONAL  DE AREQUIPA;AREQUIPA;AREQUIPA;SOCABAYA;9000;5579400.83;Transferencia;Directa;OBRA;Concluido;;;;;;;;;
231;PE;11706;PNSU;138773;2113066;INSTALACION INTEGRAL DE LOS SISTEMAS DE AGUA POTABLE Y ALCANTARILLADO DE LOS PUEBLOS JOVENES DE LA MANSION DE SOCABAYA - AREQUIPA;GOBIERNO REGIONAL  DE AREQUIPA;AREQUIPA;AREQUIPA;SOCABAYA;6384;2286531.75;Transferencia;Directa;OBRA;Concluido;;;;;;;;;
232;PE;11707;PNSU;234975;2234234;INSTALACION Y MEJORAMIENTO DE LOS SERVICIOS DE AGUA POTABLE Y DESAGÜE EN LOS CENTROS POBLADOS DE VITOR, DISTRITO DE VITOR - AREQUIPA - AREQUIPA;MUNICIPALIDAD DISTRITAL DE VITOR;AREQUIPA;AREQUIPA;VITOR;5442;25874097.31;Transferencia;Indirecta;OBRA;Concluido;;;;;;;;;
233;PE;11708;PNSU;15436;2023334;AMPLIACION DEL SISTEMA DE ABASTECIMIENTO DE AGUA POTABLE EN EL DISTRITO DE YARABAMBA - AREQUIPA;MUNICIPALIDAD PROVINCIAL DE AREQUIPA;AREQUIPA;AREQUIPA;YARABAMBA;960;420842.15;Transferencia;Indirecta;OBRA;Concluido;;;;;;;;;
234;PE;11709;PNSU;26117;2028926;INSTALACION DE REDES DE AGUA POTABLE Y ALCANTARILLADO EN LA ASOCIACION URBANIZADORA SOR ANA DE LOS ANGELES Y MONTEAGUDO - YURA - AREQUIPA;MUNICIPALIDAD PROVINCIAL DE AREQUIPA;AREQUIPA;AREQUIPA;YURA;4158;1683901.48;Transferencia;Directa;OBRA;Concluido;;;;;;;;;
235;PE;11710;PNSU;23374;2028907;INSTALACION DEL SISTEMA DE AGUA POTABLE Y ALCANTARILLADO DE LA ASOCIACION DE VIVIENDA EL ALTIPLANO - CONO NORTE - YURA - AREQUIPA;MUNICIPALIDAD PROVINCIAL DE AREQUIPA;AREQUIPA;AREQUIPA;YURA;3011;165913.57;Transferencia;Indirecta;OBRA;Concluido;;;;;;;;;
236;PE;11711;PNSU;44082;2051914;INSTALACION DE AGUA POTABLE Y DESAGUE EN LA ASOCIACION DE PEQUEÑOS INDUSTRIALES Y ARTESANOS AREQUIPA-APIAAR EN YURA, PROVINCIA DE AREQUIPA - AREQUIPA;MUNICIPALIDAD PROVINCIAL DE AREQUIPA;AREQUIPA;AREQUIPA;YURA;2502;3294327.16;Transferencia;Indirecta;OBRA;Concluido;;;;;;;;;
237;PE;11712;PNSU;49306;2051913;INSTALACION DE AGUA POTABLE Y DESAGUE DE LA ASOCIACION URBANIZADORA TALLER ARTESANAL Y VIVIENDA LOS CAMINEROS OBREROS-CONO NORTE, PROVINCIA DE AREQUIPA - AREQUIPA;MUNICIPALIDAD PROVINCIAL DE AREQUIPA;AREQUIPA;AREQUIPA;YURA;1621;447865.06;Transferencia;Directa;OBRA;Concluido;;;;;;;;;
238;PE;11713;PNSU;31283;2087578;INSTALACIÓN DE LOS SERVICIOS DE AGUA POTABLE Y ALCANTARILLADO EN LA ASOCIACION URBANIZADORA CIUDAD DE DIOS EN EL DISTRITO DE YURA, AREQUIPA;GOBIERNO REGIONAL DE AREQUIPA;AREQUIPA;AREQUIPA;YURA;18244;28276526.96;Transferencia;Indirecta;OBRA (SALDO);Concluido;;;;;;;;;
239;PE;11714;PNSU;244802;2189060;INSTALACION DEL SERVICIO DEL SISTEMA DE AGUA POTABLE Y ALCANTARILLADO DEL CIRCUITO DEL RESERVORIO N-38, DEL CONO NORTE, DISTRITO DE YURA - AREQUIPA - AREQUIPA;MUNICIPALIDAD DISTRITAL DE YURA;AREQUIPA;AREQUIPA;YURA;7266;18438706.66;Transferencia;Indirecta;OBRA;Concluido;;;;;;;;;
240;PE;11715;PNSU;57740;2087301;MEJORAMIENTO DE LOS SISTEMAS DE AGUA POTABLE EN LA CIUDAD DE CAMANA - CAMANA - CAMANA;MUNICIPALIDAD PROVINCIAL DE CAMANA;AREQUIPA;CAMANA;CAMANA;59729;92526063.69;Transferencia;Indirecta;OBRA;Concluido;;;;;;;;;
241;PE;11716;PNSU;49537;2088308;MEJORAMIENTO Y AMPLIACIÓN DEL SISTEMA DE ALCANTARILLADO DE LA CIUDAD DE CAMANÁ, CAMANÁ - AREQUIPA;MUNICIPALIDAD PROVINCIAL DE CAMANA;AREQUIPA;CAMANA;CAMANA;40778;30685147.2;Transferencia;Indirecta;OBRA;Concluido;;;;;;;;;
242;PE;11717;PNSU;118659;2148923;MEJORAMIENTO Y AMPLIACION DEL SISTEMA DE AGUA POTABLE Y ALCANTARILLADO DE LA LOCALIDAD DE JOSE MARIA QUIMPER Y LOS ANEXOS HUACAPUY Y EL PUENTE , DISTRITO DE JOSE MARIA QUIMPER - CAMANA - AREQUIPA;MUNICIPALIDAD DISTRITAL DE JOSE MARIA QUIMPER;AREQUIPA;CAMANA;JOSE MARIA QUIMPER;7053;19188183.06;Transferencia;Indirecta;OBRA (SALDO);Concluido;;;;;;;;;
243;PE;11718;PNSU;12713;2116846;MEJORAMIENTO Y AMPLIACION DEL SISTEMA DE AGUA POTABLE Y ALCANTARILLADO EN EL CONO NORTE DEL DISTRITO DE MARISCAL CACERES, PROVINCIA DE CAMANA - AREQUIPA;GOBIERNO REGIONAL  DE AREQUIPA;AREQUIPA;CAMANA;MARISCAL CACERES;4988;18192042.31;Transferencia;Directa;OBRA (SALDO);Concluido;;;;;;;;;
244;PE;11719;PNSU;75612;2114610;REHABILITACION Y AMPLIACIÓN DE LOS SISTEMAS DE AGUA POTABLE Y ALCANTARILLADO SAN GREGORIO – HACIENDA EL MEDIO, DEL DISTRITO DE NICOLAS DE PIEROLA, CAMANÁ - AREQUIPA;MUNICIPALIDAD DISTRITAL DE NICOLAS DE PIEROLA;AREQUIPA;CAMANA;NICOLAS DE PIEROLA;5516;4819963.51;Transferencia;Directa;OBRA;Concluido;;;;;;;;;
245;PE;11720;PNSU;9796;2017527;AMPLIACION Y MEJORAMIENTO DE LOS SISTEMAS DE AGUA POTABLE, ALCANTARILLADO Y DISPOSICION SANITARIA DE EXCRETAS EN EL DISTRITO DE BELLA UNION - CARAVELI;GOBIERNO REGIONAL  DE AREQUIPA;AREQUIPA;CARAVELI;BELLA UNION;0;11589005.17;Transferencia;Directa;OBRA;Concluido;;;;;;;;;
246;PE;11721;PNSU;349155;2311974;MEJORAMIENTO Y AMPLIACIÓN DEL SISTEMA DE AGUA POTABLE E INSTALACIÓN DEL SISTEMA DE DESAGÜE EN LA AV. FRANCISCO FLORES, SECTOR SAN FRANCISCO Y SANTA FE DEL, DISTRITO DE BELLA UNION - CARAVELI - AREQUIPA;MUNICIPALIDAD DISTRITAL DE BELLA UNION;AREQUIPA;CARAVELI;BELLA UNION;700;3667826.42;Transferencia;Indirecta;OBRA;Concluido;;;;;;;;;
247;PE;11722;PNSU;74511;2159794;AMPLIACION Y MEJORAMIENTO DEL AGUA POTABLE Y ALCANTARILLADO EN LOS DISTRITOS DE APLAO Y HUANCARQUI DE LA PROVINCIA DE CASTILLA - AREQUIPA;GOBIERNO REGIONAL AREQUIPA;AREQUIPA;CASTILLA;APLAO;13986;78049638.28;Transferencia;Directa;OBRA (SALDO);Paralizada;;;;;;;;;
248;PE;11723;PNSU;68945;2062351;MEJORAMIENTO Y AMPLIACIÓN DE LAS REDES DE AGUA POTABLE Y ALCANTARILLADO DEL DISTRITO DE ORCOPAMPA;MUNICIPALIDAD DISTRITAL DE ORCOPAMPA;AREQUIPA;CASTILLA;ORCOPAMPA;13273;4550889;Transferencia;Directa;OBRA;Concluido;;;;;;;;;
249;PE;11724;PNSU;232492;2236164;AMPLIACION Y MEJORAMIENTO DEL SISTEMA DE AGUA POTABLE Y ALCANTARILLADO  DE CORIRE, DISTRITO DE URACA - CASTILLA - AREQUIPA;MUNICIPALIDAD DISTRITAL DE URACA;AREQUIPA;CASTILLA;URACA;4651;19419250.36;Transferencia;Indirecta;OBRA;Concluido;;;;;;;;;
250;PE;11725;PNSU;186654;2150535;MEJORAMIENTO DEL SISTEMA DE AGUA POTABLE Y ALCANTARILLADO EN LA LOCALIDAD DE CABANACONDE, PROVINCIA DE CAYLLOMA - AREQUIPA;MUNICIPALIDAD DISTRITAL DE CABANACONDE;AREQUIPA;CAYLLOMA;CABANACONDE;2390;2988368.29;Transferencia;Directa;OBRA;Concluido;;;;;;;;;
251;PE;11726;PNSU;179861;2166795;AMPLIACION, RENOVACION Y MEJORAMIENTO DEL SISTEMA DE AGUA POTABLE Y ALCANTARILLADO DE CHIVAY , PROVINCIA DE CAYLLOMA - AREQUIPA;MUNICIPALIDAD PROVINCIAL DE CAYLLOMA;AREQUIPA;CAYLLOMA;CHIVAY;9533;25636377.7;Transferencia;Indirecta;OBRA (SALDO);Paralizada;;;;;;;;;
252;PE;11727;PNSU;50061;2046313;MEJORAMIENTO Y AMPLIACION DE LOS SISTEMAS DE AGUA POTABLE Y ALCANTARILLADO DEL DISTRITO DE COPORAQUE, CAYLLOMA - AREQUIPA;GOBIERNO REGIONAL  DE AREQUIPA;AREQUIPA;CAYLLOMA;COPORAQUE;2014;287802.79;Transferencia;Directa;OBRA;Concluido;;;;;;;;;
253;PE;11728;PNSU;50130;2217350;AMPLIACION Y MEJORAMIENTO DE LOS SISTEMAS DE AGUA POTABLE Y ALCANTARILLADO DE LA LOCALIDAD DE HUANCA, CAYLLOMA - AREQUIPA;MUNICIPALIDAD DISTRITAL DE HUANCA;AREQUIPA;CAYLLOMA;HUANCA;2473;1279631;Transferencia;Directa;OBRA;Concluido;;;;;;;;;
254;PE;11729;PNSU;72566;2086230;MEJORAMIENTO Y AMPLIACIÓN DEL SISTEMA DE AGUA POTABLE Y ALCANTARILLADO EN LA LOCALIDAD DE MADRIGAL, DISTRITO DE MADRIGAL - PROVINCIA DE CAYLLOMA - AREQUIPA;MUNICIPALIDAD DISTRITAL DE MADRIGAL;AREQUIPA;CAYLLOMA;MADRIGAL;1200;1898122.51;Transferencia;Directa;OBRA;Concluido;;;;;;;;;
255;PE;11730;PNSU;98928;2091733;INSTALACION DE LOS SISTEMAS DE AGUA POTABLE Y DESAGUE EN EL CENTRO POBLADO PEDREGAL SUR, DISTRITO DE MAJES - CAYLLOMA - AREQUIPA;MUNICIPALIDAD DISTRITAL DE MAJES;AREQUIPA;CAYLLOMA;MAJES;7595;10116943.75;Transferencia;Indirecta;OBRA;Concluido;;;;;;;;;
256;PE;11731;PNSU;141994;2132733;INSTALACION DE LOS SISTEMAS DE AGUA POTABLE Y DESAGUE EN CIUDAD MAJES MODULOS A, B, C, D, E, F Y G Y VILLA INDUSTRIAL, DISTRITO DE MAJES - CAYLLOMA - AREQUIPA;MUNICIPALIDAD DISTRITAL DE MAJES;AREQUIPA;CAYLLOMA;MAJES;21938;126250587.7;Transferencia;Indirecta;OBRA;Concluido;;;;;;;;;
257;PE;11732;PNSU;243354;2223181;MEJORAMIENTO DE LOS SERVICIOS DE AGUA POTABLE Y ALCANTARILLADO EN LA LOCALIDAD DE YANQUE, DISTRITO DE YANQUE, PROVINCIA DE CAYLLOMA - AREQUIPA;MUNICIPALIDAD DISTRITAL DE YANQUE;AREQUIPA;CAYLLOMA;YANQUE;2485;3438309.47;Transferencia;Indirecta;OBRA;Concluido;;;;;;;;;
258;PE;11733;PNSU;9443;2030179;MEJORAMIENTO DE LA RED DE AGUA POTABLE Y DESAGÜE DE LA LOCALIDAD DE ANDARAY - AREQUIPA;GOBIERNO REGIONAL  DE AREQUIPA;AREQUIPA;CONDESUYOS;ANDARAY;1536;623801.04;Transferencia;Directa;OBRA;Concluido;;;;;;;;;
259;PE;11734;PNSU;31503;2028835;MEJORAMIENTO DE LA PLANTA DE TRATAMIENTO DE AGUAS RESIDUALES DEL DISTRITO DE CHUQUIBAMBA, CONDESUYOS – AREQUIPA;MUNICIPALIDAD PROVINCIAL DE CONDENSUYOS;AREQUIPA;CONDESUYOS;CHUQUIBAMBA;4123;487466;Transferencia;Indirecta;OBRA;Concluido;;;;;;;;;
260;PE;11735;PNSU;323901;2280051;MEJORAMIENTO DEL SISTEMA DE AGUA POTABLE Y ALCANTARILLADO, CENTRO POBLADO ISPACAS - CHAUPI, DISTRITO DE YANAQUIHUA - CONDESUYOS - AREQUIPA;MUNICIPALIDAD DISTRITAL DE YANAQUIHUA;AREQUIPA;CONDESUYOS;YANAQUIHUA;5912;2777787.07;Transferencia;Indirecta;OBRA;Concluido;;;;;;;;;
261;PE;11736;PNSU;53654;2046271;MEJORAMIENTO DEL SISTEMA DE ABASTECIMIENTO DE AGUA POTABLE MOLLENDO - MATARANI;EMPRESA DE SERVICIO DE AGUA POTABLE Y ALCANTARILLADO DE AREQUIPA S.A - SEDAPAR S.A.;AREQUIPA;ISLAY;MOLLENDO;33970;10104342;Transferencia;Indirecta;OBRA;Concluido;;;;;;;;;
262;PE;11737;PNSU;195122;2150527;MEJORAMIENTO Y AMPLIACION DE LA INFRAESTRUCTURA DE AGUA POTABLE Y AGUAS RESIDUALES DE COTAHUASI, PROVINCIA DE LA UNION - AREQUIPA;MUNICIPALIDAD PROVINCIAL DE LA UNION;AREQUIPA;LA UNION;COTAHUASI;2788;7993902.5;Transferencia;Indirecta;OBRA;Concluido;;;;;;;;;
263;PE;11738;PNSU;185535;2215709;MEJORAMIENTO Y AMPLIACION DEL SERVICIO DE AGUA POTABLE Y SANEAMIENTO EN LA CIUDAD DE CANGALLO, PROVINCIA DE CANGALLO - AYACUCHO;MUNICIPALIDAD PROVINCIAL DE CANGALLO;AYACUCHO;CANGALLO;CANGALLO;2580;4905009.2;Transferencia;Indirecta;OBRA;Concluido;;;;;;;;;
264;PE;11739;PNSU;177427;2135832;AMPLIACION DEL SISTEMA DE AGUA POTABLE Y CONSTRUCCION DE ALCANTARILLADO EN EL CENTRO POBLADO DE CHANQUIL DE LOS MOROCHUCOS, PROVINCIA DE CANGALLO - AYACUCHO;MUNICIPALIDAD PROVINCIAL DE CANGALLO;AYACUCHO;CANGALLO;LOS MOROCHUCOS;1022;3748564.03;Transferencia;Indirecta;OBRA;Concluido;;;;;;;;;
265;PE;11740;PNSU;291089;2196338;MEJORAMIENTO DE LOS SERVICIOS DE AGUA POTABLE Y SANEAMIENTO  EN ASENTAMIENTOS PERIURBANOS DE LA LOCALIDAD DE PAMPA CANGALLO, DISTRITO DE LOS MOROCHUCOS - CANGALLO - AYACUCHO;MUNICIPALIDAD DISTRITAL DE LOS MOROCHUCOS;AYACUCHO;CANGALLO;LOS MOROCHUCOS;2329;5056579.94;Transferencia;Indirecta;OBRA;Concluido;;;;;;;;;
266;PE;11741;PNSU;52675;2047323;AMPLIACION Y MEJORAMIENTO DE AGUA POTABLE ACOCRO EN EL DISTRITO DE ACOCRO, PROVINCIA DE HUAMANGA - AYACUCHO;MUNICIPALIDAD PROVINCIAL DE HUAMANGA;AYACUCHO;HUAMANGA;ACOCRO;3424;793741.68;Transferencia;Indirecta;OBRA;Concluido;;;;;;;;;
267;PE;11742;PNSU;216601;2226338;MEJORAMIENTO Y REHABILITACIÒN DE LAS REDES DE DISTRIBUCION DEL SISTEMA DE AGUA POTABLE Y REDES COLECTORAS DEL SISTEMA DE ALCANTARILLADO, EN EL CONJUNTO HABITACIONAL JOSE ORTIZ VERGARA, DISTRITO DE AYACUCHO, PROVINCIA DE HUAMANGA - AYACUCHO;MUNICIPALIDAD PROVINCIAL DE HUAMANGA;AYACUCHO;HUAMANGA;AYACUCHO;5857;768629.28;Transferencia;Directa;OBRA;Concluido;;;;;;;;;
268;PE;11743;PNSU;240595;2217534;AMPLIACION Y REHABILITACIÓN DE LOS SERVICIOS DE AGUA POTABLE Y ALCANTARILLADO EN LA ASOCIACIÓN BASILIO AUQUI DEL DISTRITO DE AYACUCHO, PROVINCIA DE HUAMANGA - AYACUCHO;MUNICIPALIDAD PROVINCIAL DE HUAMANGA;AYACUCHO;HUAMANGA;AYACUCHO;1758;973993.98;Transferencia;Directa;OBRA;Concluido;;;;;;;;;
269;PE;11744;PNSU;20326;2022746;REHABILITACION Y AMPLIACION COMPLEMENTARIO DEL PROYECTO DE AGUA POTABLE Y ALCANTARILLADO DE LA CIUDAD DE AYACUCHO;MUNICIPALIDAD PROVINCIAL DE HUAMANGA;AYACUCHO;HUAMANGA;AYACUCHO;12865;5311113;Transferencia;Indirecta;OBRA;Concluido;;;;;;;;;
270;PE;11745;PNSU;30637;2031599;MEJORAMIENTO DE LA LINEA DE CONDUCCION DE AGUA CRUDA, TRAMO CAMPANAYOCC-QUICAPATA DE LA PLANTA DE TRATAMIENTO DE AGUA POTABLE DE LA CIUDAD DE AYACUCHO;MUNICIPALIDAD PROVINCIAL DE HUAMANGA;AYACUCHO;HUAMANGA;AYACUCHO;20862;2532910;Transferencia;Indirecta;OBRA;Concluido;;;;;;;;;
271;PE;11746;PNSU;55506;2055858;IMPLEMENTACION DEL SISTEMA DE AGUA POTABLE, SISTEMA DE ALCANTARILLADO Y TRATAMIENTO DE AGUAS RESIDUALES DE LAS LOCALIDADES DE HUASCAHURA, MOLLEPATA Y ANEXOS;EPSASA - GRA;AYACUCHO;HUAMANGA;AYACUCHO;11981;71379743.83;Transferencia;Indirecta;OBRA;Convenio Resuelto;;;;;;;;;
272;PE;11747;PNSU;89319;2081322;CONSTRUCCION Y MEJORAMIENTO DEL SISTEMA DE DRENAJE PLUVIAL DE LA MARGEN IZQUIERDA DEL RIO ALAMEDA Y CENTRO HISTORICO DE LA CIUDAD DE AYACUCHO, DISTRITO DE AYACUCHO, PROVINCIA DE HUAMANGA - AYACUCHO;MUNICIPALIDAD PROVINCIAL DE HUAMANGA;AYACUCHO;HUAMANGA;AYACUCHO;42845;67348622.4;Transferencia;Indirecta;OBRA;Concluido;;;;;;;;;
273;PE;11748;PNSU;181541;2235783;MEJORAMIENTO DE LA LINEA DE CONDUCCION DE AGUA POTABLE DE RESERVORIO ACUCHIMAY A JIRON QUINUA DE LA CIUDAD DE AYACUCHO;ENTIDAD PRESTADORA DE SERVICIOS DE SANEAMIENTO AYACUCHO S.A.;AYACUCHO;HUAMANGA;AYACUCHO;11855;2127473.88;Transferencia;Indirecta;OBRA;Concluido;;;;;;;;;
274;PE;11749;PNSU;102412;2094115;MEJORAMIENTO DE LA LINEA DE CONDUCCION DE AGUA POTABLE DE RESERVORIO QUICAPATA A RESERVORIO LIBERTADORES 1 DE LA CIUDAD DE AYACUCHO;SERVICIO DE AGUA POTABLE Y ALCANTARILLADO DE AYACUCHO S.A.;AYACUCHO;HUAMANGA;AYACUCHO;42768;6786879;Transferencia;Indirecta;OBRA;Concluido;;;;;;;;;
275;PE;11750;PNSU;281184;2241375;AMPLIACION Y MEJORAMIENTO DE LOS SERVICIOS DE AGUA POTABLE Y DESAGÜE EN EL AA. HH. VENCEDORES DEL SEÑOR DE PALACIO, AA. VV. NUEVA CONCEPCIÓN, AA. VV. SILVO FORESTAL, AA. VV. SANTA LUISA, AA.VV. SAN FELIPE ALTO Y AA. VV. LA FLORIDA DEL DISTRITO DE AYACUCHO, PROVINCIA DE HUAMANGA - AYACUCHO;MUNICIPALIDAD PROVINCIAL DE HUAMANGA;AYACUCHO;HUAMANGA;AYACUCHO;3050;7969077.57;Transferencia;Indirecta;OBRA;Concluido;;;;;;;;;
276;PE;11751;PNSU;361950;2325250;MEJORAMIENTO Y AMPLIACIÓN  DE LOS SERVICIOS DE AGUA POTABLE Y ALCANTARILLADO SANITARIO EN LA ASOCIACIÓN UNIÓN PROGRESO DESARROLLO 15 DE MAYO, DISTRITO DE AYACUCHO, PROVINCIA DE HUAMANGA - AYACUCHO;MUNICIPALIDAD PROVINCIAL DE HUAMANGA;AYACUCHO;HUAMANGA;AYACUCHO;1185;2113682.56;Transferencia;Indirecta;OBRA;Concluido;;;;;;;;;
277;PE;11752;PNSU;370736;2331397;MEJORAMIENTO Y AMPLIACION DEL SISTEMA DE AGUA POTABLE Y ALCANTARILLADO SANITARIO EN EL SECTOR DE WAYCHAOPAMPA PARTE ALTA Y BARRIO ANDAMARCA DE LA COMUNIDAD CAMPESINA ANDAMARCA, DISTRITO DE AYACUCHO, PROVINCIA DE HUAMANGA - AYACUCHO;MUNICIPALIDAD PROVINCIAL DE HUAMANGA;AYACUCHO;HUAMANGA;AYACUCHO;1238;3088068.77;Transferencia;Indirecta;OBRA;Concluido;;;;;;;;;
278;PE;11753;PNSU;6336;2022711;AMPLIACIÓN DE LOS SERVICIOS DE AGUA POTABLE Y ALCANTARILLADO DE LA LOCALIDAD DE CARMEN ALTO;MUNICIPALIDAD DISTRITAL DE CARMEN ALTO;AYACUCHO;HUAMANGA;CARMEN ALTO;17066;2899585;Transferencia;Directa;OBRA;Concluido;;;;;;;;;
279;PE;11754;PNSU;337580;2302709;AMPLIACION Y MEJORAMIENTO DEL SISTEMA DE AGUA POTABLE Y ALCANTARILLADO EN LAS CALLES DEL PP.JJ. VISTA ALEGRE, LA PAZ Y CENTRO POBLADO DE QUICAPATA, DEL, DISTRITO DE CARMEN ALTO - HUAMANGA - AYACUCHO;MUNICIPALIDAD DISTRITAL DE CARMEN ALTO;AYACUCHO;HUAMANGA;CARMEN ALTO;2246;5686796.42;Transferencia;Indirecta;OBRA;Concluido;;;;;;;;;
280;PE;11755;PNSU;339220;2300996;CREACION DE LOS SERVICIOS DE AGUA POTABLE Y ALCANTARILLADO EN 09 ASOCIACIONES DEL SECTOR DE YANAMA, DISTRITO DE CARMEN ALTO - HUAMANGA - AYACUCHO;MUNICIPALIDAD DISTRITAL DE CARMEN ALTO;AYACUCHO;HUAMANGA;CARMEN ALTO;13160;38016582.96;Transferencia;Indirecta;OBRA;Concluido;;;;;;;;;
281;PE;11756;PNSU;68954;2311510;CONSTRUCCION DEL SISTEMA DE AGUA POTABLE, ALCANTARILLADO Y TRATAMIENTO DE AGUAS RESIDUALES DE LAS LOCALIDADES DEL CONO SUR DE AYACUCHO;GOBIERNO REGION AYACUCHO;AYACUCHO;HUAMANGA;CARMEN ALTO;28500;164311765;Transferencia;Indirecta;EXPEDIENTE TECNICO;Concluido;;;;;;;;;
282;PE;11757;PNSU;135414;2118307;AMPLIACION Y MEJORAMIENTO DEL SERVICIO DE AGUA POTABLE E INSTALACIÓN DE ALCANTARILLADO EN EL CENTRO POBLADO MENOR DE ALLPACHACA, DISTRITO DE CHIARA - HUAMANGA - AYACUCHO;MUNICIPALIDAD DISTRITAL DE CHIARA;AYACUCHO;HUAMANGA;CHIARA;1475;1463385.5;Transferencia;Directa;OBRA;Concluido;;;;;;;;;
283;PE;11758;PNSU;334275;2292977;MEJORAMIENTO Y AMPLIACION DE LOS SERVICIOS DE AGUA POTABLE E INSTALACION DEL SISTEMA DE ALCANTARILLADO EN EL ASENTAMIENTO HUMANO UNION HUICHCCANA, DISTRITO DE JESUS NAZARENO - HUAMANGA - AYACUCHO;MUNICIPALIDAD DISTRITAL JESUS NAZARENO;AYACUCHO;HUAMANGA;JESUS NAZARENO;5250;10550202;Transferencia;Indirecta;OBRA;Concluido;;;;;;;;;
284;PE;11759;PNSU;370993;2331669;MEJORAMIENTO Y AMPLIACIÓN DEL SERVICIO DE AGUA POTABLE Y CREACION DE LA PLANTA DE TRATAMIENTO DE AGUA POTABLE EN PACAYCASA, DISTRITO DE PACAYCASA - HUAMANGA - AYACUCHO;MUNICIPALIDAD DISTRITAL DE PACAICASA;AYACUCHO;HUAMANGA;PACAYCASA;3160;11861901.9;Transferencia;Indirecta;OBRA;Concluido;;;;;;;;;
285;PE;11760;PNSU;107243;2095981;AMPLIACIÓN Y MEJORAMIENTO DEL SISTEMA DE AGUA POTABLE, SISTEMA DE ALCANTARILLADO Y PLANTA DE TRATAMIENTO EN LA ZONA URBANA DEL, DISTRITO DE QUINUA - HUAMANGA - AYACUCHO;MUNICIPALIDAD DISTRITAL DE QUINUA;AYACUCHO;HUAMANGA;QUINUA;2464;3856218.41;Transferencia;Indirecta;OBRA;Concluido;;;;;;;;;
286;PE;11761;PNSU;68149;2068180;INSTALACION AGUA POTABLE Y SANEAMIENTO BASICO HUALLHUAYOCC, DISTRITO DE QUINUA - HUAMANGA - AYACUCHO;MUNICIPALIDAD DISTRITAL DE QUINUA;AYACUCHO;HUAMANGA;QUINUA;143;146443;Transferencia;Directa;OBRA;Concluido;;;;;;;;;
287;PE;11762;PNSU;188940;2148924;AMPLIACION Y MEJORAMIENTO DEL SAP Y LETRINAS SANITARIAS ORCCOHUASI, CHACAPUQUIO, DISTRITO DE SAN JOSE DE TICLLAS - HUAMANGA - AYACUCHO;MUNICIPALIDAD DISTRITAL DE SAN JOSE DE TICLLAS;AYACUCHO;HUAMANGA;SAN JOSE DE TICLLAS;420;232168.66;Transferencia;Directa;OBRA;Concluido;;;;;;;;;
288;PE;11763;PNSU;65800;2059340;AMPLIACION DE RED DE AGUA POTABLE Y ALCANTARILLADO EN LA ASOCIACION EL PORVENIR Y SECTOR LOS OLIVOS I ETAPA EN EL DISTRITO DE SAN JUAN BAUTISTA DE LA CIUDAD DE AYACUCHO;MUNICIPALIDAD DISTRITAL DE SAN JUAN BAUTISTA;AYACUCHO;HUAMANGA;SAN JUAN BAUTISTA;550;289356;Transferencia;Directa;OBRA;Concluido;;;;;;;;;
289;PE;11764;PNSU;219354;2219969;INSTALACIÓN DE LA RED DE AGUA Y DESAGUE EN LAS ASOCIACIONES  LAS AMERICAS SECTOR I PARTE BAJA, LAS AMERICAS SECTOR I EMERGENCIA, SANTA LEONOR Y LA VICTORIA, DISTRITO DE SAN JUAN BAUTISTA-HUAMANGA-AYACUCHO;MUNICIPALIDAD DISTRITAL DE SAN JUAN BAUTISTA;AYACUCHO;HUAMANGA;SAN JUAN BAUTISTA;2252;3185815.75;Transferencia;Indirecta;OBRA;Concluido;;;;;;;;;
290;PE;11765;PNSU;228745;2165259;AMPLIACION Y MEJORAMIENTO DE LOS SERVICIOS DE AGUA Y DESAGUE DE LA ASOCIACION DE VIVIENDAS SAN LUIS DE TINAJERAS, BELLAVISTA II, TAHUANTINSUYO, INCA GARCILAZO DE LA VEGA, 11 DE ABRIL, DISTRITO DE SAN JUAN BAUTISTA - HUAMANGA - AYACUCHO;MUNICIPALIDAD DISTRITAL DE SAN JUAN BAUTISTA - AYACUCHO;AYACUCHO;HUAMANGA;SAN JUAN BAUTISTA;1758;1302929.22;Transferencia;Indirecta;OBRA;Concluido;;;;;;;;;
291;PE;11766;PNSU;285693;2242471;INSTALACION DE REDES DE AGUA POTABLE Y ALCANTARILLADO  EN EL SECTOR ÑAHUIMPUQUIO ALTA DEL, DISTRITO DE SAN JUAN BAUTISTA - HUAMANGA - AYACUCHO;MUNICIPALIDAD DISTRITAL DE SAN JUAN BAUTISTA;AYACUCHO;HUAMANGA;SAN JUAN BAUTISTA;1264;5010865.53;Transferencia;Indirecta;OBRA;Concluido;;;;;;;;;
292;PE;11767;PNSU;177244;2163775;AMPLIACION  DE LAS REDES DE AGUA POTABLE Y ALCANTARILLADO EN LOS ASENTAMIENTOS HUMANOS NUEVA ESPERANZA, HEROES DE ARICA, MARTIRES DE LA PAZ, LAS LOMAS, MIRADOR, JOSE CARLOS MARIATEGUI Y ALBAÑILES  DEL DISTRITO DE SAN JUAN BAUTISTA, HUAMANGA-AYACUCHO;MUNICIPALIDAD DISTRITAL DE SAN JUAN BAUTISTA;AYACUCHO;HUAMANGA;SAN JUAN BAUTISTA;956;6197495.5;Transferencia;Indirecta;OBRA (SALDO);Concluido;;;;;;;;;
293;PE;11768;PNSU;382028;2343351;MEJORAMIENTO DE REDES DE AGUA Y DESAGUE EN LOS JIRONES MARIANO BELLIDO, 24 DE JUNIO, LA MAR, MUNIVE, MADRID, WARI, ARICA, MOORE, RIOJA, PASAJES 05 DE FEBRERO, PASAJE S/N Y PASAJE TÚPAC AMARU, DISTRITO DE SAN JUAN BAUTISTA - HUAMANGA - AYACUCHO;MUNICIPALIDAD DISTRITAL DE SAN JUAN BAUTISTA;AYACUCHO;HUAMANGA;SAN JUAN BAUTISTA;2635;4850915.24;Transferencia;Indirecta;OBRA;Concluido;;;;;;;;;
294;PE;11769;PNSU;341369;2301970;MEJORAMIENTO Y AMPLIACION RED DE AGUA Y DESAGUE EN EL MARGEN DERECHO E IZQUIERDO DE LA QUEBRADA CHAQUIHUAYCCO ENTRE EL PUENTE APURIMAC Y EL JR. LOS ROSALES 1+410M, DISTRITO DE SAN JUAN BAUTISTA - HUAMANGA - AYACUCHO;MUNICIPALIDAD DISTRITAL DE SAN JUAN BAUTISTA;AYACUCHO;HUAMANGA;SAN JUAN BAUTISTA;1730;11425338.84;Transferencia;Directa;OBRA (SALDO);Concluido;;;;;;;;;
295;PE;11770;PNSU;361609;2324878;CREACION DEL SISTEMA DE DRENAJE PLUVIAL  EN EL JR. LOS ÁLAMOS 1,2, 3 Y 4 CUADRA, JR. LOS PINOS 1 CUADRA Y QUEBRADA SECA, EN EL SECTOR LOS OLIVOS, DISTRITO DE SAN JUAN BAUTISTA - HUAMANGA - AYACUCHO;MUNICIPALIDAD DISTRITAL DE SAN JUAN BAUTISTA;AYACUCHO;HUAMANGA;SAN JUAN BAUTISTA;1338;8076240.14;Transferencia;Indirecta;OBRA;Concluido;;;;;;;;;
296;PE;11771;PNSU;362043;2325346;CREACION DEL SISTEMA DE DRENAJE PLUVIAL  EN LOS JIRONES MARIANO BELLIDO, 24 DE JUNIO, LA MAR, MUNIVE, MADRID Y WARI, DISTRITO DE SAN JUAN BAUTISTA - HUAMANGA - AYACUCHO;MUNICIPALIDAD DISTRITAL DE SAN JUAN BAUTISTA;AYACUCHO;HUAMANGA;SAN JUAN BAUTISTA;21464;7797651.71;Transferencia;Indirecta;OBRA;Concluido;;;;;;;;;
297;PE;11772;PNSU;376947;2338024;MEJORAMIENTO Y REHABILITACIÓN DEL SISTEMA DE SANEAMIENTO BÁSICO DE LOS BARRIOS SAN MARTIN, MATARCCOCHA, SOCOS Y ORCCOPUQUIO ALTA, DISTRITO DE SOCOS - HUAMANGA - AYACUCHO;MUNICIPALIDAD DISTRITAL DE SOCOS;AYACUCHO;HUAMANGA;SOCOS;1245;5126114.35;Transferencia;Indirecta;OBRA;Concluido;;;;;;;;;
298;PE;11773;PNSU;2602482;2602482;MEJORAMIENTO Y AMPLIACION DEL SERVICIO DE TRATAMIENTO DE AGUAS RESIDUALES PARA DISPOSICIÓN FINAL EN EL SISTEMA DE TRATAMIENTO DE AGUAS RESIDUALES DE LAS LOCALIDADES DE SAN MARTIN, MATARCCOCHA, ORCCOPUQUIO ALTA, CHUNYACC, ORCCOTA Y SAN CRISTOBAL DEL   DISTRITO DE SOCOS DE LA PROVINCIA DE HUAMANGA DEL DEPARTAMENTO DE AYACUCHO;MUNICIPALIDAD DISTRITAL DE SOCOS;AYACUCHO;HUAMANGA;SOCOS;2041;3262971.66;Transferencia;Indirecta;OBRA;En Ejecución;;;;;;;;;
299;PE;11774;PNSU;194263;2204290;AMPLIACION Y MEJORAMIENTO DEL SERVICIO DE AGUA POTABLE, ALCANTARILLADO Y PLANTA DE TRATAMIENTO DE AGUAS RESIDUALES EN EL DISTRITO DE SANCOS, PROVINCIA DE HUANCA SANCOS - AYACUCHO;MUNICIPALIDAD PROVINCIAL DE HUANCA SANCOS;AYACUCHO;HUANCA SANCOS;SANCOS;3745;3056868.61;Transferencia;Indirecta;OBRA;Concluido;;;;;;;;;
300;PE;11775;PNSU;364823;2328472;MEJORAMIENTO Y AMPLIACIÓN DE LOS SERVICIOS DE AGUA POTABLE, ALCANTARILLADO Y PLANTA DE TRATAMIENTO DE AGUAS RESIDUALES EN LOS BARRIOS DE SONQO, ACUCHIMAY, YANAMA Y PISQONTO DEL DISTRITO DE SANCOS, PROVINCIA DE HUANCA SANCOS - AYACUCHO;MUNICIPALIDAD PROVINCIAL DE HUANCA SANCOS - SANCOS;AYACUCHO;HUANCA SANCOS;SANCOS;1152;5735096.65;Transferencia;Indirecta;OBRA;Concluido;;;;;;;;;
301;PE;11776;PNSU;9999;2045164;MEJORAMIENTO Y AMPLIACION DEL SISTEMA DE AGUA POTABLE Y DEL SISTEMA DE ALCANTARILLADO DE LA CIUDAD DE HUANTA;MUNICIPALIDAD PROVINCIAL DE HUANTA;AYACUCHO;HUANTA;HUANTA;30431;39065808.52;Transferencia;Directa;OBRA (SALDO);Concluido;;;;;;;;;
302;PE;11777;PNSU;58062;2065642;INSTALACION DEL SISTEMA DE ALCANTARILLADO Y MEJORAMIENTO DEL SISTEMA DE AGUA POTABLE EN LOS ANEXOS DE QUISPICANCHA Y HUAYHUAS, DISTRITO DE IGUAIN - HUANTA - AYACUCHO;MUNICIPALIDAD DISTRITAL DE IGUAIN;AYACUCHO;HUANTA;IGUAIN;1023;1185047;Transferencia;Directa;OBRA;Concluido;;;;;;;;;
303;PE;11778;PNSU;116962;2096111;AMPLIACIÓN, MEJORAMIENTO DEL SISTEMA DE AGUA POTABLE Y ALCANTARILLADO EN LA CAPITAL DEL DISTRITO DE LLOCHEGUA HUANTA - AYACUCHO;MUNICIPALIDAD DISTRITAL DE LLOCHEGUA;AYACUCHO;HUANTA;LLOCHEGUA;5241;27042170.42;Transferencia;Indirecta;OBRA (SALDO);Paralizada;;;;;;;;;
304;PE;11779;PNSU;61398;2066077;INSTALACION DEL SISTEMA DE ALCANTARILLADO Y MEJORAMIENTO - AMPLIACION DEL SISTEMA DE AGUA POTABLE EN EL CENTRO POBLADO DE HUAYLLAY, DISTRITO DE LURICOCHA - HUANTA - AYACUCHO;MUNICIPALIDAD DISTRITAL DE LURICOCHA;AYACUCHO;HUANTA;LURICOCHA;950;1057447.99;Transferencia;Indirecta;OBRA;Concluido;;;;;;;;;
305;PE;11780;PNSU;176683;2140448;INSTALACION DEL SISTEMA DE AGUA POTABLE Y LETRINAS EN EL CENTRO POBLADO DE PUTIS, DISTRITO DE SANTILLANA - HUANTA - AYACUCHO;MUNICIPALIDAD DISTRITAL DE SANTILLANA;AYACUCHO;HUANTA;SANTILLANA;695;1771602.36;Transferencia;Indirecta;OBRA;Concluido;;;;;;;;;
306;PE;11781;PNSU;113314;2095205;AMPLIACION Y MEJORAMIENTO DEL SISTEMA DE AGUA POTABLE, ALCANTARILLADO Y TRATAMIENTO DE AGUAS SERVIDAS EN LA LOCALIDAD DE CHACA, DISTRITO DE SANTILLANA - HUANTA - AYACUCHO;MUNICIPALIDAD DISTRITAL DE SANTILLANA;AYACUCHO;HUANTA;SANTILLANA;1009;299426;Transferencia;Directa;OBRA;Concluido;;;;;;;;;
307;PE;11782;PNSU;114009;2095202;AMPLIACION Y MEJORAMIENTO DEL SISTEMA DE AGUA POTABLE, ALCANTARILLADO Y TRATAMIENTO DE AGUAS SERVIDAS EN LA LOCALIDAD DE SAN JOSE DE SECCE, DISTRITO DE SANTILLANA - HUANTA - AYACUCHO;MUNICIPALIDAD DISTRITAL DE SANTILLANA;AYACUCHO;HUANTA;SANTILLANA;846;298499.51;Transferencia;Directa;OBRA;Concluido;;;;;;;;;
308;PE;11783;PNSU;57376;2054378;MEJORAMIENTO Y CONSTRUCCION DE PLANTA DE TRATAMIENTO DEL SISTEMA AGUA POTABLE Y TRATAMIENTO DE AGUA SERVIDA DEL DISTRITO DE SIVIA - HUANTA - AYACUCHO;MUNICIPALIDAD DISTRITAL DE SIVIA;AYACUCHO;HUANTA;SIVIA;10848;5022395;Transferencia;Indirecta;OBRA;Concluido;;;;;;;;;
309;PE;11784;PNSU;45854;2052118;INSTALACION DE SISTEMA DE ALCANTARILLADO Y CONSTRUCCION DE PLANTA DE TRATAMIENTO DE AGUAS SERVIDAS EN LA LOCALIDAD DE ARWIMAYO , DISTRITO DE ANCO-LA MAR-AYACUCHO;MUNICIPALIDAD DISTRITAL DE ANCO;AYACUCHO;LA MAR;ANCO;666;658603;Transferencia;Directa;OBRA;Concluido;;;;;;;;;
310;PE;11785;PNSU;62811;2066596;INSTALACION Y MEJORAMIENTO DEL SISTEMA DE SERVICIO DE SANEAMIENTO BASICO EN LA LOCALIDAD DE PATERINE, DISTRITO DE ANCO - LA MAR - AYACUCHO;MUNICIPALIDAD DISTRITAL DE ANCO;AYACUCHO;LA MAR;ANCO;827;375843;Transferencia;Directa;OBRA;Concluido;;;;;;;;;
311;PE;11786;PNSU;104242;2095979;AMPLIACIÓN Y MEJORAMIENTO DEL SISTEMA DE AGUA POTABLE, ALCANTARILLADO Y CONSTRUCCIÓN DE PLANTA DE TRATAMIENTO DE AGUAS SERVIDAS EN LA LOCALIDADES DE SAN MARTIN Y SAN ANTONIO, DISTRITO DE ANCO - LA MAR - AYACUCHO;MUNICIPALIDAD DISTRITAL DE ANCO;AYACUCHO;LA MAR;ANCO;2426;1704000;Transferencia;Directa;OBRA;Concluido;;;;;;;;;
312;PE;11787;PNSU;76118;2071042;AMPLIACION Y MEJORAMIENTO DEL SERVICIO DE SANEAMIENTO BASICO DE LA LOCALIDAD DE CHIQUINTIRCA, DISTRITO DE ANCO - LA MAR - AYACUCHO;MUNICIPALIDAD DISTRITAL DE ANCO;AYACUCHO;LA MAR;ANCO;748;688965;Transferencia;Directa;OBRA;Concluido;;;;;;;;;
313;PE;11788;PNSU;57748;2056571;INSTALACION DEL SISTEMA DE ALCANTARILLADO Y MEJORAMIENTO DEL SISTEMA DE AGUA POTABLE EN EL CENTRO POBLADO DE CCENTABAMBA, DISTRITO DE AYNA - LA MAR - AYACUCHO;MUNICIPALIDAD DISTRITAL DE AYNA SAN FRANCISCO;AYACUCHO;LA MAR;AYNA;510;622372;Transferencia;Directa;OBRA;Concluido;;;;;;;;;
314;PE;11789;PNSU;57330;2056572;INSTALACION DEL SISTEMA DE ALCANTARILLADO Y MEJORAMIENTO DEL SISTEMA DE AGUA POTABLE EN EL ANEXO DE SAN MARTIN, DISTRITO DE AYNA - LA MAR - AYACUCHO;MUNICIPALIDAD DISTRITAL DE AYNA SAN FRANCISCO;AYACUCHO;LA MAR;AYNA;535;808958;Transferencia;Directa;OBRA;Concluido;;;;;;;;;
315;PE;11790;PNSU;78971;2072099;INSTALACION DEL SERVICIO DE AGUA POTABLE Y LETRINAS EN LA COMUNIDAD DE ORONCCOY, DISTRITO DE CHUNGUI - LA MAR - AYACUCHO;MUNICIPALIDAD DISTRITAL DE CHUNGUI;AYACUCHO;LA MAR;CHUNGUI;209;186876.17;Transferencia;Directa;OBRA;Concluido;;;;;;;;;
316;PE;11791;PNSU;147244;2128484;MEJORAMIENTO Y AMPLIACION DEL SISTEMA DE AGUA POTABLE E INSTALACION DEL SISTEMA DE ALCANTARILLADO EN EL CENTRO POBLADO DE PAMPAS, DISTRITO DE LUIS CARRANZA - LA MAR - AYACUCHO;MUNICIPALIDAD DISTRITAL DE LUIS CARRANZA;AYACUCHO;LA MAR;LUIS CARRANZA;660;894783.8;Transferencia;Directa;OBRA;Concluido;;;;;;;;;
317;PE;11792;PNSU;52357;2052294;INSTALACION MEJORAMIENTO Y AMPLIACIÓN DEL SISTEMA DE AGUA POTABLE E INSTALACIÓN DEL SISTEMA DE ALCANTARILLADO EN 08 LOCALIDADES, DISTRITO DE SANTA ROSA - LA MAR - AYACUCHO;MUNICIPALIDAD DISTRITAL DE SANTA ROSA;AYACUCHO;LA MAR;SANTA ROSA;3164;4474614;Transferencia;Indirecta;OBRA;Concluido;;;;;;;;;
318;PE;11793;PNSU;34844;2037615;MEJORAMIENTO Y AMPLIACION DEL SISTEMA DE AGUA POTABLE E INSTALACION DEL SISTEMA DE ALCANTARILLADO EN LA LOCALIDAD DE MIRAFLORES, DISTRITO DE SANTA ROSA - LA MAR - AYACUCHO;MUNICIPALIDAD DISTRITAL DE SANTA ROSA;AYACUCHO;LA MAR;SANTA ROSA;1100;796131;Transferencia;Directa;OBRA;Concluido;;;;;;;;;
319;PE;11794;PNSU;18014;2025627;MEJORAMIENTO DEL SISTEMA DE AGUA POTABLE E INSTALACION DEL SISTEMA DE ALCANTARILLADO EN EL CENTRO POBLADO MENOR DE MARINTARI;MUNICIPALIDAD DISTRITAL DE SANTA ROSA;AYACUCHO;LA MAR;SANTA ROSA;1695;792100;Transferencia;Directa;OBRA;Concluido;;;;;;;;;
320;PE;11795;PNSU;18175;2025625;MEJORAMIENTO DEL SISTEMA DE AGUA POTABLE E INSTALACION DEL SISTEMA DE ALCANTARILLADO EN EL CENTRO POBLADO MENOR DE COMUMPIARI;MUNICIPALIDAD DISTRITAL DE SANTA ROSA;AYACUCHO;LA MAR;SANTA ROSA;1395;687791;Transferencia;Directa;OBRA;Concluido;;;;;;;;;
321;PE;11796;PNSU;187526;2146566;INSTALACION DEL SISTEMA DE AGUA POTABLE Y ALCANTARILLADO EN LA COMUNIDAD DE SAN JUAN DE ORO, DISTRITO DE SANTA ROSA - LA MAR - AYACUCHO;MUNICIPALIDAD DISTRITAL DE SANTA ROSA;AYACUCHO;LA MAR;SANTA ROSA;150;257899.88;Transferencia;Directa;OBRA;Concluido;;;;;;;;;
322;PE;11797;PNSU;187533;2146603;MEJORAMIENTO, AMPLIACION DEL SISTEMA DE AGUA POTABLE Y ALCANTARILLADO EN LA COMUNIDAD DE YANASACHA, DISTRITO DE SANTA ROSA - LA MAR - AYACUCHO;MUNICIPALIDAD DISTRITAL DE SANTA ROSA;AYACUCHO;LA MAR;SANTA ROSA;185;296658.36;Transferencia;Directa;OBRA;Concluido;;;;;;;;;
323;PE;11798;PNSU;2521751;2521751;CREACION DEL SISTEMA DE DRENAJE PLUVIAL EN EL JR. SAN MIGUEL, JR. UNION, JR. AYACUCHO, AV. HUANTA, JR LIBERTAD, JR. JAVIER PEREZ DE CUELLAR Y JR LOS ROSALES DEL  DISTRITO DE SANTA ROSA - PROVINCIA DE LA MAR - DEPARTAMENTO DE AYACUCHO;MUNICIPALIDAD DISTRITAL DE SANTA ROSA;AYACUCHO;LA MAR;SANTA ROSA;5015;7533595.17;Transferencia;Indirecta;OBRA;Concluido;;;;;;;;;
324;PE;11799;PNSU;192583;2156740;MEJORAMIENTO Y AMPLIACIÓN DEL SISTEMA DE AGUA POTABLE, ALCANTARILLADO Y PLANTA DE TRATAMIENTO EN LA LOCALIDAD DE CABANA, DISTRITO DE CABANA-LUCANAS;MUNICIPALIDAD DISTRITAL DE CABANA;AYACUCHO;LUCANAS;CABANA;3042;4354078.08;Transferencia;Indirecta;OBRA;Concluido;;;;;;;;;
325;PE;11800;PNSU;160269;2128772;MEJORAMIENTO Y REHABILITACION DEL SISTEMA DE AGUA POTABLE Y ALCANTARILLADO DE LA LOCALIDAD DE ANDAMARCA, DISTRITO DE CARMEN SALCEDO, PROVINCIA DE LUCANAS - AYACUCHO;MUNICIPALIDAD DISTRITAL DE CARMEN SALCEDO;AYACUCHO;LUCANAS;CARMEN SALCEDO;1737;1859741.57;Transferencia;Indirecta;OBRA;Concluido;;;;;;;;;
326;PE;11801;PNSU;352812;2315375;MEJORAMIENTO Y AMPLIACION DEL SISTEMA DE ALCANTARLLADO E INSTALACION DE LAGUNA DE OXIDACION DE LA LOCALIDAD DE CHAVIÑA, DISTRITO DE CHAVINA - LUCANAS - AYACUCHO;MUNICIPALIDAD DISTRITAL DE CHAVIÑA;AYACUCHO;LUCANAS;CHAVIÑA;3691;6463095.8;Transferencia;Indirecta;OBRA;Cerrado;;;;;;;;;
327;PE;11802;PNSU;65422;2067351;AMPLIACION Y MEJORAMIENTO DE LOS SISTEMAS DE AGUA POTABLE, ALCANTARILLADO Y TRATAMIENTO DE AGUAS SERVIDAS - CHIPAO, PROVINCIA DE LUCANAS - AYACUCHO;MUNICIPALIDAD DISTRITAL DE CHIPAO;AYACUCHO;LUCANAS;CHIPAO;3165;5154307;Transferencia;Indirecta;OBRA;Concluido;;;;;;;;;
328;PE;11803;PNSU;78666;2071990;MEJORAMIENTO Y AMPLIACION DEL SISTEMA DE AGUA POTABLE EN LA LOCALIDAD DE SAN JUAN, DISTRITO DE SAN JUAN - LUCANAS - AYACUCHO;MUNICIPALIDAD DISTRITAL DE SAN JUAN;AYACUCHO;LUCANAS;SAN JUAN;1100;535900;Transferencia;Indirecta;OBRA;Concluido;;;;;;;;;
329;PE;11804;PNSU;18419;2161848;MEJORAMIENTO Y AMPLIACION DE LOS SISTEMAS DE AGUA POTABLE , ALCANTARILLADO Y TRATAMIENTO DE LAS AGUAS SERVIDAS EN EL DISTRITO DE CORACORA;MUNICIPALIDAD PROVINCIAL DE PARINACOCHA;AYACUCHO;PARINACOCHAS;CORACORA;9724;3682848;Transferencia;Indirecta;OBRA;Concluido;;;;;;;;;
330;PE;11805;PNSU;5004;2026750;MEJORAMIENTO DEL SISTEMA DE AGUA POTABLE CONSTRUCCION DEL SISTEMA DE ALCANTARILLADO Y TRATAMIENTO DE AGUAS SERVIDAS EN EL DISTRITO DE INCUYO;MUNICIPALIDAD DISTRITAL DE PUYUSCA;AYACUCHO;PARINACOCHAS;PUYUSCA;1400;1764493;Transferencia;Indirecta;OBRA;Concluido;;;;;;;;;
331;PE;11806;PNSU;55873;2065405;AMPLIACION Y MEJORAMIENTO DEL SISTEMA DE AGUA POTABLE, CONSTRUCCION DEL SISTEMA DE ALCANTARILLADO Y TRATAMIENTO DE AGUAS SERVIDAS CORCULLA, DISTRITO DE CORCULLA - PAUCAR DEL SARA SARA - AYACUCHO;MUNICIPALIDAD DISTRITAL DE CORCULLA;AYACUCHO;PAUCAR DEL SARA SARA;CORCULLA;350;624462;Transferencia;Directa;OBRA;Concluido;;;;;;;;;
332;PE;11807;PNSU;55343;2065353;INSTALACION DE AGUA Y ALCANTARILLADO DE SAN SEBASTIAN DE SACRACA DEL DISTRITO DE LAMPA, PROVINCIA DE PAUCAR DEL SARA SARA - AYACUCHO;MUNICIPALIDAD DISTRITAL DE LAMPA;AYACUCHO;PAUCAR DEL SARA SARA;LAMPA;3225;1030213;Transferencia;Indirecta;EXPEDIENTE TECNICO;Concluido;;;;;;;;;
333;PE;11808;PNSU;184418;2150528;MEJORAMIENTO Y REHABILITACION DEL SISTEMA DE AGUA POTABLE DEL DISTRITO DE OYOLO, PROVINCIA DE PAUCAR DEL SARA SARA - AYACUCHO;MUNICIPALIDAD DISTRITAL DE OYOLO;AYACUCHO;PAUCAR DEL SARA SARA;OYOLO;605;285661.66;Transferencia;Indirecta;EXPEDIENTE TECNICO;Concluido;;;;;;;;;
334;PE;11809;PNSU;347020;2308509;MEJORAMIENTO Y AMPLIACION DEL SERVICIO DE AGUA POTABLE Y SANEAMIENTO EN LA LOCALIDAD DE PAUSA Y SECTORES PERIURBANOS, DISTRITO DE PAUSA, PROVINCIA DE PAUCAR DEL SARA SARA - AYACUCHO;MUNICIPALIDAD PROVINCIAL DE PAUCAR DEL SARA SARA - PAUSA;AYACUCHO;PAUCAR DEL SARA SARA;PAUSA;4874;10291745.18;Transferencia;Indirecta;OBRA;Concluido;;;;;;;;;
335;PE;11810;PNSU;57175;2065528;INSTALACION DEL SISTEMA DE ALCANTARILLADO SEGUNDA ETAPA DEL DISTRITO DE SARA SARA, PROVINCIA DE PAUCAR DEL SARA SARA - AYACUCHO;MUNICIPALIDAD DISTRITAL DE SARA SARA;AYACUCHO;PAUCAR DEL SARA SARA;SARA SARA;1200;1144556;Transferencia;Directa;OBRA;Concluido;;;;;;;;;
336;PE;11811;PNSU;333491;2292075;AMPLIACION Y MEJORAMIENTO DEL SERVICIO DE AGUA POTABLE, ALCANTARILLADO Y SISTEMA DE TRATAMIENTO DE AGUAS RESIDUALES DE LA LOCALIDAD DE MORCOLLA CAPITAL DEL, DISTRITO DE MORCOLLA - SUCRE - AYACUCHO;MUNICIPALIDAD DISTRITAL DE MORCOLLA;AYACUCHO;SUCRE;MORCOLLA;2128;3227909.23;Transferencia;Indirecta;OBRA;Concluido;;;;;;;;;
337;PE;11812;PNSU;158850;2143218;REHABILITACION , MEJORAMIENTO Y AMPLIACIÓN DEL SISTEMA DE AGUA POTABLE Y ALCANTARILLADO, EN LA LOCALIDAD DE QUEROBAMBA, DISTRITO DE QUEROBAMBA, PROVINCIA DE SUCRE - AYACUCHO;MUNICIPALIDAD PROVINCIAL DE SUCRE - QUEROBAMBA;AYACUCHO;SUCRE;QUEROBAMBA;2285;44808454.15;Transferencia;Indirecta;OBRA;Paralizada;;;;;;;;;
338;PE;11813;PNSU;52104;2052117;INSTALACION DE SISTEMA DE ALCANTARILLADO DEL DISTRITO DE APONGO, PROVINCIA DE VICTOR FAJARDO - AYACUCHO;MUNICIPALIDAD DISTRITAL DE APONGO;AYACUCHO;VICTOR FAJARDO;APONGO;410;648012;Transferencia;Directa;OBRA;Concluido;;;;;;;;;
339;PE;11814;PNSU;354678;2317527;MEJORAMIENTO Y AMPLIACION DEL SERVICIO DE AGUA POTABLE, ALCANTARILLADO Y PLANTA DE TRATAMIENTO DE AGUAS RESIDUALES DEL CENTRO POBLADO DE TACA, DISTRITO DE CANARIA - VICTOR FAJARDO - AYACUCHO;MUNICIPALIDAD PROVINCIAL DE VICTOR FAJARDO - HUANCAPI;AYACUCHO;VICTOR FAJARDO;CANARIA;2661;11805498.96;Transferencia;Indirecta;OBRA;En Ejecución;;;;;;;;;
340;PE;11815;PNSU;375992;2336995;MEJORAMIENTO DE LOS   SERVICIOS    DE   AGUA POTABLE Y ALCANTARILLADO SANITARIO DE LA LOCALIDAD DE COLCA, DISTRITO DE COLCA - VICTOR FAJARDO - AYACUCHO;MUNICIPALIDAD DISTRITAL DE COLCA;AYACUCHO;VICTOR FAJARDO;COLCA;1843;3760531.74;Transferencia;Indirecta;OBRA;Concluido;;;;;;;;;
341;PE;11816;PNSU;208033;2215965;MEJORAMIENTO Y AMPLIACIÓN DEL SISTEMA DE AGUA POTABLE Y ALCANTARILLADO EN LA LOCALIDAD DE HUALLA, DISTRITO DE HUALLA, PROVINCIA DE VICTOR FAJARDO - AYACUCHO;MUNICIPALIDAD DISTRITAL DE HUALLA;AYACUCHO;VICTOR FAJARDO;HUALLA;2474;2405849.79;Transferencia;Indirecta;OBRA;Concluido;;;;;;;;;
342;PE;11817;PNSU;53814;2054307;MEJORAMIENTO Y AMPLIACION DEL SISTEMA DE AGUA POTABLE E INSTALACION DEL SISTEMA DE ALCANTARILLADO Y TRATAMIENTO DE AGUAS SERVIDAS DEL DISTRITO DE HUAMANQUIQUIA, PROVINCIA DE VICTOR FAJARDO - AYACUCHO;MUNICIPALIDAD DISTRITAL DE HUAMANQUIQUIA;AYACUCHO;VICTOR FAJARDO;HUAMANQUIQUIA;1208;1792137;Transferencia;Indirecta;EXPEDIENTE TECNICO;Concluido;;;;;;;;;
343;PE;11818;PNSU;57185;2054309;MEJORAMIENTO Y AMPLIACION DEL SISTEMA DE AGUA POTABLE E INSTALACION DEL SISTEMA DE ALCANTARILLADO EN 08 COMUNIDADES DEL DISTRITO DE TAMBILLO-HUAMANGA, PROVINCIA DE VICTOR FAJARDO - AYACUCHO;MUNICIPALIDAD DISTRITAL DE TAMBILLO;AYACUCHO;VICTOR FAJARDO;HUANCAPI;1692;1748890;Transferencia;Indirecta;EXPEDIENTE TECNICO;Concluido;;;;;;;;;
344;PE;11819;PNSU;383280;2344763;MEJORAMIENTO DE LOS SERVICIOS DE AGUA POTABLE Y ALCANTARILLADO EN EL PUEBLO DE HUANCAPI, PROVINCIA DE VICTOR FAJARDO - AYACUCHO;MUNICIPALIDAD PROVINCIAL DE VICTOR FAJARDO - HUANCAPI;AYACUCHO;VICTOR FAJARDO;HUANCAPI;2050;8232435.54;Transferencia;Indirecta;OBRA;En Ejecución;;;;;;;;;
345;PE;11820;PNSU;278058;2193050;AMPLIACION Y MEJORAMIENTO DEL SERVICIO DE AGUA POTABLE, ALCANTARILLADO  Y PLANTA DE TRATAMIENTO DE AGUAS SERVIDAS EN LA CIUDAD DE VILCASHUAMÁN, DISTRITO DE VILCASHUAMÁN, PROVINCIA DE VILCAS HUAMAN - AYACUCHO;MUNICIPALIDAD PROVINCIAL DE VILCASHUAMAN;AYACUCHO;VILCAS HUAMAN;VILCAS HUAMAN;2927;16102427.99;Transferencia;Indirecta;OBRA;Convenio Resuelto;;;;;;;;;
346;PE;11821;PNSU;2613901;2613901;CREACION DEL SERVICIO DE DRENAJE PLUVIAL EN LAS PRINCIPALES CALLES DE LOS TRAMOS  JR. YAKU RAKINA, JR. LOS AMAUTAS, AVENIDA CAMINO REAL Y AVENIDA LOS INCAS,   DISTRITO DE VILCAS HUAMAN DE LA PROVINCIA DE VILCAS HUAMAN DEL DEPARTAMENTO DE AYACUCHO;MUNICIPALIDAD PROVINCIAL DE VILCASHUAMAN;AYACUCHO;VILCAS HUAMAN;VILCAS HUAMAN;2672;6492441.36;Transferencia;Indirecta;OBRA;En Ejecución;;;;;;;;;
347;PE;11822;PNSU;326140;2284442;AMPLIACION DEL SERVICIO DE ALCANTARILLADO DEL CASERIO DE CASHAPAMPA, DISTRITO, PROVINCIA DE CAJABAMBA - CAJAMARCA;MUNICIPALIDAD PROVINCIAL DE CAJABAMBA;CAJAMARCA;CAJABAMBA;CAJABAMBA;1646;1578333.26;Transferencia;Indirecta;OBRA;Concluido;;;;;;;;;
348;PE;11823;PNSU;368749;2330908;AMPLIACION Y MEJORAMIENTO DEL SISTEMA DE AGUA POTABLE Y ALCANTARILLADO EN LA CIUDAD DE CAJAMARCA, CAJAMARCA, CAJAMARCA;EPS SEDACAJ S.A.;CAJAMARCA;CAJAMARCA;CAJAMARCA;0;332349777;Transferencia;Indirecta;PREINVERSION;Convenio Resuelto;;;;;;;;;
349;PE;11824;PNSU;284593;0;INSTALACIÓN DE SISTEMA DE TRATAMIENTO DE AGUAS RESIDUALES DE LA CIUDAD DE CAJAMARCA – CAJAMARCA;EPS SEDACAJ S.A.;CAJAMARCA;CAJAMARCA;CAJAMARCA;0;115203002;Transferencia;Indirecta;PREINVERSION;Concluido;;;;;;;;;
350;PE;11825;PNSU;35983;2032233;AMPLIACION SISTEMA DE AGUA POTABLE Y LETRINIZACION DEL CASERIO CHAUPIMAYO - PORCON BAJO, PROVINCIA DE CAJAMARCA - CAJAMARCA;MUNICIPALIDAD PROVINCIAL DE CAJAMARCA;CAJAMARCA;CAJAMARCA;CAJAMARCA;750;425369.7;Transferencia;Indirecta;OBRA;Concluido;;;;;;;;;
351;PE;11826;PNSU;22997;2030610;AMPLIACION DE AGUA POTABLE Y ALCANTARILLADO ESPERANZA ALTA, QUIRITIMAYO Y BARRIO DELTA DE LA CIUDAD DE CAJAMARCA;EMPRESA PRESTADORA DE SERVICIOS DE SANEAMIENTO DE CAJAMARCA S.A.;CAJAMARCA;CAJAMARCA;CAJAMARCA;2040;1955811;Transferencia;Directa;OBRA;Concluido;;;;;;;;;
352;PE;11827;PNSU;32693;2015101;AMPLIACION DE REDES DE ALCANTARILLADO CAJAMARCA;EMPRESA PRESTADORA DE SERVICIOS DE SANEAMIENTO DE CAJAMARCA S.A.;CAJAMARCA;CAJAMARCA;CAJAMARCA;635;89900;Transferencia;Directa;OBRA;Concluido;;;;;;;;;
353;PE;11828;PNSU;33800;2015097;AMPLIACION DE REDES DE AGUA POTABLE CAJAMARCA;EMPRESA PRESTADORA DE SERVICIOS DE SANEAMIENTO DE CAJAMARCA S.A.;CAJAMARCA;CAJAMARCA;CAJAMARCA;635;80000;Transferencia;Directa;OBRA;Concluido;;;;;;;;;
354;PE;11829;PNSU;34905;2030716;AMPLIACION DE LA LINEA DE CONDUCCION PARA LA PLANTA DE TRATAMIENTO DE AGUA POTABLE EL MILAGRO - CAJAMARCA;EMPRESA PRESTADORA DE SERVICIOS DE SANEAMIENTO DE CAJAMARCA S.A.;CAJAMARCA;CAJAMARCA;CAJAMARCA;80931;1036404;Transferencia;Directa;OBRA;Concluido;;;;;;;;;
355;PE;11830;PNSU;310538;2411302;INSTALACION DEL SERVICIO DE ALCANTARILLADO SANITARIO EN LA LOTIZACION CAJAMARCA 2010 - SECTOR 24 LA VILLA DE HUACARIZ, PROVINCIA DE CAJAMARCA - CAJAMARCA;MUNICIPALIDAD PROVINCIAL DE CAJAMARCA;CAJAMARCA;CAJAMARCA;CAJAMARCA;566;846679.47;Transferencia;Indirecta;OBRA;Concluido;;;;;;;;;
356;PE;11831;PNSU;234374;2236191;CREACIÓN DEL SERVICIO DE AGUA POTABLE Y AMPLIACIÓN DEL SERVICIO DE ALCANTARILLADO SANITARIO DEL BARRIO URUBAMBA SECTOR 20, PROVINCIA DE CAJAMARCA;MUNICIPALIDAD PROVINCIAL DE CAJAMARCA;CAJAMARCA;CAJAMARCA;CAJAMARCA;2040;7714721.43;Transferencia;Indirecta;OBRA (SALDO);Paralizada;;;;;;;;;
357;PE;11832;PNSU;374541;2335453;AMPLIACION Y MEJORAMIENTO DE REDES DE AGUA POTABLE Y ALCANTARILLADO 2016-2019 DE LA CIUDAD DE CAJAMARCA CAJAMARCA, CAJAMARCA, CAJAMARCA;Empresa Prestadora de Servicios de Saneamiento de Cajamarca S.A.;CAJAMARCA;CAJAMARCA;CAJAMARCA;295084;27048099.16;Transferencia;Indirecta;OBRA;Concluido;;;;;;;;;
358;PE;11833;PNSU;95431;2081234;CONSTRUCCION DEL SISTEMA DE AGUA POTABLE Y LETRINIZACION EN EL CASERIO RAMBRAN, DISTRITO DE COSPAN - CAJAMARCA - CAJAMARCA;MUNICIPALIDAD DISTRITAL DE COSPAN;CAJAMARCA;CAJAMARCA;COSPAN;335;319855.9;Transferencia;Indirecta;OBRA;Concluido;;;;;;;;;
359;PE;11834;PNSU;121502;2106813;MEJORAMIENTO DE AGUA POTABLE Y AMPLIACION DEL ALCANTARILLADO DEL CERCADO COSPAN;MUNICIPALIDAD DISTRITAL DE COSPAN;CAJAMARCA;CAJAMARCA;COSPAN;680;916671.03;Transferencia;Indirecta;OBRA;Concluido;;;;;;;;;
360;PE;11835;PNSU;68490;2068305;CONSTRUCCION DEL SISTEMA DE ALCANTARILLADO SANITARIO DEL CENTRO POBLADO SANTA BARBARA Y ANEXOS, DISTRITO DE LOS BANOS DEL INCA - CAJAMARCA - CAJAMARCA;MUNICIPALIDAD DISTRITAL DE LOS BAÑOS DEL INCA;CAJAMARCA;CAJAMARCA;LOS BAÑOS DEL INCA;8248;10942696.81;Transferencia;Indirecta;OBRA;Concluido;;;;;;;;;
361;PE;11836;PNSU;248511;2167197;AMPLIACION DEL SERVICIO DE SANEAMIENTO EN EL CASERIO SHAULLO CHICO, DISTRITO DE LOS BANOS DEL INCA - CAJAMARCA - CAJAMARCA;MUNICIPALIDAD DISTRITAL DE LOS BA¥OS DEL INCA;CAJAMARCA;CAJAMARCA;LOS BAÑOS DEL INCA;2145;4647939.72;Transferencia;Indirecta;OBRA;Concluido;;;;;;;;;
362;PE;11837;PNSU;268717;2327639;MEJORAMIENTO Y AMPLIACION DEL SERVICIO DE AGUA POTABLE Y SANEAMIENTO EN LA LOCALIDAD DE BAÑOS DEL INCA Y ANEXOS, DISTRITO DE LOS BANOS DEL INCA - CAJAMARCA - CAJAMARCA;MUNICIPALIDAD DISTRITAL DE LOS BAÑOS DEL INCA;CAJAMARCA;CAJAMARCA;LOS BAÑOS DEL INCA;25211;105312765;Transferencia;Indirecta;OBRA;Paralizada;;;;;;;;;
363;PE;11838;PNSU;220318;2216284;MEJORAMIENTO, AMPLIACION DEL SISTEMA DE AGUA POTABLE Y ALCANTARILLADO EN EL CENTRO URBANO DE MAGDALENA, LA FILA CHOROPAMPA, LA GRANADA Y PUEBLO NUEVO, DISTRITO DE MAGDALENA - CAJAMARCA - CAJAMARCA;MUNICIPALIDAD DISTRITAL DE MAGDALENA;CAJAMARCA;CAJAMARCA;MAGDALENA;4632;8904127.15;Transferencia;Indirecta;OBRA;Concluido;;;;;;;;;
364;PE;11839;PNSU;22433;2023386;AMPLIACION Y MEJORAMIENTO DEL SISTEMA DE AGUA POTABLE DEL DISTRITO DE MATARA;MUNICIPALIDAD PROVINCIAL DE CAJAMARCA;CAJAMARCA;CAJAMARCA;MATARA;1300;371015;Transferencia;Indirecta;OBRA;Concluido;;;;;;;;;
365;PE;11840;PNSU;183886;2150532;REHABILITACION Y AMPLIACION DEL SISTEMA DE AGUA POTABLE Y ALCANTARILLADO DE NAMORA, DISTRITO DE NAMORA - CAJAMARCA - CAJAMARCA;MUNICIPALIDAD DISTRITAL DE NAMORA;CAJAMARCA;CAJAMARCA;NAMORA;3045;7105970.99;Transferencia;Indirecta;OBRA (SALDO);Concluido;;;;;;;;;
366;PE;11841;PNSU;241261;2219920;INSTALACION DE LA CAPTACIÓN Y CONDUCCION DE AGUA POTABLE PARA LA CIUDAD DE CELENDÍN, SUCRE, JOSÉ GÁLVEZ Y JORGE CHÁVEZ, PROVINCIA DE CELENDIN - CAJAMARCA;MUNICIPALIDAD PROVINCIAL DE CELENDIN;CAJAMARCA;CELENDIN;CELENDIN;21053;19667830.22;Transferencia;Indirecta;OBRA;Concluido;;;;;;;;;
367;PE;11842;PNSU;251611;2173646;AMPLIACION, MEJORAMIENTO DEL SISTEMA DE AGUA POTABLE Y ALCANTARILLADO DEL SECTOR ALUPUY - SEVILLA DE LA CIUDAD DE CELENDIN, PROVINCIA DE CELENDIN - CAJAMARCA;MUNICIPALIDAD PROVINCIAL DE CELENDIN;CAJAMARCA;CELENDIN;CELENDIN;2585;2365500;Transferencia;Indirecta;OBRA;Concluido;;;;;;;;;
368;PE;11843;PNSU;360757;2323900;AMPLIACION Y MEJORAMIENTO DEL SISTEMA DE AGUA POTABLE Y ALCANTARILLADO EN 06 SECTORES DEL CERCADO DE LA CIUDAD DE CELENDÍN, DISTRITO DE CELENDÍN, PROVINCIA DE CELENDIN - CAJAMARCA;MUNICIPALIDAD PROVINCIAL DE CELENDIN;CAJAMARCA;CELENDIN;CELENDIN;2755;6184568.69;Transferencia;Indirecta;OBRA;Concluido;;;;;;;;;
369;PE;11844;PNSU;134749;2111443;MEJORAMIENTO Y AMPLIACION DEL SISTEMA DE AGUA POTABLE Y SANEAMIENTO EN LA CIUDAD DE OXAMARCA Y ALEDAÑOS;MUNICIPALIDAD DISTRITAL DE OXAMARCA;CAJAMARCA;CELENDIN;OXAMARCA;770;2926004.94;Transferencia;Indirecta;EXPEDIENTE TECNICO;Concluido;;;;;;;;;
370;PE;11845;PNSU;139419;2111444; CONSTRUCCION RED DE ALCANTARILLADO Y LETRINIZACION EN EL CASERIO PIOBAMBA, DISTRITO DE OXAMARCA - CELENDIN - CAJAMARCA;MUNICIPALIDAD DISTRITAL DE OXAMARCA;CAJAMARCA;CELENDIN;OXAMARCA;500;1568321.65;Transferencia;Indirecta;EXPEDIENTE TECNICO;Concluido;;;;;;;;;
371;PE;11846;PNSU;288964;2243337;MEJORAMIENTO Y AMPLIACION DE LOS SERVICIOS DE AGUA POTABLE, ALCANTARILLADO Y TRATAMIENTO DE AGUAS RESIDUALES DE LA LOCALIDAD DE SOROCHUCO, DISTRITO DE SOROCHUCO - CELENDIN - CAJAMARCA;MUNICIPALIDAD DISTRITAL DE SOROCHUCO;CAJAMARCA;CELENDIN;SOROCHUCO;2245;7055859.09;Transferencia;Indirecta;OBRA;Concluido;;;;;;;;;
372;PE;11847;PNSU;317384;2267313;MEJORAMIENTO Y AMPLIACION DEL SERVICIO DE AGUA POTABLE Y SANEAMIENTO BASICO DE LOS CASERIOS SANTA ROSA, LIMACHE Y LOMA GRANDE, DISTRITO CHADIN, PROVINCIA DE CHOTA - CAJAMARCA;MUNICIPALIDAD DISTRITAL DE CHADIN;CAJAMARCA;CHOTA;CHADIN;1040;4820487.76;Transferencia;Indirecta;OBRA;Concluido;;;;;;;;;
373;PE;11848;PNSU;331200;2289611;INSTALACION DEL SERVICIO DE SANEAMIENTO DE LA LOCALIDAD DE SANTA ROSA BAJO, DISTRITO DE CHOTA, PROVINCIA DE CHOTA - CAJAMARCA;MUNICIPALIDAD PROVINCIAL DE CHOTA;CAJAMARCA;CHOTA;CHOTA;1508;3503261.32;Transferencia;Indirecta;OBRA;Concluido;;;;;;;;;
374;PE;11849;PNSU;2527340;2527340;AMPLIACION DE LOS SERVICIOS DE AGUA POTABLE Y SANEAMIENTO BÁSICO URBANO EN LA CIUDAD DE CHOTA,  DISTRITO DE CHOTA - PROVINCIA DE CHOTA - DEPARTAMENTO DE CAJAMARCA;MUNICIPALIDAD PROVINCIAL DE CHOTA;CAJAMARCA;CHOTA;CHOTA;5139;31961513.77;Transferencia;Indirecta;OBRA;En Ejecución;;;;;;;;;
375;PE;11850;PNSU;227057;2199686;MEJORAMIENTO Y AMPLIACION DE LOS SISTEMAS DE AGUA POTABLE Y ALCANTARILLADO EN EL DISTRITO DE COCHABAMBA, PROVINCIA DE CHOTA - CAJAMARCA;MUNICIPALIDAD DISTRITAL DE COCHABAMBA;CAJAMARCA;CHOTA;COCHABAMBA;3342;9117028.9;Transferencia;Indirecta;OBRA;Concluido;;;;;;;;;
376;PE;11851;PNSU;21765;2025660;MEJORAMIENTO E INSTALACION DEL SISTEMA DE AGUA POTABLE DE CONCHAN-CHOTA-CAJAMARCA;MUNICIPALIDAD DISTRITAL DE CONCHAN;CAJAMARCA;CHOTA;CONCHAN;2890;1994896;Transferencia;Directa;OBRA;Concluido;;;;;;;;;
377;PE;11852;PNSU;65139;2084960;MEJORAMIENTO, AMPLIACIÓN DEL SISTEMA DE AGUA POTABLE Y ALCANTARILLADO DE LA LOCALIDAD DE HUAMBOS, DISTRITO DE HUAMBOS - CHOTA - CAJAMARCA;MUNICIPALIDAD DISTRITAL DE HUAMBOS;CAJAMARCA;CHOTA;HUAMBOS;2562;15171407;Transferencia;Indirecta;OBRA;Concluido;;;;;;;;;
378;PE;11853;PNSU;75532;2070823;CONSTRUCCION SISTEMA DE AGUA POTABLE Y SANEAMIENTO INTEGRAL -LOCALIDAD DE LAJAS, DISTRITO DE LAJAS - CHOTA - CAJAMARCA;MUNICIPALIDAD DISTRITAL DE LAJAS;CAJAMARCA;CHOTA;LAJAS;3850;10585086.92;Transferencia;Indirecta;OBRA (SALDO);Concluido;;;;;;;;;
379;PE;11854;PNSU;285247;2325480;MEJORAMIENTO Y AMPLIACION DEL SISTEMA DE AGUA POTABLE Y ALCANTARILLADO DE LA CIUDAD DE LLAMA, DISTRITO DE LLAMA, PROVINCIA DE CHOTA - CAJAMARCA;MUNICIPALIDAD DISTRITAL DE LLAMA;CAJAMARCA;CHOTA;LLAMA;5134;12994031.7;Transferencia;Indirecta;OBRA;Concluido;;;;;;;;;
380;PE;11855;PNSU;116362;2102121;INSTALACION REDES DE ALCANTARILLADO Y SISTEMA DE TRATAMIENTO DE AGUAS RESIDUALES EN EL CPM. DE UÑIGAN, DISTRITO DE PACCHA, PROVINCIA DE CHOTA - CAJAMARCA;MUNICIPALIDAD DISTRITAL DE PACCHA;CAJAMARCA;CHOTA;PACCHA;524;458666;Transferencia;Indirecta;OBRA;Concluido;;;;;;;;;
381;PE;11856;PNSU;14747;2030723;CONSTRUCCION DE UN SISTEMA DE TRATAMIENTO DE AGUAS RESIDUALES DE LA CIUDAD DE CONTUMAZA;EMPRESA PRESTADORA DE SERVICIOS DE SANEAMIENTO DE CAJAMARCA S.A.;CAJAMARCA;CONTUMAZA;CONTUMAZA;4899;1965163;Transferencia;Indirecta;EXPEDIENTE TECNICO;Concluido;;;;;;;;;
382;PE;11857;PNSU;35496;2015810;MEJORAMIENTO Y AMPLIACION AGUA POTABLE Y ALCANTARILLADO CONTUMAZA;EMPRESA PRESTADORA DE SERVICIOS DE SANEAMIENTO DE CAJAMARCA S.A.;CAJAMARCA;CONTUMAZA;CONTUMAZA;400;93650;Transferencia;Directa;OBRA;Concluido;;;;;;;;;
383;PE;11858;PNSU;220227;2208510;INSTALACION DE UN SISTEMA DE TRATAMIENTO DE AGUAS RESIDUALES EN LA CIUDAD DE CONTUMAZA, PROVINCIA DE CONTUMAZA - CAJAMARCA;MUNICIPALIDAD PROVINCIAL DE CONTUMAZA;CAJAMARCA;CONTUMAZA;CONTUMAZA;4899;2669738.4;Transferencia;Indirecta;OBRA;Concluido;;;;;;;;;
384;PE;11859;PNSU;172251;2142874;MEJORAMIENTO Y AMPLIACION DE LOS SISTEMAS DE AGUA POTABLE Y ALCANTARILLADO DE LA LOCALIDAD TRINIDAD, DISTRITO DE CUPISNIQUE,PROVINCIA DE CONTUMAZA ,DEPARTAMENTO DE CAJAMARCA;MUNICIPALIDAD DISTRITAL DE CUPISNIQUE;CAJAMARCA;CONTUMAZA;CUPISNIQUE;1698;2348684.38;Transferencia;Indirecta;OBRA;Concluido;;;;;;;;;
385;PE;11860;PNSU;134069;2128511;MEJORAMIENTO Y AMPLIACION DEL SISTEMA DE AGUA POTABLE Y ALCANTARILLADO DE LOCALIDAD SANTA CATALINA, DISTRITO DE CUPISNIQUE, PROVINCIA DE CONTUMAZA- CAJAMARCA;MUNICIPALIDAD DISTRITAL DE CUPISNIQUE;CAJAMARCA;CONTUMAZA;CUPISNIQUE;460;1164013.6;Transferencia;Indirecta;OBRA;Concluido;;;;;;;;;
386;PE;11861;PNSU;221654;2214934;MEJORAMIENTO DEL SISTEMA DE AGUA POTABLE Y SANEAMIENTO DE LOS CASERIOS DE LA PARTE ALTA, DISTRITO DE CUPISNIQUE - CONTUMAZA - CAJAMARCA;MUNICIPALIDAD DISTRITAL DE CUPISNIQUE;CAJAMARCA;CONTUMAZA;CUPISNIQUE;1218;5812948.87;Transferencia;Indirecta;OBRA;Concluido;;;;;;;;;
387;PE;11862;PNSU;51990;2088828;MEJORAMIENTO DEL SISTEMA DE AGUA POTABLE Y ALCANTARILLADO DE SAN BENITO;MUNICIPALIDAD DISTRITAL DE SAN BENITO;CAJAMARCA;CONTUMAZA;SAN BENITO;1210;1274052.17;Transferencia;Indirecta;OBRA;Concluido;;;;;;;;;
388;PE;11863;PNSU;170878;2138912;CONSTRUCCIÓN DEL SISTEMA DE AGUA POTABLE PARTE BAJA DEL DISTRITO DE SAN BENITO , PROVINCIA DE CONTUMAZA - CAJAMARCA;MUNICIPALIDAD PROVINCIAL DE CONTUMAZA;CAJAMARCA;CONTUMAZA;SAN BENITO;2700;5348817.54;Transferencia;Indirecta;OBRA;Concluido;;;;;;;;;
389;PE;11864;PNSU;181190;2140642;MEJORAMIENTO, AMPLIACION DE LOS SISTEMAS DE AGUA POTABLE Y ALCANTARILLADO DE LA LOCALIDAD DE SANTA CRUZ DE TOLEDO, DISTRITO DE SANTA CRUZ DE TOLEDO - CONTUMAZA - CAJAMARCA;MUNICIPALIDAD DISTRITAL DE SANTA CRUZ DE TOLEDO;CAJAMARCA;CONTUMAZA;SANTA CRUZ DE TOLED;146;532399.87;Transferencia;Indirecta;OBRA;Concluido;;;;;;;;;
390;PE;11865;PNSU;138792;2143695;MEJORAMIENTO DEL SISTEMA DE AGUA POTABLE Y AMPLIACION DEL SISTEMA DE ALCANTARILLADO Y CONSTRUCCION DEL SISTEMA DE TRATAMIENTO DE AGUAS SERVIDAS DE TEMBLADERA-DISTRITO DE YONAN , PROVINCIA DE CONTUMAZA - CAJAMARCA;MUNICIPALIDAD DISTRITAL DE YONAN;CAJAMARCA;CONTUMAZA;YONAN;4462;65079157.32;Transferencia;Indirecta;OBRA (Expediente Saldo);En elaboración;;;;;;;;;
391;PE;11866;PNSU;72697;2069783;MEJORAMIENTO, AMPLIACION DEL SISTEMA DE AGUA POTABLE Y ALCANTARILLADO DE CHOROS, DISTRITO DE CHOROS - CUTERVO - CAJAMARCA;MUNICIPALIDAD DISTRITAL DE CHOROS;CAJAMARCA;CUTERVO;CHOROS;900;4298653;Transferencia;Indirecta;OBRA;Concluido;;;;;;;;;
392;PE;11867;PNSU;168845;2138968;CONSTRUCCION DEL SISTEMA DE ALCANTARILLADO Y PLANTA DE TRATAMIENTO DE AGUAS RESIDUALES EN EL CENTRO POBLADO NARANJITO DE CAMSE, DISTRITO DE CUTERVO, PROVINCIA DE CUTERVO - CAJAMARCA;MUNICIPALIDAD PROVINCIAL DE CUTERVO;CAJAMARCA;CUTERVO;CUTERVO;1026;985178.83;Transferencia;Indirecta;OBRA;Concluido;;;;;;;;;
393;PE;11868;PNSU;146908;2123082;CONSTRUCCION DEL SISTEMA DE ALCANTARILLADO Y PLANTA DE TRATAMIENTO DE AGUAS RESIDUALES EN EL C.P. MAMABAMBA, PROVINCIA DE CUTERVO - CAJAMARCA;MUNICIPALIDAD PROVINCIAL DE CUTERVO;CAJAMARCA;CUTERVO;CUTERVO;2005;711756.51;Transferencia;Indirecta;OBRA;Concluido;;;;;;;;;
394;PE;11869;PNSU;73053;2069922;MEJORAMIENTO Y AMPLIACION DE LOS SISTEMAS DE AGUA POTABLE Y ALCANTARILLADO DE LA CIUDAD DE PIMPINGOS, DISTRITO DE PIMPINGOS, PROVINCIA DE CUTERVO - CAJAMARCA;MUNICIPALIDAD DISTRITAL DE PIMPINGOS;CAJAMARCA;CUTERVO;PIMPINGOS;1605;887078;Transferencia;Indirecta;OBRA;Concluido;;;;;;;;;
395;PE;11870;PNSU;70523;2069057;CONSTRUCCION SISTEMA AGUA POTABLE Y ALCANTARILLADO PANDALLE, PROVINCIA DE CUTERVO - CAJAMARCA;MUNICIPALIDAD DISTRITAL DE PIMPINGOS;CAJAMARCA;CUTERVO;PIMPINGOS;435;658192;Transferencia;Indirecta;OBRA;Concluido;;;;;;;;;
396;PE;11871;PNSU;56671;2065472;CONSTRUCCION DE AGUA POTABLE, ALCANTARILLADO, CONEXIONES DOMICILIARIAS Y TRATAMIENTO DE AGUAS RESIDUALES DE LA CIUDAD DE QUEROCOTILLO, PROVINCIA DE CUTERVO - CAJAMARCA;MUNICIPALIDAD DISTRITAL DE QUEROCOTILLO;CAJAMARCA;CUTERVO;QUEROCOTILLO;2706;5906941.2;Transferencia;Indirecta;OBRA;Concluido;;;;;;;;;
397;PE;11872;PNSU;71516;2069390;CONSTRUCCION DEL SISTEMA DE AGUA POTABLE Y ALCANTARILLADO SANTA CRUZ DE LA SUCCHA, DISTRITO DE SAN JUAN DE CUTERVO - CUTERVO - CAJAMARCA;MUNICIPALIDAD DISTRITAL DE SAN JUAN DE CUTERVO;CAJAMARCA;CUTERVO;SAN JUAN DE CUTERVO;530;1860704;Transferencia;Indirecta;OBRA;Concluido;;;;;;;;;
398;PE;11873;PNSU;71143;2069266;MEJORAMIENTO DEL SISTEMA DE AGUA POTABLE Y ALCANTARILLADO SAN JUAN DE CUTERVO, DISTRITO DE SAN JUAN DE CUTERVO - CUTERVO - CAJAMARCA;MUNICIPALIDAD DISTRITAL DE SAN JUAN DE CUTERVO;CAJAMARCA;CUTERVO;SAN JUAN DE CUTERVO;800;4947576;Transferencia;Indirecta;OBRA;Concluido;;;;;;;;;
399;PE;11874;PNSU;99880;2088026;INSTALACION DEL SISTEMA DE AGUA POTABLE Y LETRINAS EN EL CASERIO MARCO PATA EN EL C.P ATOSHAICO, DISTRITO DE BAMBAMARCA, PROVINCIA DE HUALGAYOC - CAJAMARCA;MUNICIPALIDAD PROVINCIAL DE HUALGAYOC;CAJAMARCA;HUALGAYOC;BAMBAMARCA;375;210375.13;Transferencia;Indirecta;OBRA;Concluido;;;;;;;;;
400;PE;11875;PNSU;99921;2089789;INSTALACION DEL SISTEMA DE AGUA POTABLE Y LETRINAS EN EL CASERIO DE CHALAPAMPA BAJO, DISTRITO DE BAMBAMARCA, PROVINCIA DE HUALGAYOC - CAJAMARCA;MUNICIPALIDAD PROVINCIAL DE HUALGAYOC;CAJAMARCA;HUALGAYOC;BAMBAMARCA;518;301013.89;Transferencia;Indirecta;OBRA;Concluido;;;;;;;;;
401;PE;11876;PNSU;35065;2122981;CONSTRUCCION DEL SISTEMA DE AGUA POTABLE EL OBELISCO, PROVINCIA DE HUALGAYOC - CAJAMARCA;MUNICIPALIDAD PROVINCIAL DE HUALGAYOC;CAJAMARCA;HUALGAYOC;BAMBAMARCA;2490;1364543;Transferencia;Directa;OBRA;Concluido;;;;;;;;;
402;PE;11877;PNSU;260852;2194529;INSTALACION DEL SISTEMA DE AGUA POTABLE Y SANEAMIENTO AGOMARCA ALTO, DISTRITO DE BAMBAMARCA, PROVINCIA DE HUALGAYOC - CAJAMARCA;REGION CAJAMARCA-CHOTA;CAJAMARCA;HUALGAYOC;BAMBAMARCA;2319;5953626.44;Transferencia;Indirecta;OBRA;Concluido;;;;;;;;;
403;PE;11878;PNSU;66973;2067818;MEJORAMIENTO Y CONSTRUCCION DEL SISTEMA DE AGUA POTABLE Y ALCANTARILLADO DE LA LOCALIDAD DE BELLAVISTA Y ANEXOS, DISTRITO DE BELLAVISTA - JAEN - CAJAMARCA;MUNICIPALIDAD DISTRITAL DE BELLAVISTA;CAJAMARCA;JAEN;BELLAVISTA;6826;21544362.3;Transferencia;Indirecta;OBRA (SALDO);Concluido;;;;;;;;;
404;PE;11879;PNSU;2535928;2535928;AMPLIACION DE LOS SERVICIOS DE AGUA POTABLE, ALCANTARILLADO SANITARIO Y DISPOSICIÓN SANITARIA DE EXCRETAS DE 6 LOCALIDADES DEL DISTRITO DE BELLAVISTA - PROVINCIA DE JAEN - DEPARTAMENTO DE CAJAMARCA;MUNICIPALIDAD DISTRITAL DE BELLAVISTA;CAJAMARCA;JAEN;BELLAVISTA;1876;8756870.9;Transferencia;Indirecta;OBRA;Concluido;;;;;;;;;
405;PE;11880;PNSU;61801;2066244;MEJORAMIENTO Y AMPLIACION DEL SERVICIO DE AGUA POTABLE Y SANEAMIENTO EN EL CENTRO POBLADO DE PACHAPIRIANA - DISTRITO DE CHONTALI, PROVINCIA DE JAEN - CAJAMARCA;MUNICIPALIDAD DISTRITAL DE CHONTALI;CAJAMARCA;JAEN;CHONTALI;590;379160;Transferencia;Indirecta;OBRA;Concluido;;;;;;;;;
406;PE;11881;PNSU;135565;2107921;AMPLIACION Y MEJORAMIENTO DEL SISTEMA DE AGUA POTABLE E INSTALACION DEL SISTEMA DE ALCANTARILLADO C.P. EL HUACO, DISTRITO DE HUABAL - JAEN - CAJAMARCA;MUNICIPALIDAD DISTRITAL DE HUABAL;CAJAMARCA;JAEN;HUABAL;2304;1214351;Transferencia;Indirecta;OBRA;Concluido;;;;;;;;;
407;PE;11882;PNSU;130831;2128514;MEJORAMIENTO Y AMPLIACION DEL SISTEMA DE AGUA POTABLE Y ALCANTARILLADO DE LA LOCALIDAD DE HUABAL, DISTRITO DE HUABAL - JAEN - CAJAMARCA;MUNICIPALIDAD DISTRITAL DE HUABAL;CAJAMARCA;JAEN;HUABAL;955;3903029.32;Transferencia;Indirecta;OBRA;Concluido;;;;;;;;;
408;PE;11883;PNSU;13637;2021873;AMPLIACION Y MEJORAMIENTO DEL SISTEMA DE AGUA POTABLE Y ALCANTARILLADO FILA ALTA;GOBIERNO REGIONAL CAJAMARCA;CAJAMARCA;JAEN;JAEN;8474;3894701;Transferencia;Directa;OBRA;Concluido;;;;;;;;;
409;PE;11884;PNSU;63603;2066867;MEJORAMIENTO Y AMPLIACION DE LOS SISTEMAS DE AGUA POTABLE Y ALCANTARILLADO LAS PIRIAS, PROVINCIA DE JAEN - CAJAMARCA;MUNICIPALIDAD DISTRITAL DE LAS PIRIAS;CAJAMARCA;JAEN;LAS PIRIAS;1224;2629087;Transferencia;Indirecta;OBRA;Concluido;;;;;;;;;
410;PE;11885;PNSU;53976;2047386;AMPLIACION Y MEJORAMIENTO DEL SISTEMA DE AGUA POTABLE Y ALCANTARILLADO EN LA LOCALIDAD DE POMAHUACA Y ANEXOS, PROVINCIA DE JAEN - CAJAMARCA;MUNICIPALIDAD DISTRITAL DE POMAHUACA;CAJAMARCA;JAEN;POMAHUACA;3050;4785746.09;Transferencia;Directa;OBRA;Concluido;;;;;;;;;
411;PE;11886;PNSU;178151;2143040;MEJORAMIENTO Y CONSTRUCCION DEL SISTEMA DE AGUA Y ALCANTARILLADO DE LA LOCALIDAD SAN JOSE Y ANEXO MANDANGOLA, DISTRITO DE PUCARA - JAEN - CAJAMARCA;MUNICIPALIDAD DISTRITAL DE PUCARA;CAJAMARCA;JAEN;PUCARA;1476;3174300.3;Transferencia;Indirecta;OBRA;Concluido;;;;;;;;;
412;PE;11887;PNSU;51881;2065105;MEJORAMIENTO Y AMPLIACION DEL SISTEMA DE AGUA POTABLE Y ALCANTARILLADO PUCARA, DISTRITO DE PUCARA - JAEN - CAJAMARCA (Etapa II);MUNICIPALIDAD DISTRITAL DE PUCARA;CAJAMARCA;JAEN;PUCARA;4763;10108531.02;Transferencia;Directa;OBRA;Concluido;;;;;;;;;
413;PE;11888;PNSU;68823;2068429;AMPLIACION Y MEJORAMIENTO DEL SISTEMA DE AGUA POTABLE E INSTALACION DEL SISTEMA DE SANEAMIENTO EN LA LOCALIDAD DE SALLIQUE - DISTRITO DE SALLIQUE, PROVINCIA DE JAEN - CAJAMARCA;MUNICIPALIDAD DISTRITAL DE SALLIQUE;CAJAMARCA;JAEN;SALLIQUE;838;1037684.13;Transferencia;Directa;OBRA;Concluido;;;;;;;;;
414;PE;11889;PNSU;69388;2068649;MEJORAMIENTO Y AMPLIACION DEL SISTEMA DE AGUA POTABLE Y ALCANTARILLADO DE SANTA ROSA, DISTRITO DE SANTA ROSA - JAEN - CAJAMARCA;MUNICIPALIDAD DISTRITAL DE SANTA ROSA;CAJAMARCA;JAEN;SANTA ROSA;2337;6400500;Transferencia;Indirecta;OBRA;Concluido;;;;;;;;;
415;PE;11890;PNSU;93285;2077252;MEJORAMIENTO Y AMPLIACION DEL SISTEMA DE AGUA POTABLE Y ALCANTARILLADO DE LA LOCALIDAD SAN PEDRO DE PERICO, DISTRITO DE CHIRINOS - SAN IGNACIO - CAJAMARCA;MUNICIPALIDAD DISTRITAL DE CHIRINOS;CAJAMARCA;SAN IGNACIO;CHIRINOS;1727;9593924.43;Transferencia;Indirecta;OBRA;Concluido;;;;;;;;;
416;PE;11891;PNSU;79680;2072382;MEJORAMIENTO Y AMPLIACION DEL SISTEMA DE AGUA POTABLE Y ALCANTARILLADO DE LA LOCALIDAD DE CHIRINOS, DISTRITO DE CHIRINOS - SAN IGNACIO - CAJAMARCA;MUNICIPALIDAD DISTRITAL DE CHIRINOS;CAJAMARCA;SAN IGNACIO;CHIRINOS;1878;3382294.13;Transferencia;Indirecta;OBRA;Concluido;;;;;;;;;
417;PE;11892;PNSU;125494;2095915;AMPLIACION Y MEJORAMIENTO DEL SERVICIO DE AGUA POTABLE Y DISPOSICION SANITARIA DE EXCRETAS EN EL C.P. PIRIAS, CASERIOS Y SECTORES, DISTRITO DE CHIRINOS - SAN IGNACIO - CAJAMARCA;MUNICIPALIDAD DISTRITAL DE CHIRINOS;CAJAMARCA;SAN IGNACIO;CHIRINOS;1392;4057801.79;Transferencia;Indirecta;OBRA;Concluido;;;;;;;;;
418;PE;11893;PNSU;176619;2142463;MEJORAMIENTO DEL SISTEMA DE AGUA POTABLE Y ALCANTARILLADO DE LA LOCALIDAD DE PUERTO TAMBORAPA Y AMBATO TAMBORAPA, DISTRITO DE CHIRINOS - SAN IGNACIO - CAJAMARCA;MUNICIPALIDAD DISTRITAL DE CHIRINOS;CAJAMARCA;SAN IGNACIO;CHIRINOS;1960;4464543.06;Transferencia;Indirecta;OBRA;Concluido;;;;;;;;;
419;PE;11894;PNSU;180028;2144771;INSTALACION DEL SERVICIO DE AGUA Y SANEAMIENTO EN LAS LOCALIDADES DE LINDEROS,MIRACASA,SAN PEDRO,PAMPA VERDE Y SAN LORENZO, DISTRITO DE NAMBALLE - SAN IGNACIO - CAJAMARCA;MUNICIPALIDAD DISTRITAL DE NAMBALLE;CAJAMARCA;SAN IGNACIO;NAMBALLE;1660;3752400;Transferencia;Indirecta;OBRA;Concluido;;;;;;;;;
420;PE;11895;PNSU;4732;2054264;MEJORAMIENTO Y AMPLIACION DE LOS SERVICIOS DE AGUA POTABLE , ALCANTARILLADO Y TRATAMIENTO DE AGUAS SERVIDAS PARA LA CIUDAD DE SAN IGNACIO.;MUNICIPALIDAD PROVINCIAL DE SAN IGNACIO ;CAJAMARCA;SAN IGNACIO;SAN IGNACIO;13254;13460826.81;Transferencia;Directa;OBRA;Concluido;;;;;;;;;
421;PE;11896;PNSU;45436;2053790;MEJORAMIENTO DEL SISTEMA DE AGUA POTABLE E INSTALACION DEL SISTEMA DE ALCANTARILLADO DE LA LOCALIDAD DE SAN JOSE DE LOURDES, DISTRITO DE SAN JOSE DE LOURDES - SAN IGNACIO - CAJAMARCA;MUNICIPALIDAD DISTRITAL DE SAN JOSE DE LOURDES;CAJAMARCA;SAN IGNACIO;SAN JOSE DE LOURDES;1500;1169598;Transferencia;Directa;OBRA;Concluido;;;;;;;;;
422;PE;11897;PNSU;15977;2028330;CONSTRUCCION LAGUNAS DE ESTABILIZACION SAN MARCOS;GOBIERNO REGIONAL CAJAMARCA;CAJAMARCA;SAN MARCOS;PEDRO GALVEZ;5019;1597845;Transferencia;Directa;OBRA;Concluido;;;;;;;;;
423;PE;11898;PNSU;158403;2128447;MEJORAMIENTO Y AMPLIACION DEL PLAN MAESTRO DE SANEAMIENTO AGUA POTABLE, DESAGUE Y TRATAMIENTO DE AGUAS RESIDUALES NANCHOC, DISTRITO DE NANCHOC - SAN MIGUEL - CAJAMARCA;MUNICIPALIDAD DISTRITAL DE NANCHOC;CAJAMARCA;SAN MIGUEL;NANCHOC;1120;13536861.25;Transferencia;Indirecta;OBRA (SALDO);Concluido;;;;;;;;;
424;PE;11899;PNSU;35484;2015809;MEJORAMIENTO Y AMPLIACION AGUA POTABLE Y ALCANTARILLADO SAN MIGUEL;EMPRESA PRESTADORA DE SERVICIOS DE SANEAMIENTO DE CAJAMARCA S.A.;CAJAMARCA;SAN MIGUEL;SAN MIGUEL;450;98850;Transferencia;Directa;OBRA;Concluido;;;;;;;;;
425;PE;11900;PNSU;13060;2030722;CONSTRUCCION DEL SISTEMA DE TRATAMIENTO DE AGUAS RESIDUALES DE LA CIUDAD DE SAN MIGUEL DE PALLAQUEZ;EMPRESA PRESTADORA DE SERVICIOS DE SANEAMIENTO DE CAJAMARCA S.A.;CAJAMARCA;SAN MIGUEL;SAN MIGUEL;3595;9311932.17;Transferencia;Indirecta;OBRA (SALDO);En Ejecución;;;;;;;;;
426;PE;11901;PNSU;62529;2090769;CONSTRUCCION DEL SISTEMA DE AGUA POTABLE Y LETRINIZACION - TANTACHUAL BAJO;MUNICIPALIDAD PROVINCIAL DE SAN MIGUEL;CAJAMARCA;SAN MIGUEL;SAN SILVESTRE DE COCHAN;779;1283264;Transferencia;Indirecta;OBRA;Concluido;;;;;;;;;
427;PE;11902;PNSU;191429;2150529;INSTALACION, MEJORAMIENTO DEL SISTEMA DE AGUA POTABLE Y ALCATARILLADO EN SIETE CALLES DE LA CIUDAD DE TONGOD Y CENTROS POBLADOS QUELLAHORCO Y CHILAL DE LA MERCED, DISTRITO DE TONGOD - SAN MIGUEL - CAJAMARCA;MUNICIPALIDAD DISTRITAL DE TONGOD;CAJAMARCA;SAN MIGUEL;TONGOD;2050;4165317.95;Transferencia;Indirecta;OBRA;Concluido;;;;;;;;;
428;PE;11903;PNSU;193001;2150531;INSTALACION DE SISTEMAS FAMILIARES DE TRATAMIENTO DE AGUAS RESIDUALES SANITARIAS EN LOCALIDADES RURALES DE TONGOD, DISTRITO DE TONGOD - SAN MIGUEL - CAJAMARCA;MUNICIPALIDAD DISTRITAL DE TONGOD;CAJAMARCA;SAN MIGUEL;TONGOD;3470;9045390.58;Transferencia;Indirecta;OBRA;Concluido;;;;;;;;;
429;PE;11904;PNSU;365205;2328870;MEJORAMIENTO DEL SERVICIO DE AGUA POTABLE CON EL REEMPLAZO DE LA PLANTA DE TRATAMIENTO DE LA CIUDAD DE SAN PABLO, PROVINCIA DE SAN PABLO - CAJAMARCA;MUNICIPALIDAD PROVINCIAL DE SAN PABLO;CAJAMARCA;SAN PABLO;SAN PABLO;3517;7771380;Transferencia;Indirecta;OBRA;Concluido;;;;;;;;;
430;PE;11905;PNSU;126768;2107891;AMPLIACION Y MEJORAMIENTO DEL SISTEMA DE SANEAMIENTO BASICO EN LA LOCALIDAD DE CHANCAY BAÑOS, DISTRITO DE CHANCAYBANOS - SANTA CRUZ - CAJAMARCA;MUNICIPALIDAD DISTRITAL DE CHANCAYBAÑOS;CAJAMARCA;SANTA CRUZ;CHANCAYBAÑOS;1330;2481918.85;Transferencia;Indirecta;OBRA;Concluido;;;;;;;;;
431;PE;11906;PNSU;116954;2104182;MEJORAMIENTO DEL SISTEMA DE AGUA POTABLE E INSTALACION DEL SISTEMA DE ALCANTARILLADO EN EL CENTRO POBLADO MENOR DE MIRAFLORES, DISTRITO DE LA ESPERANZA - SANTA CRUZ - CAJAMARCA;MUNICIPALIDAD DISTRITAL DE LA ESPERANZA;CAJAMARCA;SANTA CRUZ;LA ESPERANZA;323;845636;Transferencia;Indirecta;OBRA;Concluido;;;;;;;;;
432;PE;11907;PNSU;116978;2104181;MEJORAMIENTO DEL SISTEMA DE AGUA POTABLE E INSTALACION DEL SISTEMA DE ALCANTARILLADO EN EL C.P.M CHAQUIL, DISTRITO DE LA ESPERANZA - SANTA CRUZ - CAJAMARCA;MUNICIPALIDAD DISTRITAL DE LA ESPERANZA;CAJAMARCA;SANTA CRUZ;LA ESPERANZA;333;961765.74;Transferencia;Indirecta;OBRA;Concluido;;;;;;;;;
433;PE;11908;PNSU;6046;2043338;MEJORAMIENTO Y AMPLIACIÓN DEL SISTEMA DE AGUA POTABLE Y ALCANTARILLADO DE LA LOCALIDAD DE SANTA CRUZ - CAJAMARCA;MUNICIPALIDAD PROVINCIAL DE SANTA CRUZ;CAJAMARCA;SANTA CRUZ;SANTA CRUZ;5093;6957233.81;Transferencia;Indirecta;OBRA;Concluido;;;;;;;;;
434;PE;11909;PNSU;334237;2292939;MEJORAMIENTO DEL SERVICIO DE AGUA POTABLE MEDIANTE LA INSTALACIÓN DE MICROMEDIDORES ,DISTRITO DE SANTA CRUZ, PROVINCIA DE SANTA CRUZ - CAJAMARCA;MUNICIPALIDAD PROVINCIAL DE SANTA CRUZ;CAJAMARCA;SANTA CRUZ;SANTA CRUZ;2059;988309.67;Transferencia;Indirecta;OBRA;Concluido;;;;;;;;;
435;PE;11910;PNSU;2482536;2482536;MEJORAMIENTO Y AMPLIACION DEL SERVICIO DE AGUA POTABLE Y ALCANTARILLADO EN LOS SECTORES CRUZ PAMPA, CHAMBAC BAJO, EL CHIRIMOYO Y TIERRAS AMARILLAS DEL  DISTRITO DE SANTA CRUZ - PROVINCIA DE SANTA CRUZ - DEPARTAMENTO DE CAJAMARCA;MUNICIPALIDAD PROVINCIAL DE SANTA CRUZ;CAJAMARCA;SANTA CRUZ;SANTA CRUZ;1164;11000470.31;Transferencia;Indirecta;OBRA;Concluido;;;;;;;;;
436;PE;11911;PNSU;121875;2104684;MEJORAMIENTO Y AMPLIACION DEL SERVICIO DE AGUA POTABLE Y DISPOSICION SANITARIA DE EXCRETAS EN LA LOCALIDAD DE YAUYUCAN Y CASERIOS, DISTRITO DE YAUYUCAN - SANTA CRUZ - CAJAMARCA;MUNICIPALIDAD DISTRITAL DE YAUYUCAN;CAJAMARCA;SANTA CRUZ;YAUYUCAN;2746;5990592;Transferencia;Indirecta;OBRA;Concluido;;;;;;;;;
437;PE;11912;PNSU;190594;2150530;MEJORAMIENTO SISTEMA DE AGUA POTABLE Y LETRINIZACION EN CASERIOS DE LA LOCALIDAD DE YAUYUCAN ,, DISTRITO DE YAUYUCAN - SANTA CRUZ - CAJAMARCA;MUNICIPALIDAD DISTRITAL DE YAUYUCAN;CAJAMARCA;SANTA CRUZ;YAUYUCAN;2778;9388335.86;Transferencia;Indirecta;OBRA;Concluido;;;;;;;;;
438;PE;11913;PNSU;334057;2292730;MEJORAMIENTO DE LOS SERVICIOS DE AGUA POTABLE Y ALCANTARILLADO EN LA LOCALIDAD DE POMACANCHI, DISTRITO DE POMACANCHI - ACOMAYO - CUSCO;MUNICIPALIDAD DISTRITAL DE POMACANCHI;CUSCO;ACOMAYO;POMACANCHI;4914;24043586.2;Transferencia;Indirecta;OBRA;Concluido;;;;;;;;;
439;PE;11914;PNSU;157064;2135911;AMPLIACION MEJORAMIENTO DEL SANEAMIENTO BÁSICO INTEGRAL DE LA LOCALIDAD DE HUAROCONDO, PROVINCIA DE ANTA - CUSCO;MUNICIPALIDAD DISTRITAL DE HUAROCONDO;CUSCO;ANTA;HUAROCONDO;2237;3045075;Transferencia;Indirecta;EXPEDIENTE TECNICO;Concluido;;;;;;;;;
440;PE;11915;PNSU;32690;2030713;AMPLIACION COLECTORES PRIMARIOS - INTERCEPTOR GENERAL - PLANTA DE TRATAMIENTO - LOCALIDAD HUAROCONDO;SEDACUSCO S.A;CUSCO;ANTA;HUAROCONDO;2205;332000;Transferencia;Indirecta;OBRA;Concluido;;;;;;;;;
441;PE;11916;PNSU;177169;2142497;MEJORAMIENTO DEL SISTEMA DE AGUA POTABLE Y SISTEMA DE ALCANTARILLADO EN LA CIUDAD DE COYA , DISTRITO DE COYA, PROVINCIA DE CALCA - CUSCO;MUNICIPALIDAD DISTRITAL DE COYA;CUSCO;CALCA;COYA;2188;6590526.29;Transferencia;Indirecta;OBRA (SALDO);Paralizada;;;;;;;;;
442;PE;11917;PNSU;107199;2207369;INSTALACION AMPLIACION Y MEJORAMIENTO DE LOS SERVICIOS DE SANEAMIENTO BASICO INTEGRAL DEL CENTRO  POBLADO DE LAMAY, DISTRITO DE LAMAY, PROVINCIA DE CALCA - CUSCO;MUNICIPALIDAD DISTRITAL DE LAMAY;CUSCO;CALCA;LAMAY;3515;11207165.56;Transferencia;Indirecta;OBRA;Concluido;;;;;;;;;
443;PE;11918;PNSU;103484;2091194;MEJORAMIENTO Y AMPLIACION DE LOS SERVICIOS DE AGUA POTABLE Y SANEAMIENTO EN LA LOCALIDAD DE YANAOCA DEL DISTRITO DE YANAOCA , PROVINCIA DE CANAS - CUSCO;MUNICIPALIDAD PROVINCIAL DE CANAS - YANAOCA;CUSCO;CANAS;YANAOCA;3365;5417743;Transferencia;Indirecta;OBRA;Concluido;;;;;;;;;
444;PE;11919;PNSU;14586;2025632;AMPLIACION Y MEJORAMIENTO SISTEMA DE SANEAMIENTO CHECACUPE;MUNICIPALIDAD PROVINCIAL DE CANCHIS;CUSCO;CANCHIS;CHECACUPE;2029;1049613;Transferencia;Indirecta;OBRA;Concluido;;;;;;;;;
445;PE;11920;PNSU;24329;2129421;SISTEMA DE ALCANTARILLADO CC QUEHUAR;MUNICIPALIDAD PROVINCIAL DE CANCHIS;CUSCO;CANCHIS;SICUANI;2534;1352299;Transferencia;Directa;OBRA;Concluido;;;;;;;;;
446;PE;11921;PNSU;284322;2242128;MEJORAMIENTO Y AMPLIACION DE LOS SERVICIOS DE AGUA POTABLE Y DESAGUE EN LA ASOCIACION PRO VIVIENDA MIRAFLORES DEL DISTRITO DE SICUANI, PROVINCIA DE CANCHIS - CUSCO;MUNICIPALIDAD PROVINCIAL DE CANCHIS - SICUANI;CUSCO;CANCHIS;SICUANI;1975;2545205.78;Transferencia;Indirecta;OBRA;Concluido;;;;;;;;;
447;PE;11922;PNSU;322922;2278021;MEJORAMIENTO Y AMPLIACIÓN  DEL SISTEMA DE AGUA POTABLE Y ALCANTARILLADO DEL SECTOR NEGRO CANCHA,  ASOCIACIÓN PRO  VIVIENDA WARARI Y ASOCIACIÓN PRO VIVIENDA HUANCAVELICA DE LA COMUNIDAD DE PAMPA PHALLA, DISTRITO DE SICUANI, PROVINCIA DE CANCHIS - CUSCO;MUNICIPALIDAD PROVINCIAL DE CANCHIS - SICUANI;CUSCO;CANCHIS;SICUANI;932;1742917.84;Transferencia;Indirecta;OBRA;Concluido;;;;;;;;;
448;PE;11923;PNSU;363180;2326664;CREACION DEL SISTEMA DE AGUA POTABLE Y ALCANTARILLADO EN LA APV MAYUPAMPA, CC PAMPA PHALLA DEL DISTRITO DE SICUANI, PROVINCIA DE CANCHIS - CUSCO;EPS EMPSSAPAL S.A.;CUSCO;CANCHIS;SICUANI;1056;1559499.06;Transferencia;Indirecta;OBRA;Concluido;;;;;;;;;
449;PE;11924;PNSU;67429;2067952;MEJORAMIENTO, AMPLIACION SISTEMA DE SANEAMIENTO BASICO DEL CENTRO POBLADO DE TINTA, PROVINCIA DE CANCHIS - CUSCO;MUNICIPALIDAD DISTRITAL DE TINTA;CUSCO;CANCHIS;TINTA;5343;3259034.95;Transferencia;Directa;OBRA;Convenio Resuelto;;;;;;;;;
450;PE;11925;PNSU;221223;2226077;MEJORAMIENTO Y AMPLIACIÓN  DEL SISTEMA DE AGUA POTABLE Y DESAGÜE EN EL CENTRO POBLADO DE COLQUEMARCA, URB. JUAN VELASCO ALVARADO, URB. HUACCOTO, DEL DISTRITO DE COLQUEMARCA, PROVINCIA DE CHUMBIVILCAS - CUSCO;MUNICIPALIDAD DISTRITAL DE COLQUEMARCA;CUSCO;CHUMBIVILCAS;COLQUEMARCA;4968;13963146.97;Transferencia;Indirecta;OBRA;Concluido;;;;;;;;;
451;PE;11926;PNSU;44852;2057406;AMPLIACION Y MEJORAMIENTO DEL SISTEMA DE AGUA Y ALCANTARILLADO DE LA CIUDAD DE SANTO TOMAS DE CHUMBIVILCAS, PROVINCIA DE CHUMBIVILCAS - CUSCO;REGION CUSCO-SEDE CENTRAL;CUSCO;CHUMBIVILCAS;SANTO TOMAS;6440;30832810.26;Transferencia;Directa;OBRA;Concluido;;;;;;;;;
452;PE;11927;PNSU;207440;2204397;AMPLIACION Y MEJORAMIENTO DEL SISTEMA DE AGUA POTABLE, ALCANTARILLADO Y PLANTA DE TRATAMIENTO DE LA CAPITAL DE VELILLE, DISTRITO DE VELILLE - CHUMBIVILCAS - CUSCO;MUNICIPALIDAD DISTRITAL DE VELILLE;CUSCO;CHUMBIVILCAS;VELILLE;2878;18777957.62;Transferencia;Indirecta;OBRA;Concluido;;;;;;;;;
453;PE;11928;PNSU;30355;2030267;RED DE COLECTORES PRIMARIOS;SEDACUSCO S.A;CUSCO;CUSCO;CUSCO;113121;1709257;Transferencia;Indirecta;OBRA;Concluido;;;;;;;;;
454;PE;11929;PNSU;30357;2030268;MEJORAMIENTO COLECTORES SECUNDARIOS CIUDAD CUSCO;SEDACUSCO S.A;CUSCO;CUSCO;CUSCO;47480;1851647;Transferencia;Indirecta;OBRA;Concluido;;;;;;;;;
455;PE;11930;PNSU;30412;2030269;AMPLIACION COLECTORES SECUNDARIOS ZONAS JAQUIRA, ALTO SAN SEBASTIAN Y LARAPAC;SEDACUSCO S.A;CUSCO;CUSCO;CUSCO;15915;1460854;Transferencia;Indirecta;OBRA;Concluido;;;;;;;;;
456;PE;11931;PNSU;30444;2030709;REDES PRIMARIAS Y SECUNDARIAS REDES DE DISTRIBUCION APV FERROVIARIOS, CORAZON DE FATIMA, TICAPATA Y SR. DE ANIMAS;SEDACUSCO S.A;CUSCO;CUSCO;CUSCO;319864;471740;Transferencia;Indirecta;OBRA;Concluido;;;;;;;;;
457;PE;11932;PNSU;30326;2030708;REFUERZO AL INTERCEPTOR GENERAL;SEDACUSCO S.A;CUSCO;CUSCO;CUSCO;8312;360500;Transferencia;Indirecta;OBRA;Concluido;;;;;;;;;
458;PE;11933;PNSU;30489;2030273;CONDUCCION DE AGUA TRATADA - LINEA DE IMPULSION EB. QORIPATA RESERVORIO PICCHU - CAMBIO LINEA DE QENQORO II ETAPA - RESERVORIO 12 A APV. PARTE ALTA SAN SEBASTIAN - RESERVORIO HATUN HUAYLLA AL RESERVORIO EL ARCO R-12.;SEDACUSCO S.A.;CUSCO;CUSCO;CUSCO;319864;1453852;Transferencia;Directa;OBRA;Concluido;;;;;;;;;
459;PE;11934;PNSU;113260;2117093;RENOVACION LINEA DE CONDUCCION PIURAY;EPS SEDACUSCO S.A.;CUSCO;CUSCO;CUSCO;121791;53258302.09;Transferencia;Indirecta;OBRA;Concluido;;;;;;;;;
460;PE;11935;PNSU;355068;2317970;MEJORAMIENTO DEL SERVICIO DE AGUA POTABLE ZONA NOR OCCIDENTAL CIUDAD DEL CUSCO, PROVINCIA, DEPARTAMENTO DEL CUSCO;ENTIDAD MUNICIPAL PRESTADORA DE SERVICIOS DE SANEAMIENTO DEL CUSCO S.A.;CUSCO;CUSCO;CUSCO;36096;10414719.46;Transferencia;Directa;OBRA (SALDO);Concluido;;;;;;;;;
461;PE;11936;PNSU;224323;2251972;INSTALACIÓN NUEVO RESERVORIO PICCHU R-4-CUSCO;ENTIDAD MUNICIPAL PRESTADORA DE SERVICIOS DE SANEAMIENTO DEL CUSCO S.A.;CUSCO;CUSCO;CUSCO;31405;18851038;Transferencia;Directa;OBRA (SALDO);Concluido;;;;;;;;;
462;PE;11937;PNSU;338771;2302290;INSTALACION DE ESTACION DE BOMBEO PARA AGUAS RESIDUALES PILLAO MATAO - PTAR CUSCO DEL DISTRITO DE SAN  JERONIMO;ENTIDAD MUNICIPAL PRESTADORA DE SERVICIOS DE SANEAMIENTO DEL CUSCO S.A. ;CUSCO;CUSCO;SAN JERONIMO;21509;3152696.66;Transferencia;Indirecta;OBRA;Concluido;;;;;;;;;
463;PE;11938;PNSU;253928;2191845;AMPLIACION DE LOS SERVICIOS DE AGUA POTABLE Y ALCANTARILLADO PARA EL SECTOR DE ALTO QOSQO DISTRITO SAN SEBASTIAN - PROVINCIA DEL CUSCO;MUNICIPALIDAD DISTRITAL DE SAN SEBASTIAN;CUSCO;CUSCO;SAN SEBASTIAN;22919;55717654.88;Transferencia;Directa;OBRA;Concluido;;;;;;;;;
464;PE;11939;PNSU;30436;2030271;ESTACIONES DE BOMBEO ESTACION DE BOMBEO KORIPATA - PICCHU;SEDACUSCO S.A;CUSCO;CUSCO;SANTIAGO;23444;1385486;Transferencia;Indirecta;OBRA;Concluido;;;;;;;;;
465;PE;11940;PNSU;230893;2251977;MEJORAMIENTO COLECTORES QUEBRADAS CHOCCO, HUAMANCHARPA, QORIMAQWAYNIYOC Y HUANCARO - CUSCO;ENTIDAD MUNICIPAL PRESTADORA DE SERVICIOS DE SANEAMIENTO DEL CUSCO S.A.;CUSCO;CUSCO;TODOS;46550;2582747.98;Transferencia;Indirecta;OBRA;Concluido;;;;;;;;;
466;PE;11941;PNSU;230824;2235217;MEJORAMIENTO COLECTORES QUEBRADAS SAPHY, AV.SOL,TULLUMAYO Y AV. EJERCITO;MUNICIPALIDAD PROVINCIAL DEL CUSCO;CUSCO;CUSCO;TODOS;148986;22705135.75;Transferencia;Indirecta;OBRA;Contrato Resuelto;;;;;;;;;
467;PE;11942;PNSU;5206;2015662;INTERCEPTOR HUATANAY II ETAPA;SEDACUSCO S.A.;CUSCO;CUSCO;WANCHAQ;0;8456770;Transferencia;Directa;OBRA;Concluido;;;;;;;;;
468;PE;11943;PNSU;212408;2217007;INSTALACION DE COLECTORES MARGEN DERECHA E IZQUIERDA DEL RIO HUATANAY DISTRITOS DE WANCHAQ, SAN SEBASTIAN Y SAN JERONIMO-CUSCO;ENTIDAD MUNICIPAL PRESTADORA DE SERVICIOS DE SANEAMIENTO DEL CUSCO S.A.;CUSCO;CUSCO;WANCHAQ;3069;6350831.99;Transferencia;Indirecta;OBRA;Concluido;;;;;;;;;
469;PE;11944;PNSU;35798;2037384;MEJORAMIENTO DEL SISTEMA DE AGUA, DESAGUE Y TRATAMIENTO DE AGUAS RESIDUALES DE ESPINAR, PROVINCIA DE ESPINAR - CUSCO;MUNICIPALIDAD PROVINCIAL DE ESPINAR;CUSCO;ESPINAR;ESPINAR;26328;36212991.23;Transferencia;Indirecta;OBRA;Concluido;;;;;;;;;
470;PE;11945;PNSU;66206;2079199;MEJORAMIENTO Y AMPLIACION DE LOS SISTEMAS DE AGUA POTABLE, DESAGUE Y PLANTA DE TRATAMIENTO EN EL CENTRO POBLADO DE HUYRO , DISTRITO DE HUAYOPATA - LA CONVENCION - CUSCO;MUNICIPALIDAD DISTRITAL DE HUAYOPATA;CUSCO;LA CONVENCION;HUAYOPATA;1699;8439175.75;Transferencia;Indirecta;OBRA;Paralizada;;;;;;;;;
471;PE;11946;PNSU;44751;2047469;AMPLIACION, MEJORAMIENTO DE LOS SERVICIOS DE AGUA POTABLE Y SANEAMIENTO DE KIMBIRI, DISTRITO DE KIMBIRI - LA CONVENCION - CUSCO;MUNICIPALIDAD DISTRITAL DE KIMBIRI;CUSCO;LA CONVENCION;KIMBIRI;6770;14838226;Transferencia;Indirecta;OBRA;Concluido;;;;;;;;;
472;PE;11947;PNSU;265702;2192164;AMPLIACION Y MEJORAMIENTO DEL SISTEMA DE AGUA POTABLE Y ALCANTARILLADO EN EL SECTOR INDUSTRIAL Y LA CAPITAL DEL CENTRO POBLADO DE TAHUANTINSUYO LOBO , DISTRITO DE KIMBIRI - LA CONVENCION - CUSCO;MUNICIPALIDAD DISTRITAL DE KIMBIRI;CUSCO;LA CONVENCION;KIMBIRI;2065;9752740.12;Transferencia;Indirecta;OBRA;Concluido;;;;;;;;;
473;PE;11948;PNSU;101415;2104776;MEJORAMIENTO Y AMPLIACION DEL SISTEMA DE AGUA POTABLE, ALCANTARILLADO Y CONSTRUCCION DE PLANTA DE TRATAMIENTO, LOCALIDAD MARANURA, DISTRITO DE MARANURA - LA CONVENCION - CUSCO;MUNICIPALIDAD DISTRITAL DE MARANURA ;CUSCO;LA CONVENCION;MARANURA;1854;7681622.25;Transferencia;Directa;OBRA;Concluido;;;;;;;;;
474;PE;11949;PNSU;9311;2022722;MEJORAMIENTO Y AMPLIACION DEL SISTEMA DE AGUA POTABLE Y ALCANTARILLADO DE LA CIUDAD DE QUILLABAMBA;MUNICIPALIDAD PROVINCIAL DE LA CONVENCION;CUSCO;LA CONVENCION;SANTA ANA;41389;43126732.48;Transferencia;;OBRA (Expediente Saldo);En elaboración;;;;;;;;;
475;PE;11950;PNSU;379384;2340591;MEJORAMIENTO, AMPLIACION SERVICIO DE AGUA POTABLE, ALCANTARILLADO Y TRATAMIENTO DE AGUAS RESIDUALES EN LA LOCALIDAD DE VILLA VIRGEN, DISTRITO DE VILLA VIRGEN - LA CONVENCION - CUSCO;MUNICIPALIDAD DISTRITAL DE VILLA VIRGEN;CUSCO;LA CONVENCION;VILLA VIRGEN;2361;11729822.9;Transferencia;Indirecta;OBRA;Concluido;;;;;;;;;
476;PE;11951;PNSU;225083;2217506;AMPLIACION Y MEJORAMIENTO DEL SISTEMA DE AGUA POTABLE, ALCANTARILLADO Y PLANTA DE TRATAMIENTO  DE LA CAPITAL DE  CHALLABAMBA, DISTRITO DE CHALLABAMBA - PAUCARTAMBO - CUSCO;MUNICIPALIDAD DISTRITAL DE CHALLABAMBA;CUSCO;PAUCARTAMBO;CHALLABAMBA;875;10541887.07;Transferencia;Indirecta;OBRA;Paralizada;;;;;;;;;
477;PE;11952;PNSU;32705;2030711;AMPLIACION COLECTORES PRIMARIAS Y SECUNDARIOS PAUCARTAMBO;SEDACUSCO S.A;CUSCO;PAUCARTAMBO;PAUCARTAMBO;3800;120000;Transferencia;Indirecta;OBRA;Concluido;;;;;;;;;
478;PE;11953;PNSU;32787;2030710;AMPLIACION REDES PRIMARIAS PAUCARTAMBO;SEDACUSCO S.A;CUSCO;PAUCARTAMBO;PAUCARTAMBO;3800;224000;Transferencia;Indirecta;OBRA;Concluido;;;;;;;;;
479;PE;11954;PNSU;32789;2030275;CAPTACION RIO MAPACHO-CONSTRUCCION PREFILTRO RIO PUYUCALLA-CONSTRUCCION LINEA DE IMPULSION- CONSTRUCCION RESERVORIO 400M3;SEDACUSCO S.A;CUSCO;PAUCARTAMBO;PAUCARTAMBO;3800;1069750;Transferencia;Indirecta;OBRA;Contrato Resuelto;;;;;;;;;
480;PE;11955;PNSU;44964;2043380;AMPLIACION Y MEJORAMIENTO DE LOS SISTEMAS DE AGUA POTABLE, ALCANTARILLADO Y CONSTRUCCION DE PLANTA DE TRATAMIENTO DE AGUAS SERVIDAS EN LA LOCALIDAD DE PAUCARTAMBO;MUNICIPALIDAD PROVINCIAL DE PAUCARTAMBO;CUSCO;PAUCARTAMBO;PAUCARTAMBO;4154;4308546.18;Transferencia;Directa;OBRA;Concluido;;;;;;;;;
481;PE;11956;PNSU;198171;2215675;MEJORAMIENTO Y AMPLIACION DEL SANEAMIENTO BASICO INTEGRAL EN LA CAPITAL DEL DISTRITO DE ANDAHUAYLILLAS, PROVINCIA DE QUISPICANCHI - CUSCO;MUNICIPALIDAD DISTRITAL DE ANDAHUAYLILLAS;CUSCO;QUISPICANCHI;ANDAHUAYLILLAS;7027;7882209.72;Transferencia;Indirecta;OBRA;Concluido;;;;;;;;;
482;PE;11957;PNSU;185629;2215935;MEJORAMIENTO Y AMPLIACION DE SANEAMIENTO BASICO INTEGRAL DE LA LOCALIDAD DE QUINCEMIL - CAMANTI, PROVINCIA DE QUISPICANCHI - CUSCO;GOBIERNO REGIONAL CUSCO-SEDE CENTRAL;CUSCO;QUISPICANCHI;CAMANTI;2130;12388497.44;Transferencia;Directa;OBRA;Concluido;;;;;;;;;
483;PE;11958;PNSU;208984;2215833;MEJORAMIENTO Y AMPLIACION DEL SISTEMA DE AGUA POTABLE Y DESAGUE  EN EL CENTRO POBLADO DE HUARO, DISTRITO DE HUARO, PROVINCIA DE QUISPICANCHI - CUSCO;REGION CUSCO-SEDE CENTRAL;CUSCO;QUISPICANCHI;HUARO;2910;38785482.59;Transferencia;Directa;OBRA;En Ejecución;;;;;;;;;
484;PE;11959;PNSU;233365;2167587;MEJORAMIENTO Y AMPLIACIÓN DEL SISTEMA DE AGUA POTABLE Y DESAGÜE EN EL CENTRO POBLADO DE OROPESA / DISTRITO DE OROPESA, PROVINCIA DE QUISPICANCHI - CUSCO;MUNICIPALIDAD DISTRITAL DE OROPESA;CUSCO;QUISPICANCHI;OROPESA;3559;9046071.96;Transferencia;Directa;OBRA;Concluido;;;;;;;;;
485;PE;11960;PNSU;30316;2226067;MEJORAMIENTO Y AMPLIACION DEL SISTEMA DE SANEAMIENTO QUIQUIJANA;MUNICIPALIDAD DISTRITAL DE QUIQUIJANA;CUSCO;QUISPICANCHI;QUIQUIJANA;1432;1554952;Transferencia;Indirecta;OBRA;Concluido;;;;;;;;;
486;PE;11961;PNSU;124351;2105027;MEJORAMIENTO, AMPLIACION DEL SISTEMA DE SANEAMIENTO BASICO INTEGRAL DE LA MICROCUENCA ANILMAYO, DISTRITO DE QUIQUIJANA - QUISPICANCHI - CUSCO;MUNICIPALIDAD DISTRITAL DE QUIQUIJANA;CUSCO;QUISPICANCHI;QUIQUIJANA;3530;2860273.1;Transferencia;Directa;OBRA;Concluido;;;;;;;;;
487;PE;11962;PNSU;79322;2079141;AMPLIACION Y MEJORAMIENTO DEL SISTEMA DE AGUA Y DESAGUE URCOS, PROVINCIA DE QUISPICANCHIS - CUSCO (Saldo de Obra);MUNICIPALIDAD PROVINCIAL DE QUISPICANCHIS;CUSCO;QUISPICANCHI;URCOS;6555;9098033.08;Transferencia;Indirecta;OBRA (Expediente Saldo);En elaboración;;;;;;;;;
488;PE;11963;PNSU;30431;2030270;OBRAS DE CAPTACION REHABILITACION MANANTES MAYCHU Y URMANA 1 Y 2 CAPTACION LAGUNA DE PIURAY;SEDACUSCO S.A;CUSCO;URUBAMBA;CHINCHERO;315759;372895.39;Transferencia;Indirecta;OBRA;Concluido;;;;;;;;;
489;PE;11964;PNSU;32702;2111446;AMPLIACION REDES PRIMARIAS DE AGUA POTABLE URUBAMBA;SEDACUSCO S.A;CUSCO;URUBAMBA;URUBAMBA;8952;224000;Transferencia;Indirecta;OBRA;Concluido;;;;;;;;;
490;PE;11965;PNSU;32698;2030274;AMPLIACION COLECTORES PRIMARIOS Y SECUNDARIOS - INTERCEPTOR GENERAL - PLANTA DE TRATAMIENTO - LOCALIDAD URUBAMBA;SEDACUSCO S.A;CUSCO;URUBAMBA;URUBAMBA;8952;607000;Transferencia;Indirecta;OBRA;Concluido;;;;;;;;;
491;PE;11966;PNSU;279172;2194055;AMPLIACION Y MEJORAMIENTO DEL SERVICIO DE AGUA POTABLE Y DESAGUE  EN LA CIUDAD DE URUBAMBA DEL DISTRITO DE URUBAMBA, PROVINCIA DE URUBAMBA - CUSCO;MUNICIPALIDAD PROVINCIAL DE URUBAMBA;CUSCO;URUBAMBA;URUBAMBA;23033;81772671;Transferencia;Indirecta;EXPEDIENTE TECNICO (SALDO);En elaboración;;;;;;;;;
492;PE;11967;PNSU;8311;2018596;MEJORAMIENTO DEL SISTEMA DE AGUA POTABLE Y SANEAMIENTO DE LA LOCALIDAD DE ACOBAMBA;MUNICIPALIDAD PROVINCIAL DE ACOBAMBA;HUANCAVELICA;ACOBAMBA;ACOBAMBA;2822;2163811;Transferencia;Directa;OBRA;Concluido;;;;;;;;;
493;PE;11968;PNSU;110203;2104775;MEJORAMIENTO Y AMPLIACION DEL SISTEMA DE AGUA POTABLE Y SANEAMIENTO SEGUNDA ETAPA DE LA LOCALIDAD ACOBAMBA, PROVINCIA DE ACOBAMBA - HUANCAVELICA;MUNICIPALIDAD PROVINCIAL DE ACOBAMBA;HUANCAVELICA;ACOBAMBA;ACOBAMBA;4753;9207255.32;Transferencia;Indirecta;OBRA (SALDO);Concluido;;;;;;;;;
494;PE;11969;PNSU;47317;2229795;MEJORAMIENTO DEL SISTEMA DE AGUA POTABLE Y CONSTRUCCION DE ALCANTARILLADO Y LETRINAS DE LA LOCALIDAD DE ANDABAMBA Y CENTROS POBLADOS DE MAYUNMARCA;MUNICIPALIDAD DISTRITAL DE ANDABAMBA;HUANCAVELICA;ACOBAMBA;ANDABAMBA;1971;1225303;Transferencia;Indirecta;OBRA;Concluido;;;;;;;;;
495;PE;11970;PNSU;147693;2117573;MEJORAMIENTO Y AMPLIACIN DEL SISTEMA DE AGUA POTABLE EN EL CENTO POBLADO RURAL DE HUANCCALLACO Y POBLACION DISPERSA DISTRITO DE CAJA, PROVINCIA DE ACOBAMBA - HUANCAVELICA;MUNICIPALIDAD DISTRITAL DE CAJA;HUANCAVELICA;ACOBAMBA;CAJA;2070;731120.7;Transferencia;Directa;OBRA;Concluido;;;;;;;;;
496;PE;11971;PNSU;49674;2064928;AMPLIACION, MEJORAMIENTO DE LOS SISTEMAS DE AGUA POTABLE Y DESAGUE DE LA LOCALIDAD DE PAUCARA, DISTRITO DE PAUCARA - ACOBAMBA - HUANCAVELICA;MUNICIPALIDAD DISTRITAL DE PAUCARA;HUANCAVELICA;ACOBAMBA;PAUCARA;4635;4619335.06;Transferencia;Indirecta;OBRA;Concluido;;;;;;;;;
497;PE;11972;PNSU;10646;2227246;AMPLIACION Y MEJORAMIENTO DEL SISTEMA DE AGUA POTABLE Y CONSTRUCCION DE LETRINAS DEL DISTRITO DE POMACOCHA Y ANEXOS DE AYAHUASAN, CUSICANCHA, CUICHA Y HUANUPAMPA;MUNICIPALIDAD DISTRITAL DE POMACOCHA;HUANCAVELICA;ACOBAMBA;POMACOCHA;1600;2755537;Transferencia;Indirecta;OBRA;Concluido;;;;;;;;;
498;PE;11973;PNSU;45331;2044719;MEJORAMIENTO Y CONSTRUCCION DEL SISTEMA DE AGUA POTABLE Y ALCANTARILLADO DEL DISTRITO DE CCOCHACCASA;GOBIERNO REGIONAL HUANCAVELICA;HUANCAVELICA;ANGARAES;CCOCHACCASA;1390;1757466;Transferencia;Directa;OBRA;Concluido;;;;;;;;;
499;PE;11974;PNSU;46524;2064854;INSTALACION DEL SISTEMA DE SANEAMIENTO DE LA COMUNIDAD DE LLAMOCCTACHI CHINCHO, DISTRITO DE CHINCHO - ANGARAES - HUANCAVELICA;MUNICIPALIDAD DISTRITAL DE CHINCHO;HUANCAVELICA;ANGARAES;CHINCHO;315;328801;Transferencia;Indirecta;OBRA;Concluido;;;;;;;;;
500;PE;11975;PNSU;339132;2300975;MEJORAMIENTO Y AMPLIACION DEL SERVICIO DE AGUA POTABLE Y ALCANTARILLADO EN LOS BARRIOS ALLPACCOCHA, MANZANAYOCC Y ZONA URBANA DE HUAYLLAY GRANDE, DISTRITO DE HUALLAY GRANDE - ANGARAES - HUANCAVELICA;MUNICIPALIDAD DISTRITAL DE HUAYLLAY GRANDE;HUANCAVELICA;ANGARAES;HUAYLLAY GRANDE;480;6903772.12;Transferencia;Indirecta;OBRA;Concluido;;;;;;;;;
501;PE;11976;PNSU;9928;2019254;MEJORAMIENTO DEL SISTEMA DE AGUA POTABLE Y AMPLIACION DEL SISTEMA DE ALCANTARILLADO EN LA LOCALIDAD DE LIRCAY;GOBIERNO REGIONAL HUANCAVELICA;HUANCAVELICA;ANGARAES;LIRCAY;6106;4033085;Transferencia;Indirecta;OBRA;Concluido;;;;;;;;;
502;PE;11977;PNSU;51424;2065046;MEJORAMIENTO Y AMPLIACION DEL SISTEMA DE AGUA POTABLE TODO EL DISTRITO, DISTRITO DE SECCLLA - ANGARAES - HUANCAVELICA;MUNICIPALIDAD DISTRITAL DE SECCLLA;HUANCAVELICA;ANGARAES;SECCLLA;2326;633819;Transferencia;Directa;OBRA;Concluido;;;;;;;;;
503;PE;11978;PNSU;373799;2334657;MEJORAMIENTO Y AMPLIACIÓN DEL SERVICIO DE AGUA POTABLE Y ALCANTARILLADO EN LAS LOCALIDADES DE SINTO PUEBLO NUEVO, ESMERALDA, CASTROVIRREYNA, VISTA ALEGRE, PUCACANCHA Y CAPILLA, DISTRITO DE CASTROVIRREYNA, PROVINCIA DE CASTROVIRREYNA - HUANCAVELICA;MUNICIPALIDAD PROVINCIAL DE CASTROVIRREYNA;HUANCAVELICA;CASTROVIRREYNA;CASTROVIRREYNA;3165;6463768.46;Transferencia;Indirecta;OBRA;Paralizada;;;;;;;;;
504;PE;11979;PNSU;142482;2121773;CONSTRUCCION DE SISTEMAS DE AGUA POTABLE Y ALCANTARILLADO, CON MEJORAS DE CONDUCTAS SALUDABLES PARA LA LOCALIDAD DE CHUPAMARCA, DISTRITO DE CHUPAMARCA - CASTROVIRREYNA - HUANCAVELICA;MUNICIPALIDAD DISTRITAL DE CHUPAMARCA;HUANCAVELICA;CASTROVIRREYNA;CHUPAMARCA;630;2067479.1;Transferencia;Indirecta;OBRA;Concluido;;;;;;;;;
505;PE;11980;PNSU;58176;2065649;AMPLIACION Y MEJORAMIENTO DEL SISTEMA DE AGUA POTABLE Y ALCANTARILLADO, DISTRITO DE TANTARA - CASTROVIRREYNA - HUANCAVELICA;MUNICIPALIDAD DISTRITAL DE TANTARA ;HUANCAVELICA;CASTROVIRREYNA;TANTARA;1112;1597599.03;Transferencia;Directa;OBRA;Concluido;;;;;;;;;
506;PE;11981;PNSU;7963;2045133;MEJORAMIENTO Y AMPLIACION DEL SISTEMA DE AGUA POTABLE Y ALCANTARILLADO EN LA LOCALIDAD DE TICRAPO;MUNICIPALIDAD DISTRITAL DE TICRAPO;HUANCAVELICA;CASTROVIRREYNA;TICRAPO;1596;1042034;Transferencia;Indirecta;OBRA;Concluido;;;;;;;;;
507;PE;11982;PNSU;318277;2267208;CREACION DEL SISTEMA DE EVACUACION DE AGUAS PLUVIALES DE LA ZONA URBANO MARGINAL DE QUINTANILLA PAMPA, DISTRITO DE ASCENSION - HUANCAVELICA - HUANCAVELICA;MUNICIPALIDAD DISTRITAL ASCENSION;HUANCAVELICA;HUANCAVELICA;ASCENSION;1250;5339233;Transferencia;Indirecta;OBRA (SALDO);Paralizada;;;;;;;;;
508;PE;11983;PNSU;62500;2066496;AMPLIACION Y MEJORAMIENTO DE REDES DE AGUA POTABLE Y ALCANTARILLADO HUANCAVELICA, PROVINCIA DE HUANCAVELICA - HUANCAVELICA;MUNICIPALIDAD PROVINCIAL DE HUANCAVELICA;HUANCAVELICA;HUANCAVELICA;HUANCAVELICA;10322;9639821;Transferencia;Indirecta;OBRA;Concluido;;;;;;;;;
509;PE;11984;PNSU;9797;2029010;MEJORAMIENTO Y AMPLIACION DEL SISTEMA DE AGUA POTABLE Y ALCANTARILLADO DE LA LOCALIDAD DE HUANDO;MUNICIPALIDAD DISTRITAL DE HUANDO;HUANCAVELICA;HUANCAVELICA;HUANDO;2175;1460482.72;Transferencia;Indirecta;OBRA;Concluido;;;;;;;;;
510;PE;11985;PNSU;79095;2072161;AMPLIACION Y CONSTRUCCION DEL SISTEMA DE AGUA POTABLE Y SISTEMA DE ALCANTARILLADO, CON PLANTA DE TRATAMIENTO DE LAS AGUAS RESIDUALES DE LA LOCALIDAD DE HUAYLLAHUARA , DISTRITO DE HUAYLLAHUARA - HUANCAVELICA - HUANCAVELICA;MUNICIPALIDAD DISTRITAL DE HUAYLLAHUARA;HUANCAVELICA;HUANCAVELICA;HUAYLLAHUARA;2200;4999072.32;Transferencia;Indirecta;OBRA;Concluido;;;;;;;;;
511;PE;11986;PNSU;13040;2030166;AMPLIACION Y MEJORAMIENTO DE LOS SISTEMAS DE AGUA POTABLE Y ALCANTARILLADO DE LAS LOCALIDADES DE IZCUCHACA, TENERIA, QUICOS, LARMENTA Y TAMBILLO - HUANCAVELICA;GOBIERNO REGIONAL HUANCAVELICA;HUANCAVELICA;HUANCAVELICA;IZCUCHACA;1422;1908703;Transferencia;Indirecta;OBRA;Concluido;;;;;;;;;
512;PE;11987;PNSU;169695;2198700;MEJORAMIENTO Y AMPLIACIÓN DEL SISTEMA DE AGUA POTABLE Y SANEAMIENTO EN LA ZONA URBANA DE IZCUCHACA, DISTRITO DE IZCUCHACA, PROVINCIA DE HUANCAVELICA - HUANCAVELICA;GOBIERNO REGIONAL HUANCAVELICA;HUANCAVELICA;HUANCAVELICA;IZCUCHACA;1346;28854399.68;Transferencia;Directa;OBRA;Paralizada;;;;;;;;;
513;PE;11988;PNSU;218650;2160477;MEJORAMIENTO Y AMPLIACIÓN DE LOS SERVICIOS DE SISTEMA DE AGUA POTABLE, ALCANTARILLADO Y TRATAMIENTO DE AGUAS RESIDUALES EN LA LOCALIDAD DE SAN JUAN DE CCARHUACC, DISTRITO DE YAULI - HUANCAVELICA - HUANCAVELICA;MUNICIPALIDAD DISTRITAL DE YAULI;HUANCAVELICA;HUANCAVELICA;YAULI;2269;3266301.18;Transferencia;Indirecta;OBRA;Concluido;;;;;;;;;
514;PE;11989;PNSU;169675;2140718;MEJORAMIENTO, CONSTRUCCION DEL SISTEMA DE AGUA POTABLE Y ALCANTARILLADO DE LA LOCALIDAD DE HUAYACUNDO ARMA, DISTRITO DE HUAYACUNDO ARMA - HUAYTARA - HUANCAVELICA;MUNICIPALIDAD DISTRITAL DE HUAYACUNDO ARMA;HUANCAVELICA;HUAYTARA;HUAYACUNDO ARMA;451;2279422;Transferencia;Indirecta;OBRA;Concluido;;;;;;;;;
515;PE;11990;PNSU;72757;2069808;AMPLIACION , MEJORAMIENTO Y RECONSTRUCCION DEL SISTEMA DE AGUA POTABLE Y ALCANTARILLADO, CON PLANTA DE TRATAMIENTO DE LAS AGUAS RESIDUALES DEL DISTRITO DE SANTIAGO DE CHOCORVOS , PROVINCIA DE HUAYTARA - HUANCAVELICA;MUNICIPALIDAD DISTRITAL DE SANTIAGO DE CHOCORVOS;HUANCAVELICA;HUAYTARA;SANTIAGO DE CHOCORVOS;1935;3719509.96;Transferencia;Indirecta;OBRA (SALDO);Concluido;;;;;;;;;
516;PE;11991;PNSU;18705;2227298;AMPLIACION Y MEJORAMIENTO DEL SISTEMA DE AGUA POTABLE Y ALCANTARILLADO INTEGRAL DE LA LOCALIDAD DE ACOSTAMBO;MUNICIPALIDAD PROVINCIAL DE TAYACAJA;HUANCAVELICA;TAYACAJA;ACOSTAMBO;1932;1187886;Transferencia;Indirecta;OBRA;Concluido;;;;;;;;;
517;PE;11992;PNSU;91184;2076561;RECONSTRUCCION DEL SISTEMA DE AGUA POTABLE CON CAPTACION VERTICAL SUBTERRANEA Y DEL SISTEMA DE ALCANTARILLADO CON PLANTA DE TRATAMIENTO DE SUS AGUAS RESIDUALES EN EL DISTRITO DE AHUAYCHA - TAYACAJA - HUANCAVELICA;MUNICIPALIDAD DISTRITAL DE AHUAYCHA;HUANCAVELICA;TAYACAJA;AHUAYCHA;2400;7684830;Transferencia;Indirecta;OBRA;Concluido;;;;;;;;;
518;PE;11993;PNSU;91182;2076560;MEJORAMIENTO DEL SISTEMA DE AGUA POTABLE Y CONSTRUCCION DEL SISTEMA DE ALCANTARILLADO CON PLANTA DE TRATAMIENTO DE SUS AGUAS RESIDUALES DE LA LOCALIDAD DE SAN MIGUEL DE HUALLHUA, DISTRITO DE AHUAYCHA - TAYACAJA - HUANCAVELICA;MUNICIPALIDAD DISTRITAL DE AHUAYCHA;HUANCAVELICA;TAYACAJA;AHUAYCHA;2050;5188477.96;Transferencia;Indirecta;OBRA;Concluido;;;;;;;;;
519;PE;11994;PNSU;50124;2054303;MEJORAMIENTO Y AMPLIACION DEL SISTEMA DE AGUA POTABLE E INSTALACION DE DESAGUE - COMUNIDAD LOS NOGALES DISTRITO DE COLCABAMBA, PROVINCIA DE TAYACAJA - HUANCAVELICA;MUNICIPALIDAD DISTRITAL DE COLCABAMBA;HUANCAVELICA;TAYACAJA;COLCABAMBA;912;410094;Transferencia;Indirecta;OBRA;Concluido;;;;;;;;;
520;PE;11995;PNSU;190132;2204202;AMPLIACION Y MEJORAMIENTO DE LOS SERVICIOS DE AGUA POTABLE Y DESAGUE EN LA LOCALIDAD DE COLCABAMBA, DISTRITO DE COLCABAMBA - TAYACAJA - HUANCAVELICA;MUNICIPALIDAD DISTRITAL DE COLCABAMBA;HUANCAVELICA;TAYACAJA;COLCABAMBA;2698;8879341.36;Transferencia;Indirecta;OBRA;Concluido;;;;;;;;;
521;PE;11996;PNSU;218825;2204355;AMPLIACION Y MEJORAMIENTO DEL SISTEMA DE AGUA POTABLE Y ALCANTARILLADO EN LA LOCALIDAD MARISCAL CÁCERES - PUEBLO NUEVO - PAMPA BLANCA DEL DISTRITO DE DANIEL HERNANDEZ, PROVINCIA DE TAYACAJA - HUANCAVELICA;MUNICIPALIDAD PROVINCIAL DE TAYACAJA;HUANCAVELICA;TAYACAJA;DANIEL HERNANDEZ;5443;9969246.39;Transferencia;Indirecta;OBRA;Concluido;;;;;;;;;
522;PE;11997;PNSU;8419;2229807;MEJORAMIENTO Y AMPLIACION DE LA RED DE DESAGUE PLUVIAL DE PAMPAS;MUNICIPALIDAD PROVINCIAL DE TAYACAJA;HUANCAVELICA;TAYACAJA;PAMPAS;8788;1408174;Transferencia;Indirecta;OBRA;Concluido;;;;;;;;;
523;PE;11998;PNSU;177321;2142382;MEJORAMIENTO DEL SISTEMA DE ABASTECIMIENTO DE AGUA POTABLE, CONS TRUCCION DEL SISTEMA DE DESAGÜE Y CONSTRUCCION DE LETRINAS EN DIEZ COMUNIDADES CAMPESINAS DEL DISTRITO DE PAMPAS, PROVINCIA DE TAYACAJA - HUANCAVELICA;MUNICIPALIDAD PROVINCIAL DE TAYACAJA;HUANCAVELICA;TAYACAJA;PAMPAS;3185;4508212.4;Transferencia;Indirecta;OBRA;Concluido;;;;;;;;;
524;PE;11999;PNSU;182951;2145159;MEJORAMIENTO Y AMPLIACIÓN DEL SISTEMA DE AGUA POTABLE Y ALCANTARILLADO EN LA CIUDAD DE PAMPAS, DISTRITO DE PAMPAS, PROVINCIA DE TAYACAJA - HUANCAVELICA;MUNICIPALIDAD PROVINCIAL DE TAYACAJA;HUANCAVELICA;TAYACAJA;PAMPAS;6175;16607372.02;Transferencia;Indirecta;OBRA;Paralizada;;;;;;;;;
525;PE;12000;PNSU;26670;2028854;SANEAMIENTO BASICO AGUA Y DESAGUE DEL CENTRO POBLADO MENOR DE TUCUMA;GOBIERNO REGIONAL HUANCAVELICA;HUANCAVELICA;TAYACAJA;PAMPAS;1483;494174;Transferencia;Directa;OBRA;Concluido;;;;;;;;;
526;PE;12001;PNSU;10343;2225729;MEJORAMIENTO Y AMPLIACION DEL SISTEMA DE AGUA POTABLE Y ALCANTARILLADO DE LA LOCALIDAD DE PAZOS;MUNICIPALIDAD DISTRITAL DE PAZOS;HUANCAVELICA;TAYACAJA;PAZOS;2017;1490007;Transferencia;Indirecta;OBRA;Concluido;;;;;;;;;
527;PE;12002;PNSU;18719;2232276;MEJORAMIENTO Y AMPLIACION DEL SISTEMA DE AGUA POTABLE Y CONSTRUCCION DE ALCANTARILLADO DEL CENTRO POBLADO DE SAN PEDRO DE MULLACA DEL DISTRITO DE PAZOS;MUNICIPALIDAD DISTRITAL DE PAZOS;HUANCAVELICA;TAYACAJA;PAZOS;983;836069;Transferencia;Indirecta;OBRA;Concluido;;;;;;;;;
528;PE;12003;PNSU;374045;2334916;MEJORAMIENTO, AMPLIACION DEL SERVICIO DE AGUA POTABLE Y SANEAMIENTO EN LA LOCALIDAD DE PICHOS, DISTRITO DE PICHOS - TAYACAJA - HUANCAVELICA;MUNICIPALIDAD DISTRITAL DE PICHOS;HUANCAVELICA;TAYACAJA;PICHOS;2445;5413063.6;Transferencia;Indirecta;OBRA;Concluido;;;;;;;;;
529;PE;12004;PNSU;169054;2135908;AMPLIACION, MEJORAMIENTO DE SISTEMA DE AGUA POTABLE E INSTALACION DE SISTEMA DE ALCANTARILLADO SANITARIO DE LA LOCALIDAD DE SAN ANTONIO, DISTRITO DE SALCAHUASI - TAYACAJA - HUANCAVELICA;MUNICIPALIDAD DISTRITAL DE SALCAHUASI;HUANCAVELICA;TAYACAJA;SALCAHUASI;277;1342644.23;Transferencia;Indirecta;OBRA;Concluido;;;;;;;;;
530;PE;12005;PNSU;68580;2068328;CONSTRUCCION DE ALCANTARRILLADO SANITARIO COMUNIDAD CAMPESINA DE GILAPATA, DISTRITO DE SAN MARCOS DE ROCCHAC - TAYACAJA - HUANCAVELICA;MUNICIPALIDAD DISTRITAL DE SAN MARCOS ROCCHAC;HUANCAVELICA;TAYACAJA;SAN MARCOS DE ROCCHAC;300;249181;Transferencia;Indirecta;OBRA;Concluido;;;;;;;;;
531;PE;12006;PNSU;111440;2090510;MEJORAMIENTO Y AMPLIACION DEL SISTEMA DE AGUA POTABLE E INSTALACION DEL SISTEMA DE ALCANTARILLADO EN LA COMUNIDAD CAMPESINA DE TRANCAPAMPA, DISTRITO DE SAN MARCOS DE ROCCHAC - TAYACAJA - HUANCAVELICA;MUNICIPALIDAD DISTRITAL DE SAN MARCOS ROCCHAC;HUANCAVELICA;TAYACAJA;SAN MARCOS DE ROCCHAC;280;356743;Transferencia;Indirecta;OBRA;Concluido;;;;;;;;;
532;PE;12007;PNSU;115676;2090775;CONSTRUCCION DEL SISTEMA DE ALCANTARILLADO EN LA COMUNIDAD CAMPESINA DE PACCHA, DISTRITO DE SAN MARCOS DE ROCCHAC - TAYACAJA - HUANCAVELICA;MUNICIPALIDAD DISTRITAL DE SAN MARCOS ROCCHAC;HUANCAVELICA;TAYACAJA;SAN MARCOS DE ROCCHAC;175;250089;Transferencia;Indirecta;OBRA;Concluido;;;;;;;;;
533;PE;12008;PNSU;145791;2128524;MEJORAMIENTO Y AMPLIACION DEL SISTEMA DE AGUA POTABLE Y CONSTRUCCION DE ALCANTARILLADO CON PLANTA DE TRATAMIENTO DE AGUAS RESIDUALES DEL CENTRO POBLADO DE VISTA ALEGRE, DISTRITO DE SURCUBAMBA - TAYACAJA - HUANCAVELICA;MUNICIPALIDAD DISTRITAL DE SURCUBAMBA;HUANCAVELICA;TAYACAJA;SURCUBAMBA;582;1307962.37;Transferencia;Indirecta;OBRA;Concluido;;;;;;;;;
534;PE;12009;PNSU;145785;2128523;MEJORAMIENTO Y AMPLIACION DEL SISTEMA DE AGUA POTABLE Y CONSTRUCCION DE ALCANTARILLADO CON PLANTA DE TRATAMIENTO DE AGUAS RESIDUALES DEL CENTRO POBLADO DE SACHACOTO, DISTRITO DE SURCUBAMBA - TAYACAJA - HUANCAVELICA;MUNICIPALIDAD DISTRITAL DE SURCUBAMBA;HUANCAVELICA;TAYACAJA;SURCUBAMBA;1416;2056565.86;Transferencia;Indirecta;OBRA;Concluido;;;;;;;;;
535;PE;12010;PNSU;111754;2104231;MEJORAMIENTO DEL SISTEMA DE AGUA POTABLE Y CONSTRUCCION DEL SISTEMA DE DESAGUE Y LETRINAS COCHABAMBA GRANDE, DISTRITO DE TINTAY PUNCU - TAYACAJA - HUANCAVELICA;MUNICIPALIDAD DISTRITAL DE TINTAY PUNCU;HUANCAVELICA;TAYACAJA;TINTAY PUNCU;1360;2365441.73;Transferencia;Indirecta;OBRA;Concluido;;;;;;;;;
536;PE;12011;PNSU;115042;2096009;AMPLIACION Y MEJORAMIENTO SANEAMIENTO INTEGRAL AGUA Y DESAGUE DE LA LOCALIDAD DE SUNE, DISTRITO DE TINTAY PUNCU - TAYACAJA - HUANCAVELICA;MUNICIPALIDAD DISTRITAL DE TINTAY PUNCU;HUANCAVELICA;TAYACAJA;TINTAY PUNCU;720;860690;Transferencia;Indirecta;OBRA;Concluido;;;;;;;;;
537;PE;12012;PNSU;4556;2022748;MEJORAMIENTO, REHABILITACION Y AMPLIACION DEL SISTEMA DE AGUA POTABLE Y ALCANTARILLADO DE LA CIUDAD DE AMBO;GOBIERNO REGIONAL HUANUCO;HUANUCO;AMBO;AMBO;9814;102883583.8;Transferencia;Indirecta;EXPEDIENTE TECNICO;Concluido;;;;;;;;;
538;PE;12013;PNSU;146223;2128517;MEJORAMIENTO Y AMPLIACION DEL SISTEMA DE AGUA POTABLE Y ALCANTARILLADO DEL CENTRO POBLADO DE CHAUCHA, DISTRITO DE AMBO, PROVINCIA DE AMBO - HUANUCO;MUNICIPALIDAD DISTRITAL DE AMBO;HUANUCO;AMBO;AMBO;780;2370759.81;Transferencia;Indirecta;OBRA;Concluido;;;;;;;;;
539;PE;12014;PNSU;266545;2303165;AMPLIACION DEL SERVICIO DE AGUA  POTABLE E INSTALACION DE ALCANTARILLADO EN LA LOCALIDAD DE HUANCAHUASI,DISTRITO DE AMBO, PROVINCIA DE AMBO - HUANUCO;MUNICIPALIDAD PROVINCIAL DE AMBO;HUANUCO;AMBO;AMBO;2120;20844903.84;Transferencia;Indirecta;OBRA;Concluido;;;;;;;;;
540;PE;12015;PNSU;72976;2069890;AMPLIACION Y MEJORAMIENTO DEL SISTEMA DE AGUA POTABLE Y CONSTRUCCION DEL SISTEMA DE ALCANTARILLADO DE LA LOCALIDAD DE QUIO - DISTRITO DE CAYNA, PROVINCIA DE AMBO - HUANUCO;MUNICIPALIDAD DISTRITAL DE CAYNA;HUANUCO;AMBO;CAYNA;1162;1684454.17;Transferencia;Indirecta;OBRA;Concluido;;;;;;;;;
541;PE;12016;PNSU;54436;2054351;MEJORAMIENTO Y AMPLIACIÓN DE LOS SISTEMAS DE AGUA POTABLE Y ALCANTARILLADO DE LA LOCALIDAD DE COQUIN, PROVINCIA DE AMBO - HUANUCO;MUNICIPALIDAD DISTRITAL DE COLPAS;HUANUCO;AMBO;COLPAS;655;252228;Transferencia;Indirecta;EXPEDIENTE TECNICO;Concluido;;;;;;;;;
542;PE;12017;PNSU;54521;2054352;MEJORAMIENTO Y AMPLIACIÓN DE LOS SISTEMAS DE AGUA POTABLE Y ALCANTARILLADO DE LA LOCALIDAD DE COLPAS, PROVINCIA DE AMBO - HUANUCO;MUNICIPALIDAD DISTRITAL DE COLPAS;HUANUCO;AMBO;COLPAS;709;367758;Transferencia;Indirecta;OBRA;Concluido;;;;;;;;;
543;PE;12018;PNSU;70976;2069204;REHABILITACION Y AMPLIACIÓN DEL SISTEMA DE AGUA POTABLE Y ALCANTARILLADO DE CONCHAMARCA Y ANEXOS CONCHAMARCA, DISTRITO DE CONCHAMARCA - AMBO - HUANUCO;MUNICIPALIDAD DISTRITAL DE CONCHAMARCA;HUANUCO;AMBO;CONCHAMARCA;1647;3100000;Transferencia;Indirecta;OBRA;Concluido;;;;;;;;;
544;PE;12019;PNSU;39475;2054513;MEJORAMIENTO, REHABILITACION Y AMPLIACION DEL SISTEMA DE AGUA POTABLE EN LA LOCALIDAD DE HUACAR, DISTRITO DE HUACAR, PROVINCIA DE AMBO - HUANUCO;MUNICIPALIDAD DISTRITAL DE HUACAR;HUANUCO;AMBO;HUACAR;2279;1882750;Transferencia;Indirecta;OBRA;Concluido;;;;;;;;;
545;PE;12020;PNSU;63876;2066938;MEJORAMIENTO Y AMPLIACIÓN DEL SISTEMA DE AGUA POTABLE E INSTALACIÓN DEL SISTEMA DE ALCANTARILLADO DE LA LOCALIDAD DE ACOCHACÁN, PROVINCIA DE AMBO - HUANUCO;MUNICIPALIDAD DISTRITAL DE SAN FRANCISCO;HUANUCO;AMBO;SAN FRANCISCO;405;737019;Transferencia;Indirecta;EXPEDIENTE TECNICO;Concluido;;;;;;;;;
546;PE;12021;PNSU;64041;2066968;MEJORAMIENTO Y AMPLIACIÓN DEL SISTEMA DE AGUA POTABLE E INSTALACIÓN DEL SISTEMA DE ALCANTARILLADO DE LA LOCALIDAD DE QUIRCÁN, PROVINCIA DE AMBO - HUANUCO;MUNICIPALIDAD DISTRITAL DE SAN FRANCISCO;HUANUCO;AMBO;SAN FRANCISCO;905;1447522;Transferencia;Indirecta;OBRA;Concluido;;;;;;;;;
547;PE;12022;PNSU;65572;2067395;INSTALACION DEL SISTEMA DE AGUA POTABLE Y DESAGUE DE QUICACAN, DISTRITO DE TOMAY KICHWA - AMBO - HUANUCO;MUNICIPALIDAD DISTRITAL DE TOMAY KICHWA;HUANUCO;AMBO;TOMAY KICHWA;564;1202300;Transferencia;Indirecta;OBRA;Concluido;;;;;;;;;
548;PE;12023;PNSU;65568;2067393;MEJORAMIENTO, AMPLIACION DEL SISTEMA DE AGUA POTABLE Y DESAGUE DE TOMAYKICHWA, DISTRITO DE TOMAY KICHWA - AMBO - HUANUCO;MUNICIPALIDAD DISTRITAL DE TOMAY KICHWA;HUANUCO;AMBO;TOMAY KICHWA;3180;3856027.45;Transferencia;Indirecta;OBRA;Convenio Resuelto;;;;;;;;;
549;PE;12024;PNSU;70365;2068987;INSTALACION DEL SISTEMA DE AGUA POTABLE Y DESAGUE DE LAS PAMPAS, DISTRITO DE TOMAY KICHWA - AMBO - HUANUCO;MUNICIPALIDAD DISTRITAL DE TOMAY KICHWA;HUANUCO;AMBO;TOMAY KICHWA;552;4030699;Transferencia;Indirecta;OBRA;Concluido;;;;;;;;;
550;PE;12025;PNSU;85266;2074526;INSTALACION DE ALCANTARILLADO Y AMPLIACION DE AGUA POTABLE DE HUANCAN ,, DISTRITO DE CHUQUIS - DOS DE MAYO - HUANUCO;MUNICIPALIDAD DISTRITAL DE CHUQUIS;HUANUCO;DOS DE MAYO;CHUQUIS;1084;2432292.37;Transferencia;Indirecta;EXPEDIENTE TECNICO;Concluido;;;;;;;;;
551;PE;12026;PNSU;5777;2018383;AMPLIACION Y MEJORAMIENTO DEL SISTEMA DE AGUA POTABLE Y DESAGUE DE LA UNION;GOBIERNO REGIONAL HUANUCO;HUANUCO;DOS DE MAYO;LA UNION;7059;4302154.3;Transferencia;Indirecta;OBRA;Concluido;;;;;;;;;
552;PE;12027;PNSU;186677;2215627;MEJORAMIENTO Y AMPLIACION DE LOS SISTEMAS DE AGUA POTABLE Y ALCANTARILLADO DE LA CIUDAD DE LA UNION, PROVINCIA DE DOS DE MAYO - HUANUCO;GOBIERNO REGIONAL HUANUCO;HUANUCO;DOS DE MAYO;LA UNION;7151;37340771.45;Transferencia;Indirecta;OBRA;En Ejecución;;;;;;;;;
553;PE;12028;PNSU;73767;2070202;INSTALACION DEL SISTEMA DE AGUA POTABLE, ALCANTARILLADO Y LETRINAS DE LA LOCALIDAD DE TANTACOTO TANTACOTO, DISTRITO DE MARIAS - DOS DE MAYO - HUANUCO;MUNICIPALIDAD DISTRITAL DE MARIAS;HUANUCO;DOS DE MAYO;MARIAS;530;1040616;Transferencia;Indirecta;EXPEDIENTE TECNICO;Concluido;;;;;;;;;
554;PE;12029;PNSU;71320;2069338;REHABILITACION Y AMPLIACIÓN DEL SISTEMA DE AGUA POTABLE Y ALCANTARILLADO DE LA LOCALIDAD DE MARÍAS MARIAS, DISTRITO DE MARIAS - DOS DE MAYO - HUANUCO;MUNICIPALIDAD DISTRITAL DE MARIAS;HUANUCO;DOS DE MAYO;MARIAS;1609;4113593.42;Transferencia;Indirecta;EXPEDIENTE TECNICO;Concluido;;;;;;;;;
555;PE;12030;PNSU;18115;2026250;REHABILITACION Y AMPLIACION DEL SISTEMA DE AGUA POTABLE Y ALCANTARILLADO DE LA LOCALIDAD DE PACHAS (Componente:Sistema de Alcantarillado;MUNICIPALIDAD DISTRITAL DE PACHAS;HUANUCO;DOS DE MAYO;PACHAS;1930;3627729;Transferencia;Indirecta;OBRA;Concluido;;;;;;;;;
556;PE;12031;PNSU;351526;2313913;AMPLIACION, MEJORAMIENTO DEL SISTEMA DE AGUA POTABLE Y ALCANTARILLADO DEL CENTRO POBLADO DE CRUZPAMPA, DISTRITO DE PACHAS - DOS DE MAYO - HUANUCO;MUNICIPALIDAD DISTRITAL DE PACHAS;HUANUCO;DOS DE MAYO;PACHAS;2035;26798133.9;Transferencia;Indirecta;OBRA;Concluido;;;;;;;;;
557;PE;12032;PNSU;50406;2064970;CONSTRUCCION DE LOS SISTEMAS DE AGUA POTABLE Y ALCANTARILLADO DEL C.P.M. DE PARAÍSO - CHOLÓN - MARAÑON - HUANUCO, DISTRITO DE QUIVILLA - DOS DE MAYO - HUANUCO;MUNICIPALIDAD DISTRITAL DE DE CHOLON;HUANUCO;DOS DE MAYO;QUIVILLA;2298;876954;Transferencia;Indirecta;EXPEDIENTE TECNICO;Concluido;;;;;;;;;
558;PE;12033;PNSU;61261;2066019;AMPLIACION DEL SISTEMA DE AGUA POTABLE Y LETRINAS EN LA LOCALIDAD DE SAN MARTIN DE ROSAPAMPA, DISTRITO DE QUIVILLA - DOS DE MAYO - HUANUCO;MUNICIPALIDAD DISTRITAL DE QUIVILLA;HUANUCO;DOS DE MAYO;QUIVILLA;248;151239;Transferencia;Directa;OBRA;Concluido;;;;;;;;;
559;PE;12034;PNSU;61263;2066021;CONSTRUCCION DEL SISTEMA DE AGUA POTABLE Y LETRINAS EN LA LOCALIDAD DE SAN MIGUEL DE YANUNA, DISTRITO DE QUIVILLA - DOS DE MAYO - HUANUCO;MUNICIPALIDAD DISTRITAL DE QUIVILLA;HUANUCO;DOS DE MAYO;QUIVILLA;223;152062;Transferencia;Directa;OBRA;Concluido;;;;;;;;;
560;PE;12035;PNSU;55271;2077961;AMPLIACION Y MEJORAMIENTO DE LOS SISTEMAS DE AGUA POTABLE Y ALCANTARILLADO DEL DISTRITO DE RIPAN;MUNICIPALIDAD DISTRITAL DE RIPAN;HUANUCO;DOS DE MAYO;RIPAN;2736;6404435.51;Transferencia;Indirecta;OBRA;Paralizada;;;;;;;;;
561;PE;12036;PNSU;105177;2104754;MEJORAMIENTO Y AMPLIACION DEL SISTEMA DE AGUA POTABLE Y ALCANTARILLADO DE LA LOCALIDAD DE SHUNQUI DISTRITO DE SHUNQUI - DOS DE MAYO - HUANUCO;MUNICIPALIDAD DISTRITAL DE SHUNQUI;HUANUCO;DOS DE MAYO;SHUNQUI;709;1530515;Transferencia;Indirecta;OBRA;Concluido;;;;;;;;;
562;PE;12037;PNSU;51923;2065110;INSTALACION DEL SISTEMA DE AGUA POTABLE Y AMPLIACION DEL SISTEMA DE ALCANTARILLADO DE PUCAPAMPA E INDEPENDIENTE, DISTRITO DE YANAS - DOS DE MAYO - HUANUCO;MUNICIPALIDAD DISTRITAL DE YANAS;HUANUCO;DOS DE MAYO;YANAS;1897;728457;Transferencia;Indirecta;EXPEDIENTE TECNICO;Concluido;;;;;;;;;
563;PE;12038;PNSU;89214;2075856;AMPLIACION DEL SISTEMA DE AGUA POTABLE E INSTALACIÓN DEL SISTEMA ALCANTARILLADO DE JACHAHUAYIN, DISTRITO DE YANAS - DOS DE MAYO - HUANUCO;MUNICIPALIDAD DISTRITAL DE YANAS;HUANUCO;DOS DE MAYO;YANAS;372;882558.77;Transferencia;Indirecta;EXPEDIENTE TECNICO;Concluido;;;;;;;;;
564;PE;12039;PNSU;68311;2068239;INSTALACION DEL SISTEMA DE AGUA POTABLE Y ALCANTARILLADO DEL CENTRO POBLADO DE CASACANCHA, DISTRITO DE YANAS - DOS DE MAYO - HUANUCO;MUNICIPALIDAD DISTRITAL DE YANAS;HUANUCO;DOS DE MAYO;YANAS;367;301313;Transferencia;Indirecta;EXPEDIENTE TECNICO;Concluido;;;;;;;;;
565;PE;12040;PNSU;68315;2068241;INSTALACION DEL SISTEMA DE AGUA POTABLE Y ALCANTARILLADO DEL CENTRO POBLADO DE HUANZAPAMPA, DISTRITO DE YANAS - DOS DE MAYO - HUANUCO;MUNICIPALIDAD DISTRITAL DE YANAS;HUANUCO;DOS DE MAYO;YANAS;285;448866;Transferencia;Indirecta;EXPEDIENTE TECNICO;Concluido;;;;;;;;;
566;PE;12041;PNSU;59188;2065766;INSTALACION DE SISTEMA DE AGUA Y DESAGUE Y ALCANTARILLADO DE PUCUTIN, QUIPAS, DISTRITO DE YANAS - DOS DE MAYO - HUANUCO;MUNICIPALIDAD DISTRITAL DE YANAS;HUANUCO;DOS DE MAYO;YANAS;400;706803;Transferencia;Directa;OBRA;Concluido;;;;;;;;;
567;PE;12042;PNSU;192798;2148927;MEJORAMIENTO DE LA RED DE AGUA POTABLE Y SISTEMA DE DESAGUE EN EL C.P. DE QUICHIRRAGRA DEL DISTRITO DE HUACAYBAMBA, PROVINCIA DE HUACAYBAMBA - HUANUCO;MUNICIPALIDAD PROVINCIAL DE HUACAYBAMBA;HUANUCO;HUACAYBAMBA;HUACAYBAMBA;480;1615888;Transferencia;Indirecta;EXPEDIENTE TECNICO;Concluido;;;;;;;;;
568;PE;12043;PNSU;87154;2075132;INSTALACION DE AGUA POTABLE Y LETRINAS SANITARIAS DE LA LOCALIDAD DE SAN MIGUEL DE COYAS, DISTRITO DE ARANCAY - HUAMALIES - HUANUCO;MUNICIPALIDA DISTRITAL DE ARANCAY;HUANUCO;HUAMALIES;ARANCAY;480;409832;Transferencia;Indirecta;EXPEDIENTE TECNICO;Concluido;;;;;;;;;
569;PE;12044;PNSU;68776;2068407;INSTALACION DEL SISTEMA DE AGUA POTABLE Y ALCANTARILLADO DE LA LOCALIDAD DE CATAS, DISTRITO DE ARANCAY - HUAMALIES - HUANUCO;MUNICIPALIDAD DISTRITAL DE ARANCAY;HUANUCO;HUAMALIES;ARANCAY;510;1251867.18;Transferencia;Indirecta;OBRA;Concluido;;;;;;;;;
570;PE;12045;PNSU;72890;2069852;INSTALACION DEL SISTEMA DE AGUA POTABLE Y ALCANTARILLADO DE LA LOCALIDAD DE ANDAS, DISTRITO DE JACAS GRANDE - HUAMALIES - HUANUCO;MUNICIPALIDAD DISTRITAL DE JACAS GRANDE;HUANUCO;HUAMALIES;JACAS GRANDE;930;1910663;Transferencia;Indirecta;OBRA;Concluido;;;;;;;;;
571;PE;12046;PNSU;51524;2058415;INSTALACION DEL SISTEMA DE AGUA POTABLE Y MEJORAMIENTO DEL SISTEMA DE ALCANTARILLADO DE NUEVAS FLORES, DISTRITO DE JACAS GRANDE - HUAMALIES - HUANUCO;MUNICIPALIDAD DISTRITAL DE JACAS GRANDE;HUANUCO;HUAMALIES;JACAS GRANDE;387;137957;Transferencia;Directa;OBRA;Concluido;;;;;;;;;
572;PE;12047;PNSU;97090;2081794;CONSTRUCCION SISTEMA DE ALCANTARILLADO DE CHAPACARA, DISTRITO DE JIRCAN - HUAMALIES - HUANUCO;MUNICIPALIDAD DISTRITAL DE JIRCAN;HUANUCO;HUAMALIES;JIRCAN;1180;195268;Transferencia;Indirecta;EXPEDIENTE TECNICO;Concluido;;;;;;;;;
573;PE;12048;PNSU;93268;2077243;CONSTRUCCION, MEJORAMIENTO, AMPLIACION DEL SISTEMA DE AGUA POTABLE, ALCANTARILLADO Y LETRINAS DE LAS LOCALIDADES DE URPISH, JIRCAN, HUANCASH, CHEQUIAS, CAMPAMENTO Y CHOCOPAMPA, DISTRITO DE JIRCAN - HUAMALIES - HUANUCO;MUNICIPALIDAD DISTRITAL DE JIRCAN;HUANUCO;HUAMALIES;JIRCAN;4051;6469875.4;Transferencia;Indirecta;OBRA;Concluido;;;;;;;;;
574;PE;12049;PNSU;95670;2104139;MEJORAMIENTO DEL SISTEMA DE AGUA POTABLE Y CONSTRUCCION DEL SISTEMA DE ALCANTARILLADO EN EL CENTRO POBLADO DE PAMPAS DE FLORES - DISTRITO DE MIRAFLORES, PROVINCIA DE HUAMALIES - HUANUCO;MUNICIPALIDAD DISTRITAL DE MIRAFLORES;HUANUCO;HUAMALIES;MIRAFLORES;360;1646654;Transferencia;Indirecta;OBRA;Concluido;;;;;;;;;
575;PE;12050;PNSU;267712;2238283;AMPLIACION Y MEJORAMIENTO DE LOS SERVICIOS DE AGUA POTABLE Y ALCANTARILLADO EN LA LOCALIDAD DE MIRAFLORES, DISTRITO DE MIRAFLORES - HUAMALIES - HUANUCO;MUNICIPALIDAD DISTRITAL DE MIRAFLORES;HUANUCO;HUAMALIES;MIRAFLORES;3052;23853563.11;Transferencia;Indirecta;OBRA;En Ejecución;;;;;;;;;
576;PE;12051;PNSU;158400;2115923;AMPLIACION Y MEJORAMIENTO DEL SISTEMA DE AGUA POTABLE E INSTALACION DEL SISTEMA DE ALCANTARILLADO EN LA LOCALIDAD DE CACHICOTO DISTRITO DE MONZON, PROVINCIA DE HUAMALIES - HUANUCO;MUNICIPALIDAD DISTRITAL DE MONZON;HUANUCO;HUAMALIES;MONZON;3115;6013050.29;Transferencia;Indirecta;OBRA;Concluido;;;;;;;;;
577;PE;12052;PNSU;61563;2066136;CONSTRUCCION DEL SISTEMA DE DESAGÜE DEL C.P. DE LA LIBERTAD-CAUNARAPA , DISTRITO DE CHAVIN DE PARIARCA - HUAMALIES - HUANUCO;MUNICIPALIDAD DISTRITAL DE MONZON;HUANUCO;HUAMALIES;MONZON;2900;797752;Transferencia;Indirecta;EXPEDIENTE TECNICO;Concluido;;;;;;;;;
578;PE;12053;PNSU;57402;2065562;CONSTRUCCION DEL SISTEMA DE DESAGÜE DEL C.P. TAZO GRANDE, DISTRITO DE CHAVIN DE PARIARCA - HUAMALIES - HUANUCO;MUNICIPALIDAD DISTRITAL DE MONZON;HUANUCO;HUAMALIES;MONZON;800;1138509;Transferencia;Indirecta;EXPEDIENTE TECNICO;Concluido;;;;;;;;;
579;PE;12054;PNSU;57403;2065563;AMPLIACION DEL SISTEMA DE DESAGUE DEL C.P. DE CACHICOTO, DISTRITO DE CHAVIN DE PARIARCA - HUAMALIES - HUANUCO;MUNICIPALIDAD DISTRITAL DE MONZON;HUANUCO;HUAMALIES;MONZON;450;826016;Transferencia;Indirecta;EXPEDIENTE TECNICO;Concluido;;;;;;;;;
580;PE;12055;PNSU;61286;2066033;MEJORAMIENTO DE LA CAPTACION, RESERVORIO, LINEA DE ADUCCION, LINEA DE CONDUCCION Y ALCANTARILLADO DE LA LOCALIDAD DE PUÑOS, DISTRITO DE PUNOS - HUAMALIES - HUANUCO;MUNICIPALIDAD DISTRITAL DE PUÑOS;HUANUCO;HUAMALIES;PUÑOS;1530;822219;Transferencia;Directa;OBRA;Concluido;;;;;;;;;
581;PE;12056;PNSU;61382;2066065;CONSTRUCCION DEL SISTEMA DE AGUA POTABLE E INSTALACION DE LETRINAS EN LA LOCALIDAD DE SAN JUAN DE QUEROSH, DISTRITO DE PUNOS - HUAMALIES - HUANUCO;MUNICIPALIDAD DISTRITAL DE PUÑOS;HUANUCO;HUAMALIES;PUÑOS;252;331561;Transferencia;Directa;OBRA;Concluido;;;;;;;;;
582;PE;12057;PNSU;58633;2065677;AMPLIACION Y MEJORAMIENTO DEL SISTEMA DE DESAGUE DE SINGA, DISTRITO DE SINGA - HUAMALIES - HUANUCO;MUNICIPALIDAD DISTRITAL DE SINGA;HUANUCO;HUAMALIES;SINGA;1900;2644083;Transferencia;Indirecta;OBRA;Concluido;;;;;;;;;
583;PE;12058;PNSU;60071;2065865;INSTALACION DEL SISTEMA DE AGUA POTABLE Y LETRINAS PARA LA LOCALIDAD PARIASH, DISTRITO DE TANTAMAYO - HUAMALIES - HUANUCO;MUNICIPALIDAD DISTRITAL DE TANTAMAYO;HUANUCO;HUAMALIES;TANTAMAYO;295;162812;Transferencia;Indirecta;EXPEDIENTE TECNICO;Concluido;;;;;;;;;
584;PE;12059;PNSU;130621;2115643;AMPLIACION Y MEJORAMIENTO DEL SISTEMA DE AGUA POTABLE Y ALCANTARILLADO DE LOS ASENTAMIENTOS HUMANOS SAN CRISTOBAL Y PEDRO HUILCA, DISTRITO DE AMARILIS - HUANUCO - HUANUCO;MUNICIPALIDAD DISTRITAL DE AMARILIS;HUANUCO;HUANUCO;AMARILIS;1077;1074579.78;Transferencia;Indirecta;OBRA;Concluido;;;;;;;;;
585;PE;12060;PNSU;37324;2039656;REHABILITACION DEL SISTEMA DEAGUA POTABLE EN FONAVI I - PAUCARBAMBILLA;EMPRESA MUNICIPAL DE SERVICIO DE AGUA POTABLE Y ALCANTARILLADO DE HUANUCO S.A. - SEDAHUANUCO S.A.;HUANUCO;HUANUCO;AMARILIS;850;98327;Transferencia;Indirecta;OBRA;Concluido;;;;;;;;;
586;PE;12061;PNSU;204046;2215569;MEJORAMIENTO Y AMPLIACION DE LA RED DE AGUA Y ALCANTARILLADO EN LAS LOCALIDADES DE SAN LUIS, PAUCARBAMBILLA, PAUCARBAMBA, ZONA CERO, LLICUA Y HUAYOPAMPA, DISTRITO DE AMARILIS - HUANUCO - HUANUCO;MUNICIPALIDAD DISTRITAL DE AMARILIS;HUANUCO;HUANUCO;AMARILIS;39546;153204824;Transferencia;Indirecta;EXPEDIENTE TECNICO;Concluido;;;;;;;;;
587;PE;12062;PNSU;44623;2042047;MEJORAMIENTO, AMPLIACION DEL SISTEMA DE AGUA POTABLE E INSTALACION DEL SISTEMA DE DESAGÜE DE PILLAO – TRANCA - CUSHIPAMPA, PROVINCIA DE HUANUCO - HUANUCO;MUNICIPALIDAD DISTRITAL DE CHINCHAO;HUANUCO;HUANUCO;CHINCHAO;1225;673752;Transferencia;Indirecta;OBRA;Concluido;;;;;;;;;
588;PE;12063;PNSU;78623;2071970;INSTALACION DEL SERVICIO DE AGUA POTABLE Y ALCANTARILLADO DE LA LOCALIDAD DE TAMBOGAN, DISTRITO DE CHURUBAMBA - HUANUCO - HUANUCO;MUNICIPALIDAD DISTRITAL DE CHURUBAMBA;HUANUCO;HUANUCO;CHURUBAMBA;1725;31780326.48;Transferencia;Indirecta;OBRA;En Ejecución;;;;;;;;;
589;PE;12064;PNSU;35009;2033997;CONSTRUCCION DE RESERVORIO E IMPLEMENTACION DE PILETAS PUBLICAS EN EL CASERIO DE MARABAMBA - HUANUCO.;MUNICIPALIDAD PROVINCIAL DE HUANUCO;HUANUCO;HUANUCO;HUANUCO;860;241691;Transferencia;Indirecta;OBRA;Concluido;;;;;;;;;
590;PE;12065;PNSU;39045;2039658;MEJORAMIENTO DEL SISTEMA DE CAPTACION DE AGUA - CANCHAN;EMPRESA MUNICIPAL DE SERVICIO DE AGUA POTABLE Y ALCANTARILLADO DE HUANUCO S.A. - SEDAHUANUCO S.A.;HUANUCO;HUANUCO;HUANUCO;135000;87645;Transferencia;Indirecta;OBRA;Concluido;;;;;;;;;
591;PE;12066;PNSU;36035;2039654;MEJORAMIENTO Y REHABILITACION DE EMISOR PRINCIPAL SAN LUIS - PASAJE WATSON;EMPRESA MUNICIPAL DE SERVICIO DE AGUA POTABLE Y ALCANTARILLADO DE HUANUCO S.A. - SEDAHUANUCO S.A.;HUANUCO;HUANUCO;HUANUCO;1200;88167;Transferencia;Indirecta;OBRA;Concluido;;;;;;;;;
592;PE;12067;PNSU;38831;2039657;INSTALACION DEL SISTEMA DE CAMARA DE RETENCION DE SOLIDOS - HUANUCO;EMPRESA MUNICIPAL DE SERVICIO DE AGUA POTABLE Y ALCANTARILLADO DE HUANUCO S.A. - SEDAHUANUCO S.A.;HUANUCO;HUANUCO;HUANUCO;128000;26133;Transferencia;Indirecta;OBRA;Concluido;;;;;;;;;
593;PE;12068;PNSU;13182;2024440;CONSTRUCCION DEL SISTEMA DE DRENAJE DE LA CIUDAD DE HUANUCO;MUNICIPALIDAD PROVINCIAL DE HUANUCO;HUANUCO;HUANUCO;HUANUCO;72642;42108998;Transferencia;Indirecta;OBRA;Concluido;;;;;;;;;
594;PE;12069;PNSU;24236;2034688;CONSTRUCCION DEL SISTEMA DE AGUA POTABLE Y ALCANTARILLADO DEL AA HH LUZMILA TEMPLO CONDEZO;MUNICIPALIDAD PROVINCIAL DE HUANUCO;HUANUCO;HUANUCO;HUANUCO;1200;1081016;Transferencia;Indirecta;OBRA;Concluido;;;;;;;;;
595;PE;12070;PNSU;41330;2043881;CONSTRUCCION SISTEMA DE AGUA POTABLE Y ALCANTARILLADO - CHUNAPAMPA - COLPA BAJA, PROVINCIA DE HUANUCO - HUANUCO;MUNICIPALIDAD PROVINCIAL DE HUANUCO;HUANUCO;HUANUCO;HUANUCO;892;2112955;Transferencia;Indirecta;OBRA;Concluido;;;;;;;;;
596;PE;12071;PNSU;51917;2054263;MEJORAMIENTO Y AMPLIACION DE LOS SISTEMAS DE AGUA POTABLE Y ALCANTARILLADO DE LA LOCALIDAD DE YACUS MARGOS, PROVINCIA DE HUANUCO - HUANUCO;MUNICIPALIDAD DISTRITAL DE MARGOS;HUANUCO;HUANUCO;MARGOS;1580;2448119;Transferencia;Indirecta;EXPEDIENTE TECNICO;Concluido;;;;;;;;;
597;PE;12072;PNSU;52090;2047535;CONSTRUCCION DEL SISTEMA DE ALCANTARILLADO DE LA LOCALIDAD DE COCHAS-DISTRITO MARGOS, PROVINCIA DE HUANUCO - HUANUCO;MUNICIPALIDAD DISTRITAL DE MARGOS;HUANUCO;HUANUCO;MARGOS;750;928115;Transferencia;Indirecta;EXPEDIENTE TECNICO;Concluido;;;;;;;;;
598;PE;12073;PNSU;52344;2050349;CONSTRUCCION DEL SISTEMA DE ALCANTARILLADO EN PACAYHUA, DISTRITO MARGOS, PROVINCIA DE HUANUCO - HUANUCO;MUNICIPALIDAD DISTRITAL DE MARGOS;HUANUCO;HUANUCO;MARGOS;1088;2238606;Transferencia;Indirecta;EXPEDIENTE TECNICO;Concluido;;;;;;;;;
599;PE;12074;PNSU;52039;2052374;AMPLIACION Y MEJORAMIENTO DEL SISTEMA DE AGUA POTABLE Y ALCANTARILLADO DE MARGOS HUANUCO, PROVINCIA DE HUANUCO - HUANUCO;MUNICIPALIDAD DISTRITAL DE MARGOS;HUANUCO;HUANUCO;MARGOS;4000;4590382.11;Transferencia;Indirecta;EXPEDIENTE TECNICO;Concluido;;;;;;;;;
600;PE;12075;PNSU;102416;2092734;CONSTRUCCION DEL DESAGUE,TANQUE IMHOFF, FILTRO BIOLOGICO DE YANAG, CENTRO POBLADO MENOR CORAZON DE JESUS, DISTRITO DE PILLCO MARCA - HUANUCO - HUANUCO;MUNICIPALIDAD DISTRITAL DE PILLCO MARCA;HUANUCO;HUANUCO;PILLCO MARCA;6360;9967685.42;Transferencia;Indirecta;OBRA;Concluido;;;;;;;;;
601;PE;12076;PNSU;111104;2093902;AMPLIACION DEL SISTEMA DE AGUA POTABLE Y ALCANTARILLADO DE MANANTIAL Y VILCAR, DISTRITO DE PILLCO MARCA - HUANUCO - HUANUCO;GOBIERNO REGIONAL HUANUCO;HUANUCO;HUANUCO;PILLCO MARCA;2639;4382644.57;Transferencia;Indirecta;OBRA;Concluido;;;;;;;;;
602;PE;12077;PNSU;32393;2036297;INSTALACION SISTEMA DE AGUA POTABLE DE LA LOCALIDAD DE YANAG, PROVINCIA DE HUANUCO - HUANUCO.;GOBIERNO REGIONAL HUANUCO;HUANUCO;HUANUCO;PILLCO MARCA;730;361934;Transferencia;Directa;OBRA;Concluido;;;;;;;;;
603;PE;12078;PNSU;32404;2036303;INSTALACION SISTEMA DE DESAGÜE PITUMAMA, PROVINCIA DE HUANUCO - HUANUCO.;GOBIERNO REGIONAL HUANUCO;HUANUCO;HUANUCO;PILLCO MARCA;769;235361;Transferencia;Directa;OBRA;Concluido;;;;;;;;;
604;PE;12079;PNSU;58016;2047371;AMPLIACION Y MEJORAMIENTO DEL SISTEMA DE AGUA POTABLE Y ALCANTARILLADO DE PILLCOMARCA, PROVINCIA DE HUANUCO - HUANUCO;GOBIERNO REGIONAL HUANUCO;HUANUCO;HUANUCO;PILLCO MARCA;21951;111888941.2;Transferencia;Indirecta;OBRA;Concluido;;;;;;;;;
605;PE;12080;PNSU;71815;2069488;CONSTRUCCION DE LOS SISTEMAS DE AGUA POTABLE Y ALCANTARILLADO EN LAS LOCALIDADES DE SAN PABLO DE LANJAS, HIGUERAS, HUACALLE Y HUAYOCOTO, DISTRITO DE QUISQUI - HUANUCO - HUANUCO;MUNICIPALIDAD DISTRITAL DE QUISQUI;HUANUCO;HUANUCO;QUISQUI;1165;3288936;Transferencia;Indirecta;EXPEDIENTE TECNICO;Concluido;;;;;;;;;
606;PE;12081;PNSU;61681;2066178;AMPLIACION Y MEJORAMIENTO DEL SISTEMA DE AGUA POTABLE Y ALCANTARILLADO DE LA LOCALIDAD DE CAYRAN - DISTRITO DE SAN FRANCISCO DE CAYRAN. HUANUCO, PROVINCIA DE HUANUCO - HUANUCO;MUNICIPALIDAD DISTRITAL DE SAN FRANSISCO DE CAYRAN;HUANUCO;HUANUCO;SAN FRANCISCO DE CAYRAN;1600;3775402;Transferencia;Indirecta;OBRA;Concluido;;;;;;;;;
607;PE;12082;PNSU;71686;2069452;AMPLIACION Y MEJORAMIENTO DE LOS SISTEMAS DE AGUA POTABLE Y ALCANTARILLADO DE LAS LOCALIDADES DE HUANCACHUPA Y HUAYLLABAMBA DEL DISTRITO DE SAN FRANCISCO DE CAYRAN - HUANUCO, PROVINCIA DE HUANUCO - HUANUCO;GOBIERNO REGIONAL HUÁNUCO;HUANUCO;HUANUCO;SAN FRANCISCO DE CAYRAN;1790;2724732.88;Transferencia;Indirecta;OBRA;Convenio Resuelto;;;;;;;;;
608;PE;12083;PNSU;59398;2065785;AMPLIACION Y MEJORAMIENTO DEL SISTEMA DE ALCANTARILLADO DE LA LOCALIDAD DE CHAULAN, DISTRITO DE SAN PEDRO DE CHAULAN - HUANUCO - HUANUCO;MUNICIPALIDAD DISTRITAL DE SAN PEDRO DE CHAULAN;HUANUCO;HUANUCO;SAN PEDRO DE CHAULAN;1302;936466;Transferencia;Indirecta;EXPEDIENTE TECNICO;Concluido;;;;;;;;;
609;PE;12084;PNSU;59616;2065812;AMPLIACION Y MEJORAMIENTO DEL SISTEMA DE AGUA POTABLE Y CONSTRUCCION DEL SISTEMA DE ALCANTARILLADO DE LA LOCALIDAD DE ANTIL, DISTRITO DE SAN PEDRO DE CHAULAN - HUANUCO - HUANUCO;MUNICIPALIDAD DISTRITAL DE SAN PEDRO DE CHAULAN;HUANUCO;HUANUCO;SAN PEDRO DE CHAULAN;720;1189622;Transferencia;Indirecta;EXPEDIENTE TECNICO;Concluido;;;;;;;;;
610;PE;12085;PNSU;23096;2023405;AMPLIACION Y MEJORAMIENTO  SISTEMA DE SANEAMIENTO BASICO DE CHAULAN - HUANUCO.;MUNICIPALIDAD PROVINCIAL DE HUANUCO;HUANUCO;HUANUCO;SAN PEDRO DE CHAULAN;2100;307080;Transferencia;Indirecta;OBRA;Concluido;;;;;;;;;
611;PE;12086;PNSU;49190;2043526;AMPLIACION, MEJORAMIENTO DEL SISTEMA DE AGUA POTABLE Y DESAGUE DEL VALLE, DISTRITO DE SANTA MARIA DEL VALLE - HUANUCO - HUANUCO;MUNICIPALIDAD DISTRITAL DE SANTA MARIA DEL VALLE;HUANUCO;HUANUCO;SANTA MARIA DEL VALLE;3235;4433709.92;Transferencia;Indirecta;OBRA;Concluido;;;;;;;;;
612;PE;12087;PNSU;51297;2059993;REHABILITACION Y AMPLIACION DE SISTEMA DE AGUA POTABLE Y DESAGUE DE BAÑOS, PROVINCIA DE LAURICOCHA - HUANUCO;MUNICIPALIDAD DISTRITAL DE BAÑOS;HUANUCO;LAURICOCHA;BAÑOS;1560;2582013.36;Transferencia;Indirecta;OBRA;Concluido;;;;;;;;;
613;PE;12088;PNSU;48874;2064908;CONSTRUCCION DE ALCANTARILLADO DE QUISHUARCANCHA, PROVINCIA DE LAURICOCHA - HUANUCO;MUNICIPALIDAD PROVINCIAL DE LAURICOCHA;HUANUCO;LAURICOCHA;JESUS;550;205949;Transferencia;Indirecta;OBRA;Concluido;;;;;;;;;
614;PE;12089;PNSU;174648;2136129;AMPLIACION Y MEJORAMIENTO DEL SISTEMA DE AGUA Y DESAGÜE DE LA CIUDAD DE JESUS, DISTRITO DE JESUS, PROVINCIA DE LAURICOCHA - HUANUCO;MUNICIPALIDAD PROVINCIAL DE LAURICOCHA;HUANUCO;LAURICOCHA;JESUS;2016;5683226.95;Transferencia;Indirecta;OBRA;Concluido;;;;;;;;;
615;PE;12090;PNSU;192842;2148060;AMPLIACION Y MEJORAMIENTO DE LOS SISTEMAS DE AGUA POTABLE Y ALCANTARILLADO DE LA LOCALIDAD DE JIVIA - RIPAN, DISTRITO DE JIVIA - LAURICOCHA - HUANUCO;MUNICIPALIDAD DISTRITAL DE JIVIA;HUANUCO;LAURICOCHA;JIVIA;1175;3786864;Transferencia;Indirecta;OBRA;Concluido;;;;;;;;;
616;PE;12091;PNSU;116576;2104753;MEJORAMIENTO Y AMPLIACION DEL SISTEMA DE AGUA POTABLE Y ALCANTARILLADO DE LA LOCALIDAD DE SAN MIGUEL DE CAURI, DISTRITO DE SAN MIGUEL DE CAURI - LAURICOCHA - HUANUCO;MUNICIPALIDAD DISTRITAL DE SAN MIGUEL DE CAURI;HUANUCO;LAURICOCHA;SAN MIGUEL DE CAURI;1339;3677260.54;Transferencia;Indirecta;OBRA;Concluido;;;;;;;;;
617;PE;12092;PNSU;191440;2148925;AMPLIACION Y MEJORAMIENTO DEL SERVICIO DE AGUA POTABLE Y CONSTRUCCION DEL SISTEMA DE ALCANTARILLADO DE LA LOCALIDAD DE ANTACOLPA, DISTRITO DE SAN MIGUEL DE CAURI - LAURICOCHA - HUANUCO;MUNICIPALIDAD DISTRITAL DE SAN MIGUEL DE CAURI;HUANUCO;LAURICOCHA;SAN MIGUEL DE CAURI;927;3093930.12;Transferencia;Indirecta;OBRA;Concluido;;;;;;;;;
618;PE;12093;PNSU;54357;2054354;MEJORAMIENTO Y AMPLIACIÓN DEL SISTEMA DE AGUA POTABLE E INSTALACIÓN DEL SISTEMA DE ALCANTARILLADO DE LA LOCALIDAD DE SAN ISIDRO-SORTILEGIO, PROVINCIA DE LEONCIO PRADO - HUANUCO;MUNICIPALIDAD DISTRITAL DE HERMILIO VALDIZAN;HUANUCO;LEONCIO PRADO;HERMILIO VALDIZAN;1301;1049500;Transferencia;Indirecta;EXPEDIENTE TECNICO;Concluido;;;;;;;;;
619;PE;12094;PNSU;95632;2077761;AMPLIACION DEL SISTEMA DE AGUA POTABLE E INSTALACION DEL SISTEMA DE ALCANTARILLADO EN LA CIUDAD DE AUCAYACU. , PROVINCIA DE LEONCIO PRADO - HUANUCO;MUNICIPALIDAD DISTRITAL DE JOSE CRESPO Y CASTILLO;HUANUCO;LEONCIO PRADO;JOSE CRESPO Y CASTILLO;3592;7718343.81;Transferencia;Indirecta;OBRA;Paralizada;;;;;;;;;
620;PE;12095;PNSU;232521;2164368;INSTALACION DEL SISTEMA DE DRENAJE - AUCAYACU, DISTRITO DE JOSE CRESPO Y CASTILLO - LEONCIO PRADO - HUANUCO;MUNICIPALIDAD DISTRITAL DE CRESPO Y CASTILLO;HUANUCO;LEONCIO PRADO;JOSE CRESPO Y CASTILLO;3667;21786891.36;Transferencia;Indirecta;OBRA;Concluido;;;;;;;;;
621;PE;12096;PNSU;48431;2045775;CONSTRUCCION DEL SISTEMA DE AGUA POTABLE DE SECTOR NARANJILLO - MAPRESA, DISTRITO DE LUYANDO - LEONCIO PRADO - HUANUCO;MUNICIPALIDAD DISTRITAL DE LUYANDO;HUANUCO;LEONCIO PRADO;LUYANDO;2100;2764733.53;Transferencia;Indirecta;OBRA;Concluido;;;;;;;;;
622;PE;12097;PNSU;48532;2062791;CONSTRUCCION DEL SISTEMA DE DESAGUE DEL SECTOR MAPRESA - NARANJILLO, DISTRITO DE LUYANDO - LEONCIO PRADO - HUANUCO;MUNICIPALIDAD DISTRITAL DE LUYANDO;HUANUCO;LEONCIO PRADO;LUYANDO;2203;8673811.27;Transferencia;Indirecta;OBRA (SALDO);Concluido;;;;;;;;;
623;PE;12098;PNSU;42655;2054294;MEJORAMIENTO Y AMPLIACION DEL SISTEMA DE ABASTECIMIENTO DE AGUA POTABLE DE LA LOCALIDAD DE CAYUMBA, PROVINCIA DE LEONCIO PRADO - HUANUCO;MUNICIPALIDAD DISTRITAL DE MARIANO DAMASO BERAUN;HUANUCO;LEONCIO PRADO;MARIANO DAMASO BERAUN;831;136100;Transferencia;Directa;OBRA;Concluido;;;;;;;;;
624;PE;12099;PNSU;104668;2090771;CONSTRUCCION SISTEMA DE AGUA POTABLE Y ALCANTARILLADO DE LOS ASENTAMIENTO HUMANOS ALEDAÑOS DE LA CIUDAD DE TINGO MARIA - DISTRITO RUPA RUPA., PROVINCIA DE LEONCIO PRADO - HUANUCO;GOBIERNO REGIONAL DE HUANUCO;HUANUCO;LEONCIO PRADO;RUPA-RUPA;8602;9200579.76;Transferencia;Indirecta;OBRA;Paralizada;;;;;;;;;
625;PE;12100;PNSU;45386;2045393;CONSTRUCCION DE RED MATRIZ DE DESAGÜE EN EL PP.JJ. 09 DE OCTUBRE;MUNICIPALIDAD PROVINCIAL DE LEONCIO PRADO;HUANUCO;LEONCIO PRADO;RUPA-RUPA;2000;233335.53;Transferencia;Indirecta;OBRA;Concluido;;;;;;;;;
626;PE;12101;PNSU;44715;2045391;CONSTRUCCION DE SISTEMA DE AGUA POTABLE POR GRAVEDAD EN LAS ASOCIACIONES PRO-VIVIENDA LOS JARDINES - LOYZETH REATEGUI CARBAJAL, PROVINCIA DE LEONCIO PRADO - HUANUCO;MUNICIPALIDAD PROVINCIAL DE LEONCIO PRADO;HUANUCO;LEONCIO PRADO;RUPA-RUPA;450;111060;Transferencia;Indirecta;OBRA;Concluido;;;;;;;;;
627;PE;12102;PNSU;50222;2045392;AMPLIACION DEL SERVICIO DE AGUA POTABLE EN EL AA.HH. VICTOR RAUL HAYA DE LA TORRE TINGO MARIA, PROVINCIA DE LEONCIO PRADO - HUANUCO;MUNICIPALIDAD PROVINCIAL DE LEONCIO PRADO;HUANUCO;LEONCIO PRADO;RUPA-RUPA;1000;118105.68;Transferencia;Directa;OBRA;Concluido;;;;;;;;;
628;PE;12103;PNSU;23468;2079224;AMPLIACION Y MEJORAMIENTO DEL SISTEMA INTEGRAL DE AGUA POTABLE, ALCANTARILLADO Y DISPOSICION FINAL DE LA ZONA URBANA DEL DISTRITO DE RUPA RUPA;MUNICIPALIDAD PROVINCIAL DE LEONCIO PRADO;HUANUCO;LEONCIO PRADO;RUPA-RUPA;51445;403420719.3;Transferencia;Indirecta;OBRA (Expediente Saldo);Contrato Resuelto;;;;;;;;;
629;PE;12104;PNSU;89718;2076003;AMPLIACION , MEJORAMIENTO Y OBRAS COMPLEMENTARIAS DE LOS SISTEMA DE AGUA POTABLE Y DESAGUE DEL C.P. SAN PEDRO DE CHONTA, DISTRITO DE CHOLON - MARANON - HUANUCO (COMPONENTE ALCANTARILLADO;MUNICIPALIDAD  DISTRITAL  DE CHOLON;HUANUCO;MARAÑON;CHOLON;2076;2061649;Transferencia;Indirecta;OBRA;Concluido;;;;;;;;;
630;PE;12105;PNSU;89784;2076026;CONSTRUCCION DEL SISTEMA DE AGUA Y DESAGUE DEL C.P PARAISO, DISTRITO DE CHOLON - MARANON - HUANUCO;MUNICIPALIDAD DISTRITAL DE CHOLON;HUANUCO;MARAÑON;CHOLON;2298;28532363.43;Transferencia;Indirecta;OBRA;En Ejecución;;;;;;;;;
631;PE;12106;PNSU;54372;2226041;MEJORAMIENTO Y AMPLIACION DEL SISTEMA DE AGUA POTABLE, ALCANTARILLADO Y TRATAMIENTO DE AGUAS SERVIDAS DE LA LOCALIDAD DE HUACRACHUCO;MUNICIPALIDAD PROVINCIAL DE MARAÑON;HUANUCO;MARAÑON;HUACRACHUCO;4508;2995815;Transferencia;Indirecta;EXPEDIENTE TECNICO;Concluido;;;;;;;;;
632;PE;12107;PNSU;83462;2073692;CONSTRUCCION Y MEJORAMIENTO DEL SISTEMA DE AGUA POTABLE, SISTEMA DE ALCANTARILLADO DEL C.P. LA MORADA, DISTRITO DE CHOLON - MARANON - HUANUCO;MUNICIPALIDAD DISTRITAL DE MORADA;HUANUCO;MARAÑON;LA MORADA;2101;26082820.78;Transferencia;Indirecta;OBRA;En Ejecución;;;;;;;;;
633;PE;12108;PNSU;59505;2047391;AMPLIACION Y MEJORAMIENTO DEL SISTEMA DE AGUA POTABLE Y ALCANTARILLADO SANITARIO PARA EL DISTRITO DE CHAGLLA - PACHITEA - HUANUCO, PROVINCIA DE HUANUCO - HUANUCO;MUNICIPALIDAD DISTRITAL DE CHAGLLA;HUANUCO;PACHITEA;CHAGLLA;4958;6999675;Transferencia;Indirecta;OBRA;Concluido;;;;;;;;;
634;PE;12109;PNSU;378759;2339943;AMPLIACION Y MEJORAMIENTO DE LOS SERVICIOS DE AGUA POTABLE Y SANEAMIENTO BASICO EN LA VILLA DE CHAGLLA, LOS CASERIOS DE PALTA CRUZ, CEBADA LOMA, COCHACALLA, HUANCAYO Y LOS BARRIOS DE HUMILDAD, SAN LUIS, GONGAPALOMA, COCHAPAMPA, HUAYCHO, DISTRITO DE CHAGLLA - PACHITEA - HUANUCO;MUNICIPALIDAD DISTRITAL DE CHAGLLA;HUANUCO;PACHITEA;CHAGLLA;3965;18210582.82;Transferencia;Indirecta;OBRA;Paralizada;;;;;;;;;
635;PE;12110;PNSU;47472;2064874;CONSTRUCCION SISTEMA AGUA Y DESAGUE DE MOLINO, DISTRITO DE MOLINO - PACHITEA - HUANUCO;MUNICIPALIDAD DISTRITAL DE MOLINO;HUANUCO;PACHITEA;MOLINO;3000;1914000;Transferencia;Directa;OBRA;Concluido;;;;;;;;;
636;PE;12111;PNSU;82692;2131951;MEJORAMIENTO Y AMPLIACIÓN DEL SISTEMA DE AGUA POTABLE Y ALCANTARILLADO SANITARIO PARA LA LOCALIDAD DE PANAO, PROVINCIA DE PACHITEA, REGIÓN HUÁNUCO;MUNICIPALIDAD PROVINCIAL DE PACHITEA - PANAO;HUANUCO;PACHITEA;PANAO;5551;11743551.19;Transferencia;Indirecta;OBRA;Concluido;;;;;;;;;
637;PE;12112;PNSU;42803;2045217;MEJORAMIENTO Y AMPLIACION DEL SISTEMA DE AGUA POTABLE E INSTALACION DEL SISTEMA DE ALCANTARILLADO DE LA LOCALIDAD DE CODO DEL POZUZO CODO DEL POZUZO, DISTRITO DE CODO DEL POZUZO - PUERTO INCA - HUANUCO;MUNICIPALIDAD DISTRITAL DE CODO DE PUZUZO;HUANUCO;PUERTO INCA;CODO DEL POZUZO;1075;2791145;Transferencia;Directa;OBRA;Concluido;;;;;;;;;
638;PE;12113;PNSU;77574;2071598;INSTALACION DEL SISTEMA DE AGUA POTABLE Y ALCANTARILLADO DE LA LOCALIDAD DE HONORIA, DISTRITO DE HONORIA - PUERTO INCA - HUANUCO;MUNICIPALIDAD DISTRITAL DE HONORIA;HUANUCO;PUERTO INCA;HONORIA;3614;3636753;Transferencia;Indirecta;EXPEDIENTE TECNICO;Concluido;;;;;;;;;
639;PE;12114;PNSU;172624;2140409;INSTALACION DEL SISTEMA DE AGUA POTABLE Y ALCANTARILLADO EN LA LOCALIDAD DE HONORIA, DISTRITO DE HONORIA - PUERTO INCA - HUANUCO;MUNICIPALIDAD DISTRITAL DE HONORIA;HUANUCO;PUERTO INCA;HONORIA;3614;4363394.2;Transferencia;Indirecta;OBRA;Concluido;;;;;;;;;
640;PE;12115;PNSU;336907;2300479;CREACION DEL SERVICIO DE AGUA POTABLE Y ALCANTARILLADO EN LA LOCALIDAD DE PUERTO INCA, DISTRITO DE PUERTO INCA, PROVINCIA DE PUERTO INCA - HUANUCO;MUNICIPALIDAD PROVINCIAL DE PUERTO INCA;HUANUCO;PUERTO INCA;PUERTO INCA;11043;31400046.75;Transferencia;Indirecta;OBRA;Paralizada;;;;;;;;;
641;PE;12116;PNSU;189573;2147602;AMPLIACION Y MEJORAMIENTO DE LOS SISTEMAS DE AGUA POTABLE Y ALCANTARILLADO DE LA LOCALIDAD DE CHUPAN - APARICIO POMARES, DISTRITO DE APARICIO POMARES - YAROWILCA - HUANUCO;MUNICIPALIDAD DISTRITAL DE APARICIO POMARES;HUANUCO;YAROWILCA;APARICIO POMARES;1260;7205087.09;Transferencia;Indirecta;OBRA;Concluido;;;;;;;;;
642;PE;12117;PNSU;104468;2090516;AMPLIACION Y MEJORAMIENTO DEL SISTEMA DE AGUA POTABLE Y ALCANTARILLADO DE LAS LOCALIDADES DE PULPULIAG, SAN CRISTOBAL Y CAHUAC, DISTRITO DE CAHUAC - YAROWILCA - HUANUCO;MUNICIPALIDAD DISTRITAL DE CAHUAC;HUANUCO;YAROWILCA;CAHUAC;1969;5518206;Transferencia;Indirecta;EXPEDIENTE TECNICO;Concluido;;;;;;;;;
643;PE;12118;PNSU;188117;2147838;AMPLIACION Y MEJORAMIENTO DEL SISTEMA DE AGUA POTABLE Y ALCANTARILLADO DEL CENTRO POBLADO DE SHULLUYACO DEL DISTRITO DE CHACABAMBA;MUNICIPALIDAD DISTRITAL DE CHACABAMBA;HUANUCO;YAROWILCA;CHACABAMBA;725;1610959.96;Transferencia;Indirecta;OBRA;Concluido;;;;;;;;;
644;PE;12119;PNSU;204089;2204153;AMPLIACION Y MEJORAMIENTO DE LOS SERVICIOS DE AGUA POTABLE Y DESAGUE EN LA LOCALIDAD Y DISTRITO DE CHAVINILLO, PROVINCIA DE YAROWILCA - HUANUCO;MUNICIPALIDAD PROVINCIAL DE YAROWILCA - CHAVINILLO;HUANUCO;YAROWILCA;CHAVINILLO;3590;9444372.74;Transferencia;Indirecta;OBRA;Concluido;;;;;;;;;
645;PE;12120;PNSU;71234;2069307;REHABILITACION Y AMPLIACION DEL SISTEMA DE AGUA POTABLE, ALCANTARILLADO Y LETRINAS DE CHORAS Y MESAPAMPA CHORAS, DISTRITO DE CHORAS - YAROWILCA - HUANUCO;MUNICIPALIDAD DISTRITAL DE CHORAS;HUANUCO;YAROWILCA;CHORAS;1290;2426089;Transferencia;Indirecta;EXPEDIENTE TECNICO;Concluido;;;;;;;;;
646;PE;12121;PNSU;71297;2069331;REHABILITACION Y AMPLIACION DEL SISTEMA DE AGUA POTABLE, ALCANTARILLADO Y LETRINAS DE COLPA COLPA, DISTRITO DE CHORAS - YAROWILCA - HUANUCO;MUNICIPALIDAD DISTRITAL DE CHORAS;HUANUCO;YAROWILCA;CHORAS;400;762374;Transferencia;Indirecta;EXPEDIENTE TECNICO;Concluido;;;;;;;;;
647;PE;12122;PNSU;179087;2138859;CONSTRUCCION DEL SISTEMA DE AGUA POTABLE Y ALCANTARILLADO EN LA LOCALIDAD DE PARIANCAS, DISTRITO DE PAMPAMARCA - YAROWILCA - HUANUCO;MUNICIPALIDAD DISTRITAL DE PAMPAMARCA;HUANUCO;YAROWILCA;PAMPAMARCA;387;653778.48;Transferencia;Indirecta;OBRA;Concluido;;;;;;;;;
648;PE;12123;PNSU;60779;2047321;AMPLIACION Y MEJORAMIENTO DEL SISTEMA DE AGUA POTABLE Y ALCANTARILLADO EN LA LOCALIDAD DE PAMPAMARCA, DISTRITO DE PAMPAMARCA - PROV. YAROWILCA HUANUCO, PROVINCIA DE HUANUCO - HUANUCO;MUNICIPALIDAD DISTRITAL DE PAMPAMARCA;HUANUCO;YAROWILCA;PAMPAMARCA;1542;1623378.19;Transferencia;Directa;OBRA;Concluido;;;;;;;;;
649;PE;12124;PNSU;42224;2058399;CONSTRUCCION DE GALERIAS FILTRANTES EN EL VASO DE MINAQUEROS Y LINEAS DE CONDUCCION PARA ABASTECIMIENTO DE AGUA POTABLE DE LA CIUDAD DE CHINCHA;GOBIERNO REGIONAL ICA;ICA;CHINCHA;CHINCHA ALTA;169574;17689299.29;Transferencia;Indirecta;OBRA;Concluido;;;;;;;;;
650;PE;12125;PNSU;219172;2188705;MEJORAMIENTO DE LAS REDES DE AGUA, DESAGUE Y CONEXIONES DOMICILIARIAS,  CUYOS SECTORES COMPRENDE LA CALLE SUCRE,  ROSARIO, AV. SAN MARTIN, JORGE CHAVEZ, ROSSEL,  GRAU, ASOC.  PRO VIVIENDA SAN FRANCISCO, PSJE LOS RIOS, PEDRO RONCEROS CALDERON, LEOPOLDO CARRILLO, GERARDO SOTELO Y LA PROLONG. SAN CARLOS, PROVINCIA DE CHINCHA - ICA;MUNICIPALIDAD PROVINCIAL DE CHINCHA - CHINCHA ALTA;ICA;CHINCHA;CHINCHA ALTA;4480;5093522.46;Transferencia;Indirecta;OBRA;Concluido;;;;;;;;;
651;PE;12126;PNSU;2971;2030585;MEJORAMIENTO DEL SISTEMA DE AGUA POTABLE Y CONSTRUCCION DEL SISTEMA DE ALCANTARILLADO EN EL CC. PP. SANTA ROSA;GOBIERNO REGIONAL ICA;ICA;CHINCHA;CHINCHA BAJA;1404;657413;Transferencia;Indirecta;OBRA;Concluido;;;;;;;;;
652;PE;12127;PNSU;129298;2145416;INSTALACION DEL SISTEMA DE AGUA POTABLE Y DESAGUE EN LOS CC.PP. SAN VALENTIN ALTO, ENTRADA FUNDO EL HORNO, SAN VALENTIN BAJO, SAN PEDRO, SANTA ADELA, POZUELO NORTE, MAGDALENA Y MARIPOSA - CHINCHA BAJA - CHINCHA - ICA;EMPRESA MUNICIPAL DE AGUA POTABLE Y ALCANTARILLADO DE CHINCHA S.A.;ICA;CHINCHA;CHINCHA BAJA;2280;2694758.04;Transferencia;Indirecta;OBRA;Concluido;;;;;;;;;
653;PE;12128;PNSU;227026;2189665;MEJORAMIENTO DEL SISTEMA DE REDES DE AGUA POTABLE Y ALCANTARILLADO EN EL CERCADO DE CHINCHA BAJA, DISTRITO DE CHINCHA BAJA - CHINCHA - ICA;MUNICIPALIDAD DISTRITAL DE CHINCHA BAJA;ICA;CHINCHA;CHINCHA BAJA;5113;5447799.9;Transferencia;Indirecta;OBRA (SALDO);Concluido;;;;;;;;;
654;PE;12129;PNSU;308717;2202592;AMPLIACION DEL SERVICIO DE AGUA POTABLE Y ALCANTARILLADO EN EL SECTOR MEDIA LUNA, DISTRITO DE GROCIO PRADO - CHINCHA - ICA;MUNICIPALIDAD DISTRITAL DE GROCIO PRADO;ICA;CHINCHA;GROCIO PRADO;750;2646967.05;Transferencia;Indirecta;OBRA;Concluido;;;;;;;;;
655;PE;12130;PNSU;30873;2030608;CONSTRUCCION DE REDES DE ALCANTARILLADO CON CONEXIONES DOMICILIARIAS DE LA UPIS KEIKO SOFIA FUJIMORI;EMPRESA MUNICIPAL DE AGUA POTABLE Y ALCANTARILLADO DE CHINCHA S.A.;ICA;CHINCHA;PUEBLO NUEVO;3240;640505;Transferencia;Indirecta;OBRA;Concluido;;;;;;;;;
656;PE;12131;PNSU;31422;2042975;CONSTRUCCION DE LA REDES DE ALCANTARILLADO CON COXIONES DOMICILIARIAS DE LA UPIS HUSARES DE JUNIN;EMPRESA MUNICIPAL DE AGUA POTABLE Y ALCANTARILLADO DE CHINCHA S.A.;ICA;CHINCHA;PUEBLO NUEVO;2169;503024;Transferencia;Indirecta;OBRA;Concluido;;;;;;;;;
657;PE;12132;PNSU;340677;2297267;MEJORAMIENTO DE LAS REDES DE ALCANTARILLADO Y AGUA POTABLE DEL JR ARICA DEL, DISTRITO DE PUEBLO NUEVO - CHINCHA - ICA;MUNICIPALIDAD DISTRITAL DE PUEBLO NUEVO;ICA;CHINCHA;PUEBLO NUEVO;1154;3501601.62;Transferencia;Indirecta;OBRA;Concluido;;;;;;;;;
658;PE;12133;PNSU;343834;2305004;MEJORAMIENTO DE LAS REDES DE ALCANTARILLADO Y AGUA POTABLE DE LA URB FERNANDO LEON DE VIVERO DEL, DISTRITO DE PUEBLO NUEVO - CHINCHA - ICA;MUNICIPALIDAD DISTRITAL DE PUEBLO NUEVO;ICA;CHINCHA;PUEBLO NUEVO;6292;12097214.24;Transferencia;Indirecta;OBRA;Concluido;;;;;;;;;
659;PE;12134;PNSU;348402;2311010;AMPLIACION, MEJORAMIENTO DEL SERVICIO DE AGUA POTABLE Y SANEAMIENTO EN LA AV. PARAISO, CALLE JOSE OLAYA, CALLE MIGUEL GRAU, AV. PRIMAVERA CC.PP. LOMO LARGO, CALLE 03 DE OCTUBRE CC.PP. SANTA FE, CALLE LAS LOMAS CC.PP. LA VICTORIA, CALLE LAS LOMAS CC.PP. SANTA CATALINA, AV. FATIMA, PSJE  ROJAS, CALLE SAN JOSE CC.PP. HU, DISTRITO DE SUNAMPE - CHINCHA - ICA;MUNICIPALIDAD DISTRITAL DE SUNAMPE;ICA;CHINCHA;SUNAMPE;1732;4340166.8;Transferencia;Indirecta;OBRA;Concluido;;;;;;;;;
660;PE;12135;PNSU;21367;2227249;AMPLIACION Y MEJORAMIENTO DEL SISTEMA DE AGUA POTABLE Y CONSTRUCCION DE SISTEMA DE ALCANTARILLADO EN LA UPIS VILMA LEON;GOBIERNO REGIONAL ICA;ICA;CHINCHA;TAMBO DE MORA;990;445849;Transferencia;Indirecta;OBRA;Concluido;;;;;;;;;
661;PE;12136;PNSU;7360;2030592;CONSTRUCCION DE RED DE ALCANTARILLADO EN LOS SECTORES II, III Y V DEL PP.JJ SEÑOR DE LUREN -ICA;GOBIERNO REGIONAL ICA;ICA;ICA;ICA;2650;1102076;Transferencia;Indirecta;OBRA;Concluido;;;;;;;;;
662;PE;12137;PNSU;35383;2030603;RENOVACION DE REDES DE ALCANTARILLADO EN LA CIUDAD DE ICA;EMAPICA;ICA;ICA;ICA;185639;1986172;Transferencia;Directa;OBRA;Concluido;;;;;;;;;
663;PE;12138;PNSU;236980;2165360;MEJORAMIENTO DEL SERVICIO DE AGUA POTABLE EN LOS SECTORES DE ABASTECIMIENTO S-1, S-2, S-3, S-4, S-5, S-6, S-8, S-13, S-15 Y S-16 DEL DISTRITO DE ICA, PROVINCIA DE ICA, DEPARTAMENTO DE ICA;MUNICIPALIDAD PROVINCIAL DE ICA;ICA;ICA;ICA;163058;8417480.17;Transferencia;Indirecta;OBRA;Concluido;;;;;;;;;
664;PE;12139;PNSU;32522;2030725;CONSTRUCCION DE UN RESERVORIO ELEVADO EN LOCAL CENTRAL DE LA EPS EMAPICA S.A.;EMAPICA;ICA;ICA;ICA;24810;3062168;Transferencia;Indirecta;OBRA (SALDO);Concluido;;;;;;;;;
665;PE;12140;PNSU;372904;2333644;MEJORAMIENTO DE LOS SERVICIOS DE AGUA POTABLE Y ALCANTARILLADO DE LOS PASAJES 2, 3, 5, 6, 9, 10 Y CALLES 1, 4 Y 8 ENTRE LAS MANZANAS O, N, J, I, E, D, K, Q, H, M, F, G, K Y L DE LA URB. ABRAHAM VALDELOMAR DEL SECTOR ACOMAYO, DISTRITO DE PARCONA - ICA - ICA;Empresa Municipal de Agua Potable y Alcantarillado de Ica S.A.;ICA;ICA;ICA;1320;1269748.43;Transferencia;Indirecta;OBRA;Concluido;;;;;;;;;
666;PE;12141;PNSU;192095;2209552;INSTALACION DEL SISTEMA DE REDES DE AGUA POTABLE Y ALCANTARILLADO EN LA ZONA ALTA, DISTRITO DE LA TINGUINA - ICA - ICA;MUNICIPALIDAD DISTRITAL DE LA TINGUIÑA;ICA;ICA;LA TINGUIÑA;4567;8150285.38;Transferencia;Indirecta;OBRA;Concluido;;;;;;;;;
667;PE;12142;PNSU;198289;2209398;INSTALACION DEL SISTEMA DE ALCANTARILLADO DE LOS C.P BUENOS AIRES, LA NUEVA ESPERANZA, RESIDENCIAL LUREN, MANCO CAPAC, LOS ROMANES, LA MAQUINA, DISTRITO DE LA TINGUINA - ICA - ICA;MUNICIPALIDAD DISTRITAL DE TINGUIÑA;ICA;ICA;LA TINGUIÑA;2265;7293348.08;Transferencia;Indirecta;OBRA;Concluido;;;;;;;;;
668;PE;12143;PNSU;318509;2275217;REHABILITACION DE LA RED DE AGUA POTABLE Y DESAGÜE ENTRE LA AV. EL PARQUE, CALLE PANAMÁ, AV. PERÚ, CALLE LA PAZ Y AV. GARCILASO DE LA VEGA, DISTRITO DE LA TINGUINA - ICA - ICA;MUNICIPALIDAD DISTRITAL DE LA TINGUIÑA;ICA;ICA;LA TINGUIÑA;6676;4973541.74;Transferencia;Indirecta;OBRA;Concluido;;;;;;;;;
669;PE;12144;PNSU;333764;2292407;MEJORAMIENTO DEL SERVICIO DE ALCANTARILLADO EN EL CC.PP. LA TINGUIÑA ZONA A Y B, EN LA AV. ARMANDO REVOREDO Y LA AV. VICTORIO GOTUZZO, DISTRITO DE LA TINGUINA - ICA - ICA;MUNICIPALIDAD DISTRITAL DE TINGUIÑA;ICA;ICA;LA TINGUIÑA;1770;2015366;Transferencia;Indirecta;OBRA;Concluido;;;;;;;;;
670;PE;12145;PNSU;70199;2064333;REDES DE ALCANTARILLADO DEL DISTRITO DE LOS AQUIJES, PROVINCIA DE ICA-ICA;EMAPICA;ICA;ICA;LOS AQUIJES;9435;6796491;Transferencia;Directa;OBRA;Concluido;;;;;;;;;
671;PE;12146;PNSU;70059;2068901;REHABILITACION DE LINEAS DE IMPULSION Y ADUCCION PARA EL ABASTECIMIENTO DE AGUA AL DISTRITO DE OCUCAJE , PROVINCIA DE ICA - ICA;MUNICIPALIDAD DISTRITAL DE OCUCAJE;ICA;ICA;OCUCAJE;3375;714261;Transferencia;Indirecta;OBRA;Concluido;;;;;;;;;
672;PE;12147;PNSU;250429;2173643;AMPLIACION MEJORAMIENTO DEL SISTEMA DE AGUA POTABLE EN EL, DISTRITO DE OCUCAJE - ICA - ICA;MUNICIPALIDAD DISTRITAL DE OCUCAJE;ICA;ICA;OCUCAJE;5285;5819145.58;Transferencia;Indirecta;OBRA;Concluido;;;;;;;;;
673;PE;12148;PNSU;146918;2124192;CONSTRUCCIÓN DEL SISTEMA DE AGUA POTABLE Y ALCANTARILLADO LAS ROSAS Y CULMINACIÓN DEL SISTEMA DE ALCANTARILLADO EL PALTO Y EL SIETE , DISTRITO DE PACHACUTEC - ICA - ICA;MUNICIPALIDAD DISTRITAL DE PACHACUTEC;ICA;ICA;PACHACUTEC;820;1413526;Transferencia;Indirecta;OBRA;Concluido;;;;;;;;;
674;PE;12149;PNSU;34720;2030724;CONSTRUCCION DE UN RESERVORIO ELEVADA EN LA MARGEN IZQUIERDA DEL RIO ICA;EMAPICA;ICA;ICA;PARCONA;22245;1747374;Transferencia;Indirecta;OBRA;Concluido;;;;;;;;;
675;PE;12150;PNSU;157938;2138949;CONSTRUCCION DEL SISTEMA DE AGUA Y DESAGUE DE SANTA ISABEL, LOS ANGELES, MIRAFLORES ZONA BAJA DEL, DISTRITO DE PARCONA - ICA - ICA;MUNICIPALIDAD DISTRITAL DE PARCONA;ICA;ICA;PARCONA;1200;2184658.6;Transferencia;Indirecta;OBRA;Concluido;;;;;;;;;
676;PE;12151;PNSU;151860;2123770;CONSTRUCCIÓN DE RESERVORIO PARA LA ZONA SUR DE LA LOCALIDAD DE PARCONA, DISTRITO DE PARCONA, ICA - ICA;MUNICIPALIDAD DISTRITAL DE PARCONA;ICA;ICA;PARCONA;28232;1299225.37;Transferencia;Indirecta;OBRA;Concluido;;;;;;;;;
677;PE;12152;PNSU;15245;2022108;CONSTRUCCION DE POZO TUBULAR, EQUIPAMIENTO Y OBRAS GENERALES EN EL DISTRITO DE PARCONA - ICA;EMAPICA;ICA;ICA;PARCONA;27626;614271;Transferencia;Directa;OBRA;Concluido;;;;;;;;;
678;PE;12153;PNSU;300622;2200771;MEJORAMIENTO Y AMPLIACION DEL SERVICIO DE AGUA Y DESAGUE EN LAS CALLES FRANCISCO BOLOGNESI, JOSE TORIBIO POLO, A. VALDELOMAR, CESAR VALLEJO, ANDRES A. CACERES, ZONA SUR DEL, DISTRITO DE PARCONA - ICA - ICA;MUNICIPALIDAD DISTRITAL DE PARCONA;ICA;ICA;PARCONA;650;995960.28;Transferencia;Indirecta;OBRA;Concluido;;;;;;;;;
679;PE;12154;PNSU;344743;2306039;MEJORAMIENTO DEL SISTEMA DE ALCANTARILLADO Y REDES SECUNDARIAS PARA EL SECTOR 3, DISTRITO DE PARCONA - ICA - ICA;MUNICIPALIDAD DISTRITAL DE PARCONA;ICA;ICA;PARCONA;37478;9395738.97;Transferencia;Indirecta;OBRA;Concluido;;;;;;;;;
680;PE;12155;PNSU;315334;2260033;MEJORAMIENTO DE LA LINEA DE IMPULSION DE AGUA POTABLE DESDE EL MALECON ACHIRANA HASTA LOS RESERVORIOS DEL, DISTRITO DE PARCONA - ICA - ICA;MUNICIPALIDAD DISTRITAL DE PARCONA;ICA;ICA;PARCONA;38370;932588.47;Transferencia;Indirecta;OBRA;Concluido;;;;;;;;;
681;PE;12156;PNSU;328264;2286285;MEJORAMIENTO DE LOS SERVICIOS DE AGUA POTABLE Y DESAGUE DE LAS CALLES Y PASAJES DEL PP.JJ. SANTA ROSA, SECTOR ACOMAYO, DISTRITO DE PARCONA - ICA - ICA;MUNICIPALIDAD DISTRITAL DE PARCONA;ICA;ICA;PARCONA;420;387474;Transferencia;Indirecta;OBRA;Concluido;;;;;;;;;
682;PE;12157;PNSU;329039;2287188;MEJORAMIENTO DEL SISTEMA DE AGUA POTABLE Y ALCANTARILLADO DE LA CALLE RAMON CASTILLA DESDE LA INTERSECCION DE LA CALLE AREQUIPA HASTA LA AV. PACHACUTEC YUPANQUI, DISTRITO DE PARCONA - ICA - ICA;MUNICIPALIDAD DISTRITAL DE PARCONA;ICA;ICA;PARCONA;245;473282.63;Transferencia;Indirecta;OBRA;Concluido;;;;;;;;;
683;PE;12158;PNSU;363805;2327367;MEJORAMIENTO DEL SISTEMA DE AGUA POTABLE Y ALCANTARILLADO  DE LA AV. MIGUEL GRAU, AV. JHONN F. KENNEDY Y CALLE RAÚL PORRAS BARRENECHEA DEL, DISTRITO DE PARCONA - ICA - ICA;MUNICIPALIDAD DISTRITAL DE PARCONA;ICA;ICA;PARCONA;1471;3086537.1;Transferencia;Indirecta;OBRA;Concluido;;;;;;;;;
684;PE;12159;PNSU;377132;2338223;CREACION DEL SERVICIO DE AGUA POTABLE Y ALCANTARILLADO EN EL SECTOR LA FLORIDA LOTE 1, DISTRITO DE PARCONA - ICA - ICA;MUNICIPALIDAD DISTRITAL DE PARCONA;ICA;ICA;PARCONA;385;343058.74;Transferencia;Indirecta;OBRA;Concluido;;;;;;;;;
685;PE;12160;PNSU;2436588;2436588;MEJORAMIENTO Y AMPLIACION DEL SERVICIO DE AGUA POTABLE Y ALCANTARILLADO DE LOS CENTROS POBLADOS 29 DE ENERO Y LOS AROMOS DE LA ZONA SUR DEL  DISTRITO DE PARCONA - PROVINCIA DE ICA - DEPARTAMENTO DE ICA;MUNICIPALIDAD DISTRITAL DE PARCONA;ICA;ICA;PARCONA;1568;1258809.58;Transferencia;Indirecta;OBRA;Concluido;;;;;;;;;
686;PE;12161;PNSU;2503669;2503669;MEJORAMIENTO Y AMPLIACION DEL SERVICIO DE AGUA POTABLE Y ALCANTARILLADO EN EL SECTOR 11 DE LA ZONA SUR - ESTE DEL  DISTRITO DE PARCONA - PROVINCIA DE ICA - DEPARTAMENTO DE ICA;MUNICIPALIDAD DISTRITAL DE PARCONA;ICA;ICA;PARCONA;1630;2803573.92;Transferencia;Indirecta;OBRA;Concluido;;;;;;;;;
687;PE;12162;PNSU;205045;2214866;MEJORAMIENTO DEL SISTEMA DE AGUA POTABLE Y ALCANTARILLADO DE LA ZONA NORTE DEL, DISTRITO DE PUEBLO NUEVO - ICA - ICA;MUNICIPALIDAD DISTRITAL DE PUEBLO NUEVO;ICA;ICA;PUEBLO NUEVO;4782;8950797;Transferencia;Indirecta;OBRA;Concluido;;;;;;;;;
688;PE;12163;PNSU;346229;2307596;MEJORAMIENTO Y AMPLIACION DEL SISTEMA DE AGUA POTABLE Y ALCANTARILLADO EN LOS ANEXOS DEL C.P. CAMINO CHICO, DISTRITO DE PUEBLO NUEVO - ICA - ICA;MUNICIPALIDAD DISTRITAL DE PUEBLO NUEVO;ICA;ICA;PUEBLO NUEVO;1018;3333197.54;Transferencia;Indirecta;OBRA;Concluido;;;;;;;;;
689;PE;12164;PNSU;347763;2309375;AMPLIACION, MEJORAMIENTO DEL SISTEMA DE AGUA POTABLE Y ALCANTARILLADO EN LOS ANEXOS DE LA ZONA SUR DEL, DISTRITO DE PUEBLO NUEVO - ICA - ICA;MUNICIPALIDAD DISTRITAL DE PUEBLO NUEVO;ICA;ICA;PUEBLO NUEVO;6360;7194192.43;Transferencia;Indirecta;OBRA;Concluido;;;;;;;;;
690;PE;12165;PNSU;48629;2047490;AMPLIACION, MEJORAMIENTO, CONSTRUCCION DE LOS SISTEMA DE AGUA POTABLE Y ALCANTARILLADO C.P. NUESTRA SEÑORA DE GUADALUPE, DISTRITO DE SALAS - ICA - ICA;MUNICIPALIDAD DISTRITAL DE SALAS;ICA;ICA;SALAS;4008;4973565.13;Transferencia;Indirecta;OBRA;Concluido;;;;;;;;;
691;PE;12166;PNSU;131859;2110060;INSTALACION DE LOS SISTEMAS DE AGUA POTABLE Y ALCANTARILLADO EN EL CENTRO POBLADO VILLA ROTARY NUEVA ESPERANZA DEL, DISTRITO DE SALAS - ICA - ICA;MUNICIPALIDAD DISTRITAL DE SALAS;ICA;ICA;SALAS;3828;4914702.79;Transferencia;Indirecta;OBRA;Concluido;;;;;;;;;
692;PE;12167;PNSU;54454;2053924;MEJORAMIENTO DEL SISTEMA DE AGUA POTABLE Y REHABILITACION DEL SISTEMA DE ALCANTARILLADO Y TRATAMIENTO DE AGUAS SERVIDAS GUADALUPE, DISTRITO DE SALAS - ICA - ICA;MUNICIPALIDAD DISTRITAL DE SALAS;ICA;ICA;SALAS;8500;4490680;Transferencia;Directa;OBRA;Concluido;;;;;;;;;
693;PE;12168;PNSU;58994;2107682;MEJORAMIENTO DEL SISTEMA DE AGUA POTABLE Y CONSTRUCCION DEL SISTEMA DE ALCANTARILLADO Y TRATAMIENTO DE AGUAS SERVIDAS EN LA ZONA SUR DEL DISTRITO DE SANTIAGO-ICA;MUNICIPALIDAD DISTRITAL DE SANTIAGO;ICA;ICA;SANTIAGO;11472;16602036.6;Transferencia;Indirecta;OBRA;Concluido;;;;;;;;;
694;PE;12169;PNSU;279597;2193520;MEJORAMIENTO DEL SISTEMA DE AGUA POTABLE PARA LOS CC.PP HUARANGO MOCHO,SAN CAROS,CRISTO REY,SANTA VICENTA,VIRGEN DE CHAPI,LA 75,LA CAMPIÑA,NUEVA SANTA LUCIA,PARAJE,SANTA JULIA,LOS LOPEZ, LA CASTELLANA Y LOS CASTILLOS, DISTRITO DE SANTIAGO - ICA - ICA;MUNICIPALIDAD DISTRITAL DE SANTIAGO;ICA;ICA;SANTIAGO;2347;6542767.95;Transferencia;Indirecta;OBRA;Concluido;;;;;;;;;
695;PE;12170;PNSU;157434;2124954;INSTALACION DE LOS SISTEMAS DE AGUA POTABLE Y ALCANTARILLADO EN LA ASOCIACION DE VIVIENDA LOS MEDANOS DEL, DISTRITO DE SUBTANJALLA - ICA - ICA;MUNICIPALIDAD DISTRITAL DE SUBTANJALLA;ICA;ICA;SUBTANJALLA;3294;3264849;Transferencia;Indirecta;OBRA;Concluido;;;;;;;;;
696;PE;12171;PNSU;202164;2208409;INSTALACION DE SISTEMA DE ALCANTARILLADO EN LOS CENTROS POBLADOS LAS GARDENIAS, PUNO, LOS MALLMAS, LA CAPILLA, SAN ANTONIO Y LOS CALDERONES, DISTRITO DE TATE - ICA - ICA;MUNICIPALIDAD DISTRITAL DE TATE;ICA;ICA;TATE;536;404241.73;Transferencia;Indirecta;OBRA;Concluido;;;;;;;;;
697;PE;12172;PNSU;283709;2241980;MEJORAMIENTO Y AMPLIACION DEL SERVICIO DE AGUA POTABLE EN EL, DISTRITO DE TATE - ICA - ICA;MUNICIPALIDAD DISTRITAL DE TATE;ICA;ICA;TATE;8266;5017293.86;Transferencia;Indirecta;OBRA;Concluido;;;;;;;;;
698;PE;12173;PNSU;325283;2282922;AMPLIACION DE REDES DE ALCANTARILLADO EN EL SECTOR DE CAMINO GRANDE ZONA SUR, DISTRITO DE TATE - ICA - ICA;MUNICIPALIDAD DISTRITAL DE TATE;ICA;ICA;TATE;1716;1421413.39;Transferencia;Indirecta;OBRA;Concluido;;;;;;;;;
699;PE;12174;PNSU;347027;2308516;MEJORAMIENTO DEL SERVICIO DE AGUA POTABLE EN LA LOCALIDAD DE CHANGUILLO Y LOS CENTROS POBLADOS LA LEGUA, SAN JAVIER, CHIQUERILLO, SAN JUAN, NUEVA ESPERANZA,, LACRA, LA MERCED, Y CABILDO, DISTRITO DE CHANGUILLO - NAZCA - ICA;MUNICIPALIDAD DISTRITAL DE CHANGUILLO;ICA;NAZCA;CHANGUILLO;5616;5937932.27;Transferencia;Indirecta;OBRA;Concluido;;;;;;;;;
700;PE;12175;PNSU;322905;2280028;INSTALACION DE LOS SERVICIOS DE AGUA POTABLE Y ALCANTARILLADO EN LA AMPLIACION DEL AA.HH. VILLA HERMOSA, DISTRITO DE MARCONA - NAZCA - ICA;MUNICIPALIDAD DISTRITAL DE MARCONA;ICA;NAZCA;MARCONA;460;1761468;Transferencia;Indirecta;OBRA;Concluido;;;;;;;;;
701;PE;12176;PNSU;286001;2252102;INSTALACION DE RESERVORIO ELEVADO DE 1500 M3 DE CAPACIDAD EN LOCAL INSTITUCIONAL DE LA EPS EMAPAVIGS SAC, NASCA, NASCA, ICA;EMPRESA MUNICIPAL DE AGUA POTABLE Y ALCANTARILLADO VIRGEN DE GUADALUPE DEL SUR S.A.;ICA;NAZCA;NAZCA;22254;4131898.36;Transferencia;Indirecta;OBRA;Concluido;;;;;;;;;
702;PE;12177;PNSU;156016;2124194;CONSTRUCCIÓN DEL SISTEMA INTEGRAL DE AGUA POTABLE Y ALCANTARILLADO EN LOS ANEXOS DE NUEVA VILLA, MARÍA REICHE NEWMAN, VIRGEN DE CHAPI, 28 DE JULIO , DISTRITO DE VISTA ALEGRE - NAZCA - ICA;MUNICIPALIDAD DISTRITAL DE  VISTA ALEGRE;ICA;NAZCA;VISTA ALEGRE;3946;5626440.34;Transferencia;Indirecta;OBRA;Concluido;;;;;;;;;
703;PE;12178;PNSU;229820;2162514;INSTALACION DEL SISTEMA INTEGRAL DE ALCANTARILLADO Y SISTEMA DE AGUA POTABLE EN EL ANEXO DE PORTACHUELO, ASOCIACIÓN NUEVO VISTA ALEGRE DEL DISTRITO DE VISTA ALEGRE, PROVINCIA DE NAZCA - ICA;MUNICIPALIDAD PROVINCIAL DE NAZCA;ICA;NAZCA;VISTA ALEGRE;3052;9368037.9;Transferencia;Indirecta;OBRA;Concluido;;;;;;;;;
704;PE;12179;PNSU;311160;2249610;INSTALACION DE POZO TUBULAR, RESERVORIO DE CABECERA Y LINEAS DE IMPULSION Y CONDUCCION PARA MEJORAMIENTO  DE SERVICIO DE AGUA POTABLE EN LOS AA.HH. DE NUEVA VILLA  MARIA REICHE, VIRGEN DE CHAPI 28 DE JULIO-DISTRITO DE VISTA ALEGRE-NASCA-ICA;MUNICIPALIDAD DISTRITAL DE VISTA ALEGRE ;ICA;NAZCA;VISTA ALEGRE;3696;5670539.66;Transferencia;Indirecta;OBRA;Paralizada;;;;;;;;;
705;PE;12180;PNSU;28512;2028759;MEJORAMIENTO DEL SISTEMA DE ABASTECIMIENTO DE AGUA POTABLE DE LA CIUDAD DE PALPA;GOBIERNO REGIONAL ICA;ICA;PALPA;PALPA;6844;1876181;Transferencia;Indirecta;OBRA;Concluido;;;;;;;;;
706;PE;12181;PNSU;144641;2148928;MEJORAMIENTO DEL SERVICIO DE AGUA POTABLE DE LOS CC.PP. DE LA ISLA, SANTA ROSA Y SAN JACINTO, DEL DISTRITO DE RIO GRANDE - PALPA - ICA;MUNICIPALIDAD DISTRITAL DE RIO GRANDE;ICA;PALPA;RIO GRANDE;587;2708669.97;Transferencia;Indirecta;OBRA;Concluido;;;;;;;;;
707;PE;12182;PNSU;136042;2127890;MEJORAMIENTO DEL SISTEMA DE AGUA POTABLE Y CONSTRUCCIÓN DEL SISTEMA DE ALCANTARILLADO EN LOS CENTROS POBLADOS DEL DISTRITO DE HUÁNCANO, PROVINCIA DE PISCO - ICA;GOBIERNO REGIONAL ICA;ICA;PISCO;HUANCANO;2048;2834164.7;Transferencia;Indirecta;OBRA;Concluido;;;;;;;;;
708;PE;12183;PNSU;279730;2235781;INSTALACION DEL SERVICIO DE TRATAMIENTO DE AGUAS RESIDUALES EN LA LOCALIDAD DE HUMAY, DISTRITO DE HUMAY, PROVINCIA DE PISCO - ICA;EMPRESA MUNICIPAL DE SERVICIO DE AGUA POTABLE Y ALCANTARILLADO DE PISCO;ICA;PISCO;HUMAY;1255;2245961;Transferencia;Indirecta;EXPEDIENTE TECNICO;Concluido;;;;;;;;;
709;PE;12184;PNSU;101674;2088220;CONSTRUCCION DEL SISTEMA DE DESAGÜE DEL C.P. EL PALTO Y JOSÉ OLAYA DISTRITO DE INDEPENDENCIA, PROVINCIA DE PISCO - ICA;MUNICIPALIDAD DISTRITAL DE INDEPENDENCIA;ICA;PISCO;INDEPENDENCIA;1770;1895994;Transferencia;Indirecta;OBRA;Concluido;;;;;;;;;
710;PE;12185;PNSU;176681;2138986;CONSTRUCCION DEL SISTEMA DE DESAGUE Y TRATAMIENTO DE AGUAS RESIDUALES EN EL CENTRO POBLADO DOS PALMAS , DISTRITO DE INDEPENDENCIA - PISCO - ICA;MUNICIPALIDAD DISTRITAL DE INDEPENDENCIA;ICA;PISCO;INDEPENDENCIA;12390;3200123.41;Transferencia;Indirecta;OBRA;Concluido;;;;;;;;;
711;PE;12186;PNSU;156303;2135835;AMPLIACION DEL SISTEMA DE AGUA POTABLE Y ALCANTARILLADO DEL CERCADO DEL DISTRITO DE INDEPENDENCIA, PROVINCIA DE PISCO - ICA;MUNICIPALIDAD DISTRITAL DE INDEPENDENCIA;ICA;PISCO;INDEPENDENCIA;1872;1334649.4;Transferencia;Indirecta;OBRA;Concluido;;;;;;;;;
712;PE;12187;PNSU;175374;2136041;AMPLIACION Y MEJORAMIENTO DEL SERVICIO DE AGUA POTABLE Y AMPLIACION DEL SERVICIO DE DISPOSICION SANITARIA DE EXCRETAS DE CENTROS POBLADOS Y DEL CENTRO URBANO DE INDEPENDENCIA-PISCO-ICA , DISTRITO DE INDEPENDENCIA - PISCO - ICA;MUNICIPALIDAD DISTRITAL DE INDEPENDENCIA;ICA;PISCO;INDEPENDENCIA;12390;4453968;Transferencia;Indirecta;OBRA;Concluido;;;;;;;;;
713;PE;12188;PNSU;53690;2059178;MEJORAMIENTO Y AMPLIACION DEL SISTEMA DE AGUA POTABLE Y ALCANTARILLADO DEL, DISTRITO DE PARACAS - PISCO - ICA;MUNICIPALIDAD DISTRITAL DE PARACAS;ICA;PISCO;PARACAS;6668;10796402.88;Transferencia;Indirecta;OBRA;Concluido;;;;;;;;;
714;PE;12189;PNSU;52533;2064056;INSTALACION DE LOS SISTEMAS DE AGUA POTABLE Y ALCANTARILLADO EN EL CENTRO POBLADO LAS ANTILLAS, DISTRITO DE PARACAS - PISCO - ICA;MUNICIPALIDAD DISTRITAL DE PARACAS;ICA;PISCO;PARACAS;1446;2312817.16;Transferencia;Indirecta;OBRA;Concluido;;;;;;;;;
715;PE;12190;PNSU;177432;2135778;AMPLIACION DE SUMINISTRO DE AGUA DEL, DISTRITO DE PARACAS - PISCO - ICA;MUNICIPALIDAD DISTRITAL DE PARACAS;ICA;PISCO;PARACAS;4366;5986852;Transferencia;Indirecta;OBRA;Concluido;;;;;;;;;
716;PE;12191;PNSU;253416;2190715;MEJORAMIENTO DE LA CALIDAD DE AGUA SUMINISTRADA EN EL DISTRITO DE PARACAS-PROVINCIA DE PISCO-DEPARTAMENTO DE ICA;EMPRESA MUNICIPAL DE AGUA POTABLE Y ALCANTARILLADO DE PISCO S.A.;ICA;PISCO;PARACAS;6457;1018636.62;Transferencia;Indirecta;OBRA;Concluido;;;;;;;;;
717;PE;12192;PNSU;53557;2226801;RENOVACION Y MEJORAMIENTO DEL SISTEMA DE ALCANTARILLADO DE LA CIUDAD DE PISCO-ICA;MUNICIPALIDAD PROVINCIAL DE PISCO;ICA;PISCO;PISCO;76325;12483027;Transferencia;Indirecta;EXPEDIENTE TECNICO;Concluido;;;;;;;;;
718;PE;12193;PNSU;32627;2119147;CONSTRUCCION DE COLECTOR INDUSTRIAL DE PISCO;MUNICIPALIDAD PROVINCIAL DE PISCO;ICA;PISCO;PISCO;17500;1351400;Transferencia;Indirecta;OBRA;Concluido;;;;;;;;;
719;PE;12194;PNSU;31634;2122475;CONSTRUCCION DEL INTERCEPTOR VALDELOMAR, PROVINCIA DE PISCO - ICA;MUNICIPALIDAD PROVINCIAL DE PISCO;ICA;PISCO;PISCO;54193;1516399;Transferencia;Indirecta;OBRA;Concluido;;;;;;;;;
720;PE;12195;PNSU;270344;2235793;REHABILITACION Y AMPLIACION DE LA GALERIA DE FILTRACION ALBERTO TOGUCHI ARAKAWA, PROVINCIA DE PISCO, DEPARTAMENTO DE ICA;EMPRESA MUNICIPAL DE SERVICIO DE AGUA POTABLE Y ALCANTARILLADO DE PISCO;ICA;PISCO;PISCO;129234;10028629.7;Transferencia;Indirecta;EXPEDIENTE TECNICO;Concluido;;;;;;;;;
721;PE;12196;PNSU;119009;2195590;REHABILITACION DE LAS REDES PRIMARIAS DE AGUA POTABLE AFECTADAS POR EL TERREMOTO DEL 15 DE AGOSTO DEL 2007 EN EL AMBITO DE ATENCION DE EMAPISCO S.A.;EMPRESA MUNICIPAL DE AGUA POTABLE Y ALCANTARILLADO DE PISCO S.A.;ICA;PISCO;PISCO;66172;14258279;Transferencia;Directa;OBRA;Concluido;;;;;;;;;
722;PE;12197;PNSU;201640;2216533;REHABILITACION DE LAS INSTALACIONES DEL SISTEMA DE AGUA POTABLE Y ALCANTARILLADO EN LA COOP. DE VIV. LUIS ALBERTO SANCHEZ - MIRAMAR, DISTRITO DE PISCO, PROVINCIA DE PISCO - ICA;MUNICIPALIDAD PROVINCIAL DE PISCO;ICA;PISCO;PISCO;516;570469.24;Transferencia;Indirecta;OBRA;Concluido;;;;;;;;;
723;PE;12198;PNSU;242360;2225786;MEJORAMIENTO Y AMPLIACION DE LAS REDES DE AGUA POTABLE Y ALCANTARILLADO EN LA ASOCIACION  DE VIVIENDA SAGRADO CORAZON DE JESUS DEL DISTRITO DE PISCO, PROVINCIA DE PISCO - ICA;MUNICIPALIDAD PROVINCIAL DE PISCO;ICA;PISCO;PISCO;258;327120.67;Transferencia;Indirecta;OBRA;Concluido;;;;;;;;;
724;PE;12199;PNSU;242924;2201842;INSTALACION DE MICROMEDIDORES POR LA EPS EMAPISCO S.A. EN LA PROVINCIA DE PISCO - ICA;EMPRESA MUNICIPAL DE AGUA POTABLE Y ALCANTARILLADO DE PISCO S.A. ;ICA;PISCO;PISCO;118970;5965035.79;Transferencia;Indirecta;OBRA;Concluido;;;;;;;;;
725;PE;12200;PNSU;257391;2180239;INSTALACION DE LAS  REDES DE ALCANTARILLADO  Y CONEXIONES DOMICILIARIAS EN EL ASENTAMIENTO HUMANO 14 DE SETIEMBRE DEL DISTRITO DE PISCO, PROVINCIA DE PISCO - ICA;MUNICIPALIDAD PROVINCIAL DE PISCO;ICA;PISCO;PISCO;2069;839500.1;Transferencia;Indirecta;OBRA;Concluido;;;;;;;;;
726;PE;12201;PNSU;278899;2252082;MEJORAMIENTO Y AMPLIACION DEL SERVICIO DE AGUA POTABLE Y ALCANTARILLADO EN LOS SECTORES MAS CRITICOS DE LOS DISTRITOS  DE PISCO, SAN ANDRES Y TUPAC AMARU INCA, PROVINCIA DE PISCO, DEPARTAMENTO DE ICA;EMPRESA MUNICIPAL DE AGUA POTABLE Y ALCANTARILLADO DE PISCO S.A.;ICA;PISCO;PISCO;4276;4281669.07;Transferencia;Indirecta;OBRA;Concluido;;;;;;;;;
727;PE;12202;PNSU;280421;2252085;CREACION E IMPLEMENTACIÓN DEL SERVICIO DE CATASTRO TÉCNICO Y COMERCIAL EN LA EPS EMAPISCO S.A, PROVINCIA DE PISCO - ICA;EMPRESA MUNICIPAL DE AGUA POTABLE Y ALCANTARILLADO DE PISCO S.A.;ICA;PISCO;PISCO;176620;1004699.55;Transferencia;Directa;OBRA;Concluido;;;;;;;;;
728;PE;12203;PNSU;212810;2209390;INSTALACION DEL SISTEMA DE AGUA, DESAGUE Y ALCANTARILLADO DE LA ASOCIACION PRO VIVIENDA LAS LOMAS DEL DISTRITO DE SAN ANDRES, PROVINCIA DE PISCO - ICA;MUNICIPALIDAD PROVINCIAL DE PISCO;ICA;PISCO;SAN ANDRES;276;483883.36;Transferencia;Indirecta;OBRA;Concluido;;;;;;;;;
729;PE;12204;PNSU;32159;2118761;CONSTRUCCION DE CAMARA DE BOMBEO, LINEA DE IMPULSION DE Y REHABILITACION DE LA CAMARA ACTUAL DEL DISTRITO DE SAN ANDRES, PROVINCIA DE PISCO - ICA;MUNICIPALIDAD PROVINCIAL DE PISCO;ICA;PISCO;SAN ANDRES;17340;1085208;Transferencia;Indirecta;OBRA;Concluido;;;;;;;;;
730;PE;12205;PNSU;97213;2078897;AMPLIACION DE LOS SISTEMAS DE AGUA POTABLE Y ALCANTARILLADO DE SAN CLEMENTE DISTRITO DE SAN CLEMENTE, PROVINCIA DE PISCO - ICA;MUNICIPALIDAD DISTRITAL DE SAN CLEMENTE;ICA;PISCO;SAN CLEMENTE;17859;9944935.33;Transferencia;Indirecta;OBRA;Concluido;;;;;;;;;
731;PE;12206;PNSU;180139;2145157;MEJORAMIENTO Y AMPLIACION DEL SISTEMA DE AGUA POTABLE Y ALCANTARILLADO DEL PP.JJ. SAN CLEMENTE GRUPO N 01, DISTRITO DE SAN CLEMENTE, PROVINCIA DE PISCO - ICA;MUNICIPALIDAD DISTRITAL DE SAN CLEMENTE;ICA;PISCO;SAN CLEMENTE;2164;2035264.41;Transferencia;Indirecta;OBRA;Concluido;;;;;;;;;
732;PE;12207;PNSU;293132;2244331;REHABILITACION Y MEJORAMIENTO DEL SISTEMA DE AGUA POTABLE  Y ALCANTARILLADO EN EL SECTOR AGUA SANTA DEL PP.JJ. SAN CLEMENTE DEL DISTRITO SAN CLEMENTE, PROVINCIA DE PISCO - ICA;MUNICIPALIDAD DISTRITAL DE SAN CLEMENTE;ICA;PISCO;SAN CLEMENTE;2212;4086214.28;Transferencia;Indirecta;OBRA;Concluido;;;;;;;;;
733;PE;12208;PNSU;364346;2327960;MEJORAMIENTO DE LOS SERVICIOS DE AGUA POTABLE Y ALCANTARILLADO EN EL C.PP. CAUCATO, ASOC. VIV. CARLOS PALOMINO SOTELO, ASOC. VIV CARLOS PALOMINO SOTELO GRUPO 5, ASOC. VIV. COSTA VERDE Y ASOC. VIV. LOS LAURELES DEL, DISTRITO DE SAN CLEMENTE - PISCO - ICA;MUNICIPALIDAD DISTRITAL DE SAN CLEMENTE;ICA;PISCO;SAN CLEMENTE;1794;1489949.12;Transferencia;Indirecta;OBRA;Concluido;;;;;;;;;
734;PE;12209;PNSU;35616;2034061;CONSTRUCCION DE SISTEMA DE ALCANTARILLADO DE C.CP.P. TUPAC AMARU Y A.A.H.H. 17 DE ABRIL, PROVINCIA DE PISCO - ICA;MUNICIPALIDAD PROVINCIAL DE PISCO;ICA;PISCO;TUPAC AMARU INCA;800;445640;Transferencia;Indirecta;OBRA;Concluido;;;;;;;;;
735;PE;12210;PNSU;68576;0;CONSTRUCCION DE REDES SECUNDARIAS DE AGUA POTABLE Y CONEXIONES DOMICILIARIAS DEL AA.HH. 17 DE ABRIL;EMPRESA MUNICIPAL DE SERVICIO DE AGUA POTABLE Y ALCANTARILLADO DE PISCO;ICA;PISCO;TUPAC AMARU INCA;1008;229064;Transferencia;Indirecta;OBRA;Concluido;;;;;;;;;
736;PE;12211;PNSU;282593;2235780;MEJORAMIENTO CON SECTORIZACION DEL SISTEMA DE DISTRIBUCION DE AGUA POTABLE DE LOS SECTORES DE TUPAC AMARU INCA Y CASALLA, DISTRITO DE TUPAC AMARU INCA, PROVINCIA DE PISCO - ICA;EMPRESA MUNICIPAL DE SERVICIO DE AGUA POTABLE Y ALCANTARILLADO DE PISCO S.A.;ICA;PISCO;TUPAC AMARU INCA;17674;4176255.77;Transferencia;Indirecta;OBRA (SALDO);Concluido;;;;;;;;;
737;PE;12212;PNSU;39729;2052222;INSTALACION DEL SISTEMA DE AGUA POTABLE, ALCANTARILLADO SANITARIO Y LETRINAS SANITARIAS EN SECTOR SAN BERNARDO-PAMPA DEL CARMEN-LA MERCED, PROVINCIA DE CHANCHAMAYO - JUNIN;MUNICIPALIDAD PROVINCIAL DE CHANCHAMAYO;JUNIN;CHANCHAMAYO;CHANCHAMAYO;96;182010;Transferencia;Directa;OBRA;Concluido;;;;;;;;;
738;PE;12213;PNSU;29792;2039021;MEJORAMIENTO Y AMPLIACION DE LOS SISTEMAS DE AGUA POTABLE Y ALCANTARILLADO EN LA LOCALIDAD DE VILLA PERENE - PERENE - CHANCHAMAYO - JUNIN;MUNICIPALIDAD DISTRITAL DE PERENE;JUNIN;CHANCHAMAYO;PERENE;8986;9402565.25;Transferencia;Indirecta;OBRA;Concluido;;;;;;;;;
739;PE;12214;PNSU;3093;2017371;AMPLIACIÓN Y MEJORAMIENTO DE LOS SISTEMAS DE AGUA POTABLE Y ALCANTARILLADO DE LA CIUDAD DE SAN RAMÓN;GOBIERNO REGIONAL JUNIN;JUNIN;CHANCHAMAYO;SAN RAMON;15369;44961252.83;Transferencia;Indirecta;OBRA (SALDO);Contrato Resuelto;;;;;;;;;
740;PE;12215;PNSU;236915;2225284;MEJORAMIENTO DEL SISTEMA DE AGUA POTABLE E INSTALACION DE SISTEMA DE ALCANTARILLADO DEL SECTOR DE SAN JACINTO, DISTRITO DE SAN RAMON, PROVINCIA DE CHANCHAMAYO - JUNIN;MUNICIPALIDAD DISTRITAL DE SAN RAMON;JUNIN;CHANCHAMAYO;SAN RAMON;655;2217782.92;Transferencia;Indirecta;OBRA;Concluido;;;;;;;;;
741;PE;12216;PNSU;6189;2056550;MEJORAMIENTO Y AMPLIACION DEL SISTEMA DE AGUA Y ALCANTARILLADO DEL DISTRITO DE AHUAC - CHUPACA - JUNIN;MUNICIPALIDAD DISTRITAL DE AHUAC;JUNIN;CHUPACA;AHUAC;7344;7225629.54;Transferencia;Indirecta;OBRA;Concluido;;;;;;;;;
742;PE;12217;PNSU;228210;2225792;MEJORAMIENTO Y AMPLIACION DE LOS SERVICIOS DE AGUA POTABLE Y ALCANTARILLADO EN EL BARRIO AMARU CANCHA, DISTRITO DE AHUAC - CHUPACA - JUNIN;MUNICIPALIDAD DISTRITAL DE AHUAC;JUNIN;CHUPACA;AHUAC;494;2265758.07;Transferencia;Indirecta;OBRA;Concluido;;;;;;;;;
743;PE;12218;PNSU;59933;2065840;MEJORAMIENTO, AMPLIACION DEL SISTEMA DE AGUA POTABLE Y ALCANTARILLADO Y CONSTRUCCION DEL SISTEMA DE TRATAMIENTO DE AGUAS RESIDUALES EN LA LOCALIDAD , DISTRITO DE CHONGOS BAJO - CHUPACA - JUNIN;MUNICIPALIDAD DISTRITAL DE CHONGOS BAJO;JUNIN;CHUPACA;CHONGOS BAJO;4859;3542302;Transferencia;Indirecta;OBRA;Concluido;;;;;;;;;
744;PE;12219;PNSU;16360;2039022;MEJORAMIENTO Y AMPLIACION DEL SISTEMA DE AGUA POTABLE Y ALCANTARILLADO DE LA LOCALIDAD DE CHUPACA - CHUPACA - JUNIN;MUNICIPALIDAD PROVINCIAL DE CHUPACA;JUNIN;CHUPACA;CHUPACA;19691;25345769.36;Transferencia;Indirecta;OBRA;Concluido;;;;;;;;;
745;PE;12220;PNSU;67167;2056442;MEJORAMIENTO, AMPLIACION DE LOS SISTEMAS DE AGUA POTABLE Y ALCANTARILLADO DE LAS LOCALIDADES DE HUACHAC, MANZANARES, QUISHUAR, MARCATUNA Y HUAYAO DISTRITO DE MANZANARES , DISTRITO DE HUACHAC - CHUPACA - JUNIN;MUNICIPALIDAD DISTRITAL DE HUACHAC;JUNIN;CHUPACA;HUACHAC;5330;3338203;Transferencia;Indirecta;OBRA;Concluido;;;;;;;;;
746;PE;12221;PNSU;65533;2056444;MEJORAMIENTO, AMPLIACION DEL SISTEMA DE ALCANTARILLADO Y CONSTRUCCION DEL SISTEMA DE TRATAMIENTO DE AGUAS RESIDUALES DE LA LOCALIDAD DE TRES DE DICIEMBRE, DISTRITO DE TRES DE DICIEMBRE - CHUPACA - JUNIN;MUNICIPALIDAD DISTRITAL DE TRES DE DICIEMBRE;JUNIN;CHUPACA;TRES DE DICIEMBRE;2206;4607953.51;Transferencia;Indirecta;OBRA (SALDO);Concluido;;;;;;;;;
747;PE;12222;PNSU;2488029;2488029;MEJORAMIENTO DEL SERVICIO DE AGUA POTABLE Y ALCANTARILLADO EN LA AV. AMISTAD ENTRE EL EMP. PE 3SB Y LA AV. SAN ISIDRO Y AV. SAN ISIDRO ENTRE AMISTAD HASTA KM 0+560,  DISTRITO DE TRES DE DICIEMBRE - PROVINCIA DE CHUPACA - DEPARTAMENTO DE JUNIN;REGION JUNIN-SEDE CENTRAL;JUNIN;CHUPACA;TRES DE DICIEMBRE;283;7540331.35;Transferencia;Directa;OBRA;Concluido;;;;;;;;;
748;PE;12223;PNSU;193575;2148930;MEJORAMIENTO DEL SISTEMA DE AGUA POTABLE INSTALACION DEL SISTEMA DE ALCANTARILLADO Y TRATAMIENTO DE AGUAS RESIDUALES DEL ANEXO DE MATAPA, DISTRITO DE ANDAMARCA - CONCEPCION - JUNIN;MUNICIPALIDAD DISTRITAL DE ANDAMARCA;JUNIN;CONCEPCION;ANDAMARCA;610;1094427.31;Transferencia;Indirecta;OBRA;Concluido;;;;;;;;;
749;PE;12224;PNSU;102578;2091572;MEJORAMIENTO Y AMPLIACION DEL SISTEMA DE AGUA POTABLE Y ALCANTARILLADO DE LOS CENTROS POBLADOS DE CHAMBARA, ACOPUQUIO, QUILLAYO Y SAN PEDRO DE CHILCAS DISTRITO DE CHAMBARA - CONCEPCION - JUNIN;MUNICIPALIDAD DISTRITAL DE CHAMBARA;JUNIN;CONCEPCION;CHAMBARA;1384;1014732;Transferencia;Indirecta;OBRA;Concluido;;;;;;;;;
750;PE;12225;PNSU;113152;2091196;AMPLIACION Y MEJORAMIENTO DEL SISTEMA DE AGUA POTABLE Y ALCANTARILLADO EN LA CIUDAD DE CONCEPCIÓN Y 9 DE JULIO, DISTRITO DE CONCEPCION Y 9 DE JULIO, PROVINCIA DE CONCEPCION - JUNIN;MUNICIPALIDAD PROVINCIAL DE CONCEPCION;JUNIN;CONCEPCION;CONCEPCION;18192;12414456;Transferencia;Indirecta;OBRA;Convenio Resuelto;;;;;;;;;
751;PE;12226;PNSU;13080;2130880;MEJORAMIENTO Y AMPLIACION DE LOS SISTEMAS DE AGUA POTABLE Y ALCANTARILLADO DE LAS LOCALIDADES DE SAN PEDRO, LA FLORIDA, SAN ANTONIO, LA LIBERTAD Y DOS DE MAYO, DEL DISTRITO DE HEROINAS TOLEDO - PROVINCIA CONCEPCION - REGION JUNIN.;GOBIERNO REGIONAL JUNIN;JUNIN;CONCEPCION;HEROINAS TOLEDO;1780;3413814;Transferencia;Indirecta;OBRA;Concluido;;;;;;;;;
752;PE;12227;PNSU;232260;2225715;MEJORAMIENTO Y AMPLIACION DE LOS SISTEMAS DE AGUA POTABLE Y LETRINAS DE LOS ANEXOS Y BARRIOS DEL DISTRITO DE HEROINAS TOLEDO , CONCEPCION, JUNIN;MUNICIPALIDAD DISTRITAL DE HEROINAS TOLEDO;JUNIN;CONCEPCION;HEROINAS TOLEDO;2500;8287890;Transferencia;Indirecta;OBRA (SALDO);Concluido;;;;;;;;;
753;PE;12228;PNSU;102449;2091573;CONSTRUCCION Y MEJORAMIENTO DE AGUA POTABLE Y ALCANTARILLADO DEL CENTRO POBLADO DE MAMAC DISTRITO DE MARISCAL CASTILLA, PROVINCIA DE CONCEPCION - JUNIN;MUNICIPALIDAD DISTRITAL DE MARISCAL CASTILLA;JUNIN;CONCEPCION;MARISCAL CASTILLA;600;521306.31;Transferencia;Indirecta;OBRA;Concluido;;;;;;;;;
754;PE;12229;PNSU;264722;2185641;INSTALACION MEJORAMIENTO Y AMPLIACION INTEGRAL DE LOS SERVICIOS DE AGUA POTABLE Y ALCANTARILLADO EN LOS ANEXOS DE  MARAVILCA, CHIMPAMARCA, HUALIANTA, PACCHA Y CENTRO URBANO DE MATAHUASI, DISTRITO DE MATAHUASI - CONCEPCION - JUNIN;MUNICIPALIDAD DISTRITAL DE MATAHUASI;JUNIN;CONCEPCION;MATAHUASI;4368;10253203.75;Transferencia;Indirecta;OBRA;Paralizada;;;;;;;;;
755;PE;12230;PNSU;21870;2087768;AMPLIACION Y MEJORAMIENTO DEL SISTEMA DE AGUA POTABLE Y ALCANTARILLADO DEL DISTRITO DE MITO Y ANEXOS;MUNICIPALIDAD DISTRITAL DE MITO;JUNIN;CONCEPCION;MITO;1970;4386074.44;Transferencia;Indirecta;OBRA;Concluido;;;;;;;;;
756;PE;12231;PNSU;308735;2248598;MEJORAMIENTO DEL SERVICIO DE AGUA POTABLE Y DESAGÜE EN EL DISTRITO DE NUEVE DE JULIO, PROVINCIA DE CONCEPCION - JUNIN;MUNICIPALIDAD DISTRITAL DE NUEVE DE JULIO;JUNIN;CONCEPCION;NUEVE DE JULIO;1774;5867881.92;Transferencia;Indirecta;OBRA;Concluido;;;;;;;;;
757;PE;12232;PNSU;16358;2056600;MEJORAMIENTO Y AMPLIACION DE LOS SISTEMAS DE AGUA POTABLE ALCANTARILLADO DE LA LOCALIDAD DE ORCOTUNA;EMPRESA DE SERVICIOS DE AGUA POTABLE Y ALCANTARILLADO MUNICIPAL DE HUANCAYO;JUNIN;CONCEPCION;ORCOTUNA;3019;5046413.47;Transferencia;Indirecta;OBRA;Concluido;;;;;;;;;
758;PE;12233;PNSU;116126;2099556;CONSTRUCCION DEL SISTEMA DE ALCANTARILLADO DE LOS CENTROS POBLADOS DE CHAQUICOCHA Y USIBAMBA, DISTRITO DE SAN JOSE DE QUERO - CONCEPCION - JUNIN;MUNICIPALIDAD DISTRITAL DE SAN JOSÉ DE QUERO;JUNIN;CONCEPCION;SAN JOSE DE QUERO;2450;4073906;Transferencia;Indirecta;OBRA;Concluido;;;;;;;;;
759;PE;12234;PNSU;49603;2045301;AMPLIACION DEL SISTEMA DE DESAGUE DEL BARRIO ROMANCOTO II,BARRIO LOS ANGELES Y BARRIO INDEPENDENCIA EN EL DISTRITO DE CHILCA, PROVINCIA HUANCAYO, DEPARTAMENTO JUNIN.;EMPRESA DE SERVICIOS DE AGUA POTABLE Y ALCANTARILLADO MUNICIPAL DE HUANCAYO;JUNIN;HUANCAYO;CHILCA;2100;1798604;Transferencia;Indirecta;OBRA;Concluido;;;;;;;;;
760;PE;12235;PNSU;32397;2031636;MEJORAMIENTO DEL SISTEMA DE AGUA POTABLE DEL SECTOR AZAPAMPA - CHILCA;EMPRESA DE SERVICIOS DE AGUA POTABLE Y ALCANTARILLADO MUNICIPAL DE HUANCAYO;JUNIN;HUANCAYO;CHILCA;13768;1197471;Transferencia;Directa;OBRA;Concluido;;;;;;;;;
761;PE;12236;PNSU;40578;2045295;MEJORAMIENTO DEL SISTEMA DE AGUA POTABLE Y ALCANTARILLADO SANITARIO DE LOS SECTORES MEDIO Y ALTO CHILCA - HUANCAYO;EMPRESA DE SERVICIOS DE AGUA POTABLE Y ALCANTARILLADO MUNICIPAL DE HUANCAYO;JUNIN;HUANCAYO;CHILCA;14602;2047714.56;Transferencia;Directa;OBRA;Concluido;;;;;;;;;
762;PE;12237;PNSU;172155;2135852;AMPLIACION DEL SISTEMA DE ALCANTARILLADO SANITARIO EN LOS SECTORES, VISTA ALEGRE, SAN CRISTOBAL ALTO Y SR. DE QUINUAPATA DEL BARRIO LA ESPERANZA ., DISTRITO DE CHILCA - HUANCAYO - JUNIN;MUNICIPALIDAD DISTRITAL DE CHILCA;JUNIN;HUANCAYO;CHILCA;1339;723000.17;Transferencia;Directa;OBRA;Concluido;;;;;;;;;
763;PE;12238;PNSU;2443957;2443957;CREACION SISTEMA DE  ALCANTARILLADO PLUVIAL DEL SUB SECTOR SC 8 Y 9 LADO SUR  DISTRITO DE CHILCA - PROVINCIA DE HUANCAYO - DEPARTAMENTO DE JUNIN;MUNICIPALIDAD DISTRITAL DE CHILCA;JUNIN;HUANCAYO;CHILCA;6815;4259720.65;Transferencia;Indirecta;OBRA;Concluido;;;;;;;;;
764;PE;12239;PNSU;50588;2087457;MEJORAMIENTO Y AMPLIACION DE LOS SISTEMAS DE AGUA POTABLE Y ALCANTARILLADO DE LA LOCALIDAD DE CHUPURO - HUANCAYO - JUNIN.;GOBIERNO REGIONAL JUNIN;JUNIN;HUANCAYO;CHUPURO;2024;5990393;Transferencia;Indirecta;EXPEDIENTE TECNICO;Concluido;;;;;;;;;
765;PE;12240;PNSU;36313;2172712;MEJORAMIENTO Y AMPLIACION DE LOS SISTEMAS DE AGUA POTABLE Y ALCANTARILLADO EN LA LOCALIDAD DE COLCA;MUNICIPALIDAD DISTRITAL DEL COLCA;JUNIN;HUANCAYO;COLCA;1685;726320;Transferencia;Directa;OBRA;Concluido;;;;;;;;;
766;PE;12241;PNSU;292579;2244207;MEJORAMIENTO Y AMPLIACION DEL SERVICIO DE AGUA POTABLE Y ALCANTARILLADO SANITARIO EN, DISTRITO DE COLCA - HUANCAYO - JUNIN;MUNICIPALIDAD DISTRITAL DE COLCA;JUNIN;HUANCAYO;COLCA;2250;4486141.97;Transferencia;Indirecta;OBRA;Concluido;;;;;;;;;
767;PE;12242;PNSU;35671;2030584;AMPLIACION Y MEJORAMIENTO DEL SISTEMA DE AGUA POTABLE Y ALCANTARILLADO SANITARIO EN EL ANEXO DE COCHAS CHICO, DISTRITO DE EL TAMBO - HUANCAYO - JUNIN;MUNICIPALIDAD DISTRITAL DE EL TAMBO;JUNIN;HUANCAYO;EL TAMBO;2170;1555748;Transferencia;Indirecta;OBRA;Concluido;;;;;;;;;
768;PE;12243;PNSU;38127;2054320;MEJORAMIENTO Y AMPLIACION DEL SISTEMA DE AGUA POTABLE Y ALCANTARILLADO SANITARIO EN LOS ANEXOS DE SAÑOS CHICO Y LA ESPERANZA, DISTRITO DE EL TAMBO - HUANCAYO - JUNIN;MUNICIPALIDAD DISTRITAL DE EL TAMBO;JUNIN;HUANCAYO;EL TAMBO;11895;2220430;Transferencia;Indirecta;OBRA;Concluido;;;;;;;;;
769;PE;12244;PNSU;44854;2054462;MEJORAMIENTO, AMPLIACION DEL SISTEMA DE AGUA POTABLE Y ALCANTARILLADO SANITARIO EN LOS CENTROS POBLADOS DE SAN PEDRO - SAN MARTIN Y ANEXOS DE SAÑOS GRANDE, AZA Y SAÑOS CHAUPI, DISTRITO DE EL TAMBO - HUANCAYO - JUNIN;MUNICIPALIDAD DISTRITAL DE TAMBO;JUNIN;HUANCAYO;EL TAMBO;8454;5865525;Transferencia;Indirecta;OBRA;Concluido;;;;;;;;;
770;PE;12245;PNSU;31387;2031635;MEJORAMIENTO DEL SISTEMA DE AGUA POTABLE DEL SECTOR AGUA DE LAS VIRGENES - EL TAMBO - HUANCAYO;EMPRESA DE SERVICIOS DE AGUA POTABLE Y ALCANTARILLADO MUNICIPAL DE HUANCAYO;JUNIN;HUANCAYO;EL TAMBO;20603;1897492;Transferencia;Indirecta;OBRA;Concluido;;;;;;;;;
771;PE;12246;PNSU;32386;2031637;MEJORAMIENTO DEL SISTEMA DE AGUA POTABLE DEL SECTOR SAN PEDRO - EL TAMBO;EMPRESA DE SERVICIOS DE AGUA POTABLE Y ALCANTARILLADO MUNICIPAL DE HUANCAYO;JUNIN;HUANCAYO;EL TAMBO;12104;2519378;Transferencia;Indirecta;OBRA;Concluido;;;;;;;;;
772;PE;12247;PNSU;42332;2050353;CONSTRUCCION DEL SISTEMA DE ALCANTARILLADO PLUVIAL AV. SIMON BOLIVAR TRAMO. AV. MARISCAL CASTILLA - RIO MANTARO, DISTRITO DE EL TAMBO - HUANCAYO - JUNIN;MUNICIPALIDAD DISTRITAL DE EL TAMBO;JUNIN;HUANCAYO;EL TAMBO;1200;1025419;Transferencia;Directa;OBRA;Concluido;;;;;;;;;
773;PE;12248;PNSU;75787;2070935;AMPLIACION Y CONSTRUCCION DEL SISTEMA DE AGUA POTABLE CON CAPTACION VERTICAL SUBTERRANEA Y SISTEMA DE ALCANTARILLADO CON PLANTA DE TRATAMIENTO DE LAS AGUAS RESIDUALES LOCALIDAD DE HUACRAPUQUIO, DISTRITO DE HUACRAPUQUIO - HUANCAYO - JUNIN;MUNICIPALIDAD DISTRITAL DE HUACRAPUQUIO;JUNIN;HUANCAYO;HUACRAPUQUIO;2020;5269228;Transferencia;Indirecta;EXPEDIENTE TECNICO;Concluido;;;;;;;;;
774;PE;12249;PNSU;319188;2270946;MEJORAMIENTO DEL SISTEMA DE AGUA POTABLE Y CREACIÓN DE LOS SERVICIOS DE DISPOSICIÓN SANITARIA DE EXCRETAS Y LETRINAS EN LOS BARRIOS DE HUARISCA, LA LIBERTAD ALTA Y BARRIO CENTRO, DISTRITO DE HUACRAPUQUIO - HUANCAYO - JUNIN;MUNICIPALIDAD DISTRITAL DE HUACRAPUQUIO;JUNIN;HUANCAYO;HUACRAPUQUIO;3995;6474371.85;Transferencia;Indirecta;OBRA (SALDO);Concluido;;;;;;;;;
775;PE;12250;PNSU;80950;2072838;CONSTRUCCION DEL SISTEMA DE AGUA POTABLE CON CAPTACION VERTICAL SUBTERRANEA DE LA LOCALIDAD DE HUALHUAS , DISTRITO DE HUACRAPUQUIO - HUANCAYO - JUNIN;MUNICIPALIDAD DISTRITAL DE HUALHUAS;JUNIN;HUANCAYO;HUALHUAS;3200;4113221;Transferencia;Indirecta;OBRA;Concluido;;;;;;;;;
776;PE;12251;PNSU;118306;2095687;AMPLIACION DEL SISTEMA DE ALCANTARILLADO SANITARIO Y CONSTRUCCIÓN DE PLANTA DE TRATAMIENTO DE AGUAS RESIDUALES EN EL, DISTRITO DE HUALHUAS - HUANCAYO - JUNIN;MUNICIPALIDAD DISTRITAL DE HUALHUAS;JUNIN;HUANCAYO;HUALHUAS;3966;10848865.02;Transferencia;Indirecta;OBRA;Concluido;;;;;;;;;
777;PE;12252;PNSU;10842;2056637;MEJORAMIENTO, AMPLIACION Y CONSTRUCCION DEL SISTEMA DE AGUA POTABLE, ALCANTARILLADO Y TRATAMIENTO DE AGUA RESIDUALES DEL DISTRITO DE HUANCAN - HUANCAYO - JUNIN.;MUNICIPALIDAD DISTRITAL DE HUANCAN;JUNIN;HUANCAYO;HUANCAN;9112;14785500;Transferencia;Indirecta;OBRA;Concluido;;;;;;;;;
778;PE;12253;PNSU;107722;2130928;AMPLIACION DEL SISTEMA DE ALCANTARILLADO SANITARIO DE LA COMUNIDAD CAMPESINA DE VILCACOTO(BARRIO PAÑASPAMPA, BARRIO CENTRO, BARRIO PUCATEA- DISTRITO DE HUANCAYO-PROVINCIA DE HUANCAYO-JUNIN;EMPRESA DE SERVICIOS DE AGUA POTABLE Y ALCANTARILLADO MUNICIPAL DE HUANCAYO;JUNIN;HUANCAYO;HUANCAYO;2000;1741717.88;Transferencia;Indirecta;OBRA;Concluido;;;;;;;;;
779;PE;12254;PNSU;155804;2148929;INSTALACION DEL SERVICIO DE ALCANTARILLADO SANITARIO EN LA URB. INGENIERIA – HUANCAYO – REGIÓN JUNIN;EMPRESA DE SERVICIOS DE AGUA POTABLE Y ALCANTARILLADO MUNICIPAL DE HUANCAYO;JUNIN;HUANCAYO;HUANCAYO;988;999705.69;Transferencia;Indirecta;OBRA;Concluido;;;;;;;;;
780;PE;12255;PNSU;36220;2045291;ACTUALIZACION DE LA CARTOGRAFIA, CATASTRO DE CLIENTES, CATASTRO DE REDES DE LOS DISTRITOS DE HUANCAYO, EL TAMBO, CHILCA Y ADMINISTRACIONES DE SEDAM HUANCAYO SA;EMPRESA DE SERVICIOS DE AGUA POTABLE Y ALCANTARILLADO MUNICIPAL DE HUANCAYO;JUNIN;HUANCAYO;HUANCAYO;436578;1128000;Transferencia;Directa;OBRA;Concluido;;;;;;;;;
781;PE;12256;PNSU;8631;2045299;MEJORAMIENTO DEL SISTEMA DE AGUA POTABLE DE LA CIUDAD DE HUANCAYO;EMPRESA DE SERVICIOS DE AGUA POTABLE Y ALCANTARILLADO MUNICIPAL DE HUANCAYO;JUNIN;HUANCAYO;HUANCAYO;308766;12199952.76;Transferencia;Directa;OBRA;Concluido;;;;;;;;;
782;PE;12257;PNSU;62624;2060125;AMPLIACION DEL SISTEMA DE DESAGUE DEL CENTRO POBLADO DE LA COMUNIDAD CAMPESINA DE UÑAS EN EL DISTRITO DE HUANCAYO - PROVINCIA HUANCAYO - DEPARTAMENTO JUNIN;EMPRESA DE SERVICIOS DE AGUA POTABLE Y ALCANTARILLADO MUNICIPAL DE HUANCAYO;JUNIN;HUANCAYO;HUANCAYO;3107;1943302;Transferencia;Directa;OBRA;Concluido;;;;;;;;;
783;PE;12258;PNSU;141253;2190369;MEJORAMIENTO Y AMPLIACION DEL SERVICIO DE AGUA POTABLE DE LOS SECTORES: LOS LIBERTADORES, CERRITO DE LA LIBERTAD, PULTUQUIA ALTA, PAMPAS OCOPILLA - DISTRITO DE  HUANCAYO, PROVINCIA DE HUANCAYO - JUNIN;MUNICIPALIDAD PROVINCIAL DE HUANCAYO;JUNIN;HUANCAYO;HUANCAYO;8574;10264117.05;Transferencia;Indirecta;OBRA;Concluido;;;;;;;;;
784;PE;12259;PNSU;292678;2197128;INSTALACION DEL SISTEMA DE EVACUACION DE AGUAS PLUVIALES EN LA URBANIZACION SANTA BEATRIZ Y ENTORNO AL PARQUE IDENTIDAD WANKA , DISTRITO DE HUANCAYO, PROVINCIA DE HUANCAYO - JUNIN;MUNICIPALIDAD PROVINCIAL DE HUANCAYO;JUNIN;HUANCAYO;HUANCAYO;1897;1041376.25;Transferencia;Indirecta;OBRA;Concluido;;;;;;;;;
785;PE;12260;PNSU;2426720;2426720;CREACION DEL SISTEMA DE ALCANTARILLADO PLUVIAL DE LAS URBANIZACIONES EL TRÉBOL, CORONA DEL FRAILE Y PLANICIE DEL FRAILE DEL SUB SECTOR 21 CHORRILLO DEL DISTRITO DE HUANCAYO - PROVINCIA DE HUANCAYO - DEPARTAMENTO DE JUNIN;MUNICIPALIDAD PROVINCIAL DE HUANCAYO;JUNIN;HUANCAYO;HUANCAYO;1121;1105342.97;Transferencia;Indirecta;OBRA;Concluido;;;;;;;;;
786;PE;12261;PNSU;78993;2072109;AMPLIACION DEL SISTEMA DE ALCANTARILLADO, CON PLANTA DE TRATAMIENTO DE LAS AGUAS RESIDUALES DE LA LOCALIDAD DE HUASICANCHA, DISTRITO DE HUASICANCHA - HUANCAYO - JUNIN;MUNICIPALIDAD DISTRITAL DE HUASICANCHA;JUNIN;HUANCAYO;HUASICANCHA;2025;3080508.59;Transferencia;Indirecta;OBRA;Concluido;;;;;;;;;
787;PE;12262;PNSU;9349;2019808;MEJORAMIENTO DEL SISTEMA DE AGUA POTABLE Y CONSTRUCCION DE ALCANTARILLADO DEL CENTRO POBLADO DE HUAMANMARCA - CHANCHAS;GOBIERNO REGIONAL JUNIN;JUNIN;HUANCAYO;HUAYUCACHI;3650;1950976;Transferencia;Indirecta;OBRA;Concluido;;;;;;;;;
788;PE;12263;PNSU;59566;2065809;MEJORAMIENTO, AMPLIACION DEL SISTEMA DE AGUA POTABLE DEL CERCADO DEL DISTRITO DE PILCOMAYO, DISTRITO DE PILCOMAYO - HUANCAYO - JUNIN;MUNICIPALIDAD DISTRITAL DE PILCOMAYO;JUNIN;HUANCAYO;PILCOMAYO;17109;3698285.86;Transferencia;Indirecta;OBRA;Concluido;;;;;;;;;
789;PE;12264;PNSU;88800;2134759;MEJORAMIENTO DEL SISTEMA DE AGUA POTABLE E INSTALACIONES DE LETRINAS EN PATALA - LIBERTAD - MARCAVALLE - PACHACHACA - PUCARA, DEL DISTRITO DE PUCARA, PROVINCIA HUANCAYO, - JUNÍN.;GOBIERNO REGIONAL JUNIN;JUNIN;HUANCAYO;PUCARA;5220;4546339.36;Transferencia;Indirecta;OBRA;Concluido;;;;;;;;;
790;PE;12265;PNSU;15020;2030730;MEJORAMIENTO Y AMPLIACION DEL SISTEMA DE AGUA POTABLE Y ALCANTARILLADO DE LA LOCALIDAD DE QUICHUAY-HUANCAYO;GOBIERNO REGIONAL JUNIN;JUNIN;HUANCAYO;QUICHUAY;1940;1142081;Transferencia;Indirecta;OBRA;Concluido;;;;;;;;;
791;PE;12266;PNSU;16389;2056601;MEJORAMIENTO Y AMPLIACION DE LOS SISTEMAS DE AGUA POTABLE Y ALCANTARILLADO DE LA LOCALIDAD DE QUILCAS;MUNICIPALIDAD DISTRITAL DE QUILCAS;JUNIN;HUANCAYO;QUILCAS;3108;5123686.12;Transferencia;Indirecta;OBRA (SALDO);Concluido;;;;;;;;;
792;PE;12267;PNSU;376200;2337192;CREACION Y AMPLIACION DEL SERVICIO DE SANEAMIENTO BASICO DE AGUA POTABLE Y DESAGUE EN EL ANEXO DE COLPAR, RANGRA, ÑAHUINPUQUIO Y LOS BARRIOS DE LLACTA, UNOIMARCA Y ZONA PERIMETRICA DE QUILCAS CERCADO, DISTRITO DE QUILCAS - HUANCAYO - JUNIN;MUNICIPALIDAD DISTRITAL DE QUILCAS;JUNIN;HUANCAYO;QUILCAS;5445;16170558.56;Transferencia;Indirecta;OBRA;Concluido;;;;;;;;;
793;PE;12268;PNSU;3274;2058066;MEJORAMIENTO Y AMPLIACION DEL SISTEMA DE AGUA POTABLE Y ALCANTARILLADO DEL DISTRITO DE SAN JERONIMO DE TUNAN - HUANCAYO - JUNIN.;MUNICIPALIDAD DISTRITAL DE SAN JERONIMO DE TUNAN;JUNIN;HUANCAYO;SAN JERONIMO DE TUNAN;9319;8466149.22;Transferencia;Indirecta;OBRA;Concluido;;;;;;;;;
794;PE;12269;PNSU;125898;2104758;MEJORAMIENTO Y AMPLIACION DEL SISTEMA DE AGUA POTABLE Y ALCANTARILLADO EN LA LOCALIDAD DE SAÑO, DISTRITO DE SANO - HUANCAYO - JUNIN;MUNICIPALIDAD DISTRITAL DE SAÑO;JUNIN;HUANCAYO;SAÑO;2680;5437744.76;Transferencia;Indirecta;OBRA;Concluido;;;;;;;;;
795;PE;12270;PNSU;187558;2215892;MEJORAMIENTO Y AMPLIACION DEL SISTEMA DE SANEAMIENTO BASICO , DISTRITO DE SAPALLANGA - HUANCAYO - JUNIN;MUNICIPALIDAD DISTRITAL DE SAPALLANGA;JUNIN;HUANCAYO;SAPALLANGA;7138;9982010.83;Transferencia;Indirecta;OBRA;Concluido;;;;;;;;;
796;PE;12271;PNSU;34521;2030732;MEJORAMIENTO DEL SISTEMA DE ABASTECIMIENTO DE AGUA POTABLE Y CONSTRUCCION DE LETRINAS EN EL BARRIO LA LIBERTAD SICAYA-HUANCAYO-JUNIN;GOBIERNO REGIONAL JUNIN;JUNIN;HUANCAYO;SICAYA;349;490643;Transferencia;Indirecta;OBRA;Concluido;;;;;;;;;
797;PE;12272;PNSU;12327;2056551;AMPLIACION Y MEJORAMIENTO DEL SISTEMA DE AGUA POTABLE Y ALCANTARILLADO DE LA LOCALIDAD DE SICAYA-HUANCAYO-JUNIN;MUNICIPALIDAD DISTRITAL DE SICAYA;JUNIN;HUANCAYO;SICAYA;8547;7135966;Transferencia;Indirecta;OBRA;Concluido;;;;;;;;;
798;PE;12273;PNSU;213843;2217468;AMPLIACION Y MEJORAMIENTO DEL SISTEMA DE AGUA POTABLE Y ALCANTARILLADO DE LOS BARRIOS MANCOVELO, LA FLORIDA, LA UNIÓN, HUASAMANYA Y SAN JOSÉ, DISTRITO DE SICAYA - HUANCAYO - JUNIN;MUNICIPALIDAD DISTRITAL DE SICAYA;JUNIN;HUANCAYO;SICAYA;8094;3496335.06;Transferencia;Indirecta;OBRA;Concluido;;;;;;;;;
799;PE;12274;PNSU;66897;2110424;MEJORAMIENTO Y AMPLIACION DEL SISTEMA DE AGUA POTABLE Y AMPLIACION DEL SISTEMA DE ALCANTARILLADO DE LOS DISTRITOS DE HUAMALI(ZONA URBANA ANEXO.CONOPA ,EL MANTARO(FLORIDA,HUACHO Y ACOPAMPA,SAN LORENZO(ZONA URBANA, ANEXO DE SAN JUAN-JAUJA-JUNÍN.;MUNICIPALIDAD DISTRITAL DE MANTARO;JUNIN;JAUJA;EL MANTARO;7040;9976878.82;Transferencia;Indirecta;OBRA;Concluido;;;;;;;;;
800;PE;12275;PNSU;10880;2030728;MEJORAMIENTO DEL SISTEMA DE AGUA POTABLE E INSTALACION DE ALCANTARILLADO EN LA LOCALIDAD DE HUAMALI-JAUJA-JUNIN;GOBIERNO REGIONAL JUNIN;JUNIN;JAUJA;HUAMALI;1877;1825353.5;Transferencia;Indirecta;OBRA;Concluido;;;;;;;;;
801;PE;12276;PNSU;50444;2087766;MEJORAMIENTO Y AMPLIACIÓN DE LOS SISTEMAS DE AGUA POTABLE E INSTALACION DE LOS SISTEMAS DE ALCANTARILLADO SANITARIO DE LAS LOCALIDADES DEL VALLE YACUS Y ATAURA;GOBIERNO REGIONAL JUNIN;JUNIN;JAUJA;HUERTAS;11565;11291926.72;Transferencia;Indirecta;EXPEDIENTE TECNICO;Concluido;;;;;;;;;
802;PE;12277;PNSU;255668;2182824;MEJORAMIENTO Y AMPLIACIÓN DEL SISTEMA DE AGUA POTABLE Y ALCANTARILLADO DEL, DISTRITO DE HUERTAS - JAUJA - JUNIN;MUNICIPALIDAD DISTRITAL DE HUERTAS;JUNIN;JAUJA;HUERTAS;4450;10192494.55;Transferencia;Indirecta;OBRA;Concluido;;;;;;;;;
803;PE;12278;PNSU;16404;2030784;MEJORAMIENTO Y AMPLIACION DE LOS SISTEMAS DE AGUA POTABLE Y ALCANTARILLADO DE LA CIUDAD DE JAUJA;MUNICIPALIDAD PROVINCIAL DE JAUJA;JUNIN;JAUJA;JAUJA;38166;32749499.41;Transferencia;Indirecta;OBRA;Concluido;;;;;;;;;
804;PE;12279;PNSU;317491;2265251;MEJORAMIENTO DE LOS SISTEMAS DE AGUA POTABLE Y SISTEMAS DE DESAGÜE DE LA AV. RICARDO PALMA Y AV. HATUN XAUXA EN LOS DISTRITOS DE JAUJA, YAUYOS Y SAUSA, PROVINCIA DE JAUJA - JUNIN;MUNICIPALIDAD PROVINCIAL DE JAUJA;JUNIN;JAUJA;JAUJA;1657;2430581.54;Transferencia;Indirecta;OBRA;Concluido;;;;;;;;;
805;PE;12280;PNSU;327679;2285571;CREACION DE LA PLANTA DE TRATAMIENTO PARA LA REMOCION DE ARSENICO EN EL AGUA DE CONSUMO HUMANO DE LOS DISTRITOS DE JAUJA, SAUSA Y YAUYOS, PROVINCIA DE JAUJA - JUNIN;MUNICIPALIDAD PROVINCIAL DE JAUJA;JUNIN;JAUJA;JAUJA;33211;9003542.9;Transferencia;Indirecta;OBRA;Concluido;;;;;;;;;
806;PE;12281;PNSU;29951;2172713;MEJORAMIENTO Y AMPLIACION DE LOS SISTEMAS DE AGUA POTABLE Y ALCANTARILLADO EN LA LOCALIDAD DE JULCAN;MUNICIPALIDAD PROVINCIAL DE JULCAN;JUNIN;JAUJA;JULCAN;814;768372;Transferencia;Indirecta;OBRA;Concluido;;;;;;;;;
807;PE;12282;PNSU;10160;2087456;MEJORAMIENTO E INSTALACION DE LOS SISTEMAS DE AGUA POTABLE Y ALCANTARILLADO DE LAS LOCALIDADES DE MARCO, TUNAN MARCA, TRAGADERO, CORICANCHA Y MUQUILLANQUI DE LOS DISTRITOS DE MARCO Y TUNAN MARCA - PROVINCIA DE JAUJA - DEPARTAMENTO DE JUNIN;GOBIERNO REGIONAL JUNIN;JUNIN;JAUJA;MARCO;5185;5396649.55;Transferencia;Indirecta;EXPEDIENTE TECNICO;Concluido;;;;;;;;;
808;PE;12283;PNSU;318376;2267487;MEJORAMIENTO Y AMPLIACION DEL SISTEMA DE ABASTECIMIENTO DE AGUA POTABLE Y ALCANTARILLADO DE LA LOCALIDAD DE MUQUIYAUYO, DISTRITO DE MUQUIYAUYO - JAUJA - JUNIN;MUNICIPALIDAD DISTRITAL DE MUQUIYAUYO;JUNIN;JAUJA;MUQUIYAUYO;2954;5161932.32;Transferencia;Indirecta;OBRA;Convenio Resuelto;;;;;;;;;
809;PE;12284;PNSU;11334;2030727;MEJORAMIENTO Y AMPLIACION AGUA POTABLE E INSTALACION DEL SISTEMA DE ALCANTARILLADO DEL CERCADO DEL DISTRITO DE PACCHA - JAUJA;GOBIERNO REGIONAL JUNIN;JUNIN;JAUJA;PACCHA;2070;756973;Transferencia;Indirecta;OBRA;Concluido;;;;;;;;;
810;PE;12285;PNSU;174719;2143126;MEJORAMIENTO Y REHABLITACION DEL SISTEMA DE AGUA POTABLE Y SANEAMIENTO DE LA LOCALIDAD DE SAN LORENZO EN EL DISTRITO DE SAN LORENZO, PROVINCIA DE JAUJA - JUNIN;MUNICIPALIDAD DISTRITAL DE SAN LORENZO;JUNIN;JAUJA;SAN LORENZO;3174;1057041.7;Transferencia;Indirecta;OBRA;Concluido;;;;;;;;;
811;PE;12286;PNSU;315332;2259498;INSTALACION DEL SISTEMA DE DRENAJE PLUVIAL DE LA AV. RICARDO PALMA Y HATUN XAUXA EN LOS DISTRITOS DE JAUJA, YAUYOS Y SAUSA, PROVINCIA DE JAUJA - JUNIN;MUNICIPALIDAD PROVINCIAL DE JAUJA;JUNIN;JAUJA;SAUSA;28679;3290083.39;Transferencia;Indirecta;OBRA;Concluido;;;;;;;;;
812;PE;12287;PNSU;3109;2017381;AMPLIACION Y MEJORAMIENTO DE LOS SISTEMAS DE AGUA POTABLE Y ALCANTARILLADO DE LA CIUDAD DE CARHUAMAYO;GOBIERNO REGIONAL JUNIN;JUNIN;JUNIN;CARHUAMAYO;9100;12376227.06;Transferencia;Indirecta;OBRA;Concluido;;;;;;;;;
813;PE;12288;PNSU;3052;2017382;MEJORAMIENTO Y AMPLIACION DE LOS SISTEMAS DE AGUA POTABLE Y ALCANTARILLADO DE LA CIUDAD DE JUNIN;GOBIERNO REGIONAL JUNIN;JUNIN;JUNIN;JUNIN;18177;8982114.95;Transferencia;Indirecta;OBRA;Concluido;;;;;;;;;
814;PE;12289;PNSU;11778;2030731;MEJORAMIENTO Y AMPLIACION DEL SISTEMA DE AGUA POTABLE Y ALCANTARILLADO DEL CENTRO POBLADO MENOR DE HUAYRE;GOBIERNO REGIONAL JUNIN;JUNIN;JUNIN;JUNIN;1606;1731345.44;Transferencia;Indirecta;OBRA;Contrato Resuelto;;;;;;;;;
815;PE;12290;PNSU;145254;2117884;AMPLIACION DE LAS REDES SECUNDARIAS DE AGUA POTABLE Y ALCANTARILLADO DE LA CIUDAD DE JUNIN DE LA, PROVINCIA DE JUNIN - JUNIN;MUNICIPALIDAD PROVINCIAL DE JUNIN;JUNIN;JUNIN;JUNIN;11143;17899482.2;Transferencia;Indirecta;OBRA (SALDO);Concluido;;;;;;;;;
816;PE;12291;PNSU;11218;2087864;MEJORAMIENTO Y AMPLIACION DEL SISTEMA DE AGUA POTABLE E INSTALACION DEL SISTEMA DE ALCANTARILLADO SANITARIO DEL CENTRO POBLADO DE SAN PEDRO DE PARI, DISTRITO DE ONDORES, PROVINCIA DE JUNIN Y DEPARTAMENTO DE JUNIN;GOBIERNO REGIONAL JUNIN;JUNIN;JUNIN;ONDORES;1000;981452;Transferencia;Indirecta;EXPEDIENTE TECNICO;Concluido;;;;;;;;;
817;PE;12292;PNSU;10913;2030569;MEJORAMIENTO DEL SISTEMA DE AGUA POTABLE E INSTALACION DEL SISTEMA DE ALCANTARILLADO DE QUILCATACTA - JUNIN;GOBIERNO REGIONAL JUNIN;JUNIN;JUNIN;ULCUMAYO;1690;1772806;Transferencia;Indirecta;OBRA;Concluido;;;;;;;;;
818;PE;12293;PNSU;124764;2101970;INSTALACION DEL SISTEMA DE ALCANTARILLADO DEL CC.PP. SAN PEDRO - COVIRIALI, PROVINCIA DE SATIPO - JUNIN;MUNICIPALIDAD DISTRITAL DE COVIRIALI;JUNIN;SATIPO;COVIRIALI;574;393242.67;Transferencia;Directa;OBRA;Concluido;;;;;;;;;
819;PE;12294;PNSU;125095;2101969;INSTALACION DEL SISTEMA DE ALCANTARILLADO DEL CC.PP. BELLAVISTA - DISTRITO DE COVIRIALI, PROVINCIA DE SATIPO - JUNIN;MUNICIPALIDAD DISTRITAL DE COVIRIALI;JUNIN;SATIPO;COVIRIALI;803;345158.43;Transferencia;Directa;OBRA;Concluido;;;;;;;;;
820;PE;12295;PNSU;109077;2094074;MEJORAMIENTO, AMPLIACION DEL SISTEMA DE AGUA POTABLE Y SANEAMIENTO, CC.PP. HERMOSA PAMPA - LLAYLLA, PROVINCIA DE SATIPO - JUNIN;MUNICIPALIDAD PROVINCIAL DE SATIPO;JUNIN;SATIPO;LLAYLLA;984;552598.3;Transferencia;Indirecta;OBRA;Concluido;;;;;;;;;
821;PE;12296;PNSU;67287;2067910;AMPLIACION, MEJORAMIENTO DE LOS SISTEMAS DE AGUA POTABLE Y ALCANTARILLADO DE LA LOCALIDAD DE MAZAMARI, DISTRITO DE MAZAMARI - SATIPO - JUNIN;MUNICIPALIDAD DISTRITAL DE MAZAMARI;JUNIN;SATIPO;MAZAMARI;8360;2817441;Transferencia;Indirecta;OBRA;Concluido;;;;;;;;;
822;PE;12297;PNSU;88271;2075570;INSTALACION DEL SISTEMA DE AGUA POTABLE Y LETRINAS, ANEXO UNION CUBARO-DISTRITO DE MAZAMARI, PROVINCIA DE SATIPO - JUNIN;MUNICIPALIDAD PROVINCIAL DE SATIPO;JUNIN;SATIPO;MAZAMARI;160;120439;Transferencia;Directa;OBRA;Concluido;;;;;;;;;
823;PE;12298;PNSU;20044;2026348;SISTEMA DE AGUA POTABLE DEL ANEXO SAN DIONISIO - PAMPA HERMOSA - SATIPO;MUNICIPALIDAD PROVINCIAL DE SATIPO;JUNIN;SATIPO;PAMPA HERMOSA;150;41571.47;Transferencia;Directa;OBRA;Concluido;;;;;;;;;
824;PE;12299;PNSU;20962;2026349;SISTEMA DE AGUA POTABLE DEL ANEXO SANTA BIBIANA ALTO - PAMPA HERMOSA - SATIPO.;MUNICIPALIDAD PROVINCIAL DE SATIPO;JUNIN;SATIPO;PAMPA HERMOSA;165;44661;Transferencia;Directa;OBRA;Concluido;;;;;;;;;
825;PE;12300;PNSU;92925;2084457;MEJORAMIENTO DEL SISTEMA INTEGRAL DE AGUA POTABLE Y ALCANTARILLADO DEL CPM SAN RAMON DE PANGOA, DISTRITO DE PANGOA - SATIPO - JUNIN;MUNICIPALIDAD DISTRITAL DE PANGOA;JUNIN;SATIPO;PANGOA;4980;14143753.85;Transferencia;Indirecta;OBRA (SALDO);Paralizada;;;;;;;;;
826;PE;12301;PNSU;216110;2166598;MEJORAMIENTO Y AMPLIACION DEL SISTEMA DE AGUA POTABLE Y ALCANTARILLADO DEL CENTRO POBLADO DE SAN CRISTOBAL, DISTRITO DE PANGOA - SATIPO - JUNIN;MUNICIPALIDAD DISTRITAL DE PANGOA;JUNIN;SATIPO;PANGOA;3149;10973482.43;Transferencia;Indirecta;OBRA;Concluido;;;;;;;;;
827;PE;12302;PNSU;129616;2225348;MEJORAMIENTO DEL SISTEMA DE AGUA POTABLE Y ALCANTARILLADO EN SAN MARTIN DE PANGOA, DISTRITO DE PANGOA -SATIPO-JUNIN;MUNICIPALIDAD DISTRITAL DE PANGOA;JUNIN;SATIPO;PANGOA;12048;85308835.8;Transferencia;Indirecta;OBRA;En Ejecución;;;;;;;;;
828;PE;12303;PNSU;81492;2073047;MEJORAMIENTO DEL SISTEMA DE AGUA POTABLE Y LETRINAS, CC.PP. PORTILLO ALTO-DISTRITO DE RIO NEGRO, PROVINCIA DE SATIPO - JUNIN;MUNICIPALIDAD DISTRITAL DE RIO NEGRO;JUNIN;SATIPO;RIO NEGRO;359;143058;Transferencia;Directa;OBRA;Concluido;;;;;;;;;
829;PE;12304;PNSU;326091;2284371;MEJORAMIENTO Y AMPLIACION DEL SERVICIO DE AGUA POTABLE Y ALCANTARILLADO EN LAS LOCALIDADES DE VILLA VIRGINIA, RIO ALBERTA, ARBITRAZA, VILLA BAMBU, BAJO RIO NEGRO, VILLA PACIFICO, LAS BEGONIAS, MIRAFLORES, SAN ISIDRO, 12 DE JULIO, VILLA CRISTIANA, LAS;MUNICIPALIDAD DISTRITAL DE RIO NEGRO;JUNIN;SATIPO;RIO NEGRO;6460;26604009.13;Transferencia;Indirecta;OBRA;Concluido;;;;;;;;;
830;PE;12305;PNSU;82219;2073301;INSTALACION DEL SISTEMA DE AGUA POTABLE Y LETRINAS, ANEXO ALTO UNINI, DISTRITO DE RIO TAMBO, PROVINCIA DE SATIPO - JUNIN;MUNICIPALIDAD DISTRITAL DE RIO TAMBO;JUNIN;SATIPO;RIO TAMBO;243;118468;Transferencia;Directa;OBRA;Concluido;;;;;;;;;
831;PE;12306;PNSU;82823;2073502;INSTALACION DEL SISTEMA DE AGUA POTABLE Y LETRINAS, ANEXO LOS OLIVOS, DISTRITO DE RIO TAMBO, PROVINCIA DE SATIPO - JUNIN;MUNICIPALIDAD DISTRITAL DE RIO TAMBO;JUNIN;SATIPO;RIO TAMBO;243;117215;Transferencia;Directa;OBRA;Concluido;;;;;;;;;
832;PE;12307;PNSU;86558;2074957;INSTALACION DEL SISTEMA DE AGUA POTABLE Y LETRINAS, ANEXO PIRIARI, DISTRITO RIO TAMBO, PROVINCIA DE SATIPO - JUNIN;MUNICIPALIDAD DISTRITAL DE RIO TAMBO;JUNIN;SATIPO;RIO TAMBO;139;95913;Transferencia;Directa;OBRA;Concluido;;;;;;;;;
833;PE;12308;PNSU;117510;2125180;INSTALACION DEL SISTEMA DE AGUA POTABLE Y ALCANTARILLADO DE LA LOCALIDAD DE PUERTO PRADO, DISTRITO RIO TAMBO, PROVINCIA DE SATIPO - JUNIN;MUNICIPALIDAD DISTRITAL DE RIO TAMBO;JUNIN;SATIPO;RIO TAMBO;3000;4173293.6;Transferencia;Indirecta;OBRA (SALDO);Concluido;;;;;;;;;
834;PE;12309;PNSU;6019;2018598;MEJORAMIENTO Y AMPLIACION DE LOS SISTEMAS DE AGUA POTABLE Y ALCANTARILLADO DE PICHANAKI Y SANGANI;GOBIERNO REGIONAL JUNIN;JUNIN;SATIPO;SATIPO;40796;23882597.62;Transferencia;Indirecta;OBRA;Concluido;;;;;;;;;
835;PE;12310;PNSU;38970;2052205;INSTALACION DEL SISTEMA DE AGUA POTABLE Y LETRINAS - PUEBLO LIBRE DE AZOPE, PROVINCIA DE SATIPO - JUNIN;MUNICIPALIDAD PROVINCIAL DE SATIPO;JUNIN;SATIPO;SATIPO;120;78132;Transferencia;Indirecta;OBRA;Concluido;;;;;;;;;
836;PE;12311;PNSU;19155;2023242;AGUA POTABLE PARA ANEXO CIUDAD NUEVA - SATIPO;MUNICIPALIDAD PROVINCIAL DE SATIPO;JUNIN;SATIPO;SATIPO;120;45251;Transferencia;Directa;OBRA;Concluido;;;;;;;;;
837;PE;12312;PNSU;23984;2038577;SISTEMA DE AGUA POTABLE Y LETRINAS EL MILAGRO BAJO MARANKIARI - SATIPO;MUNICIPALIDAD PROVINCIAL DE SATIPO;JUNIN;SATIPO;SATIPO;300;201004.36;Transferencia;Directa;OBRA;Concluido;;;;;;;;;
838;PE;12313;PNSU;39400;2052206;INSTALACION DEL SISTEMA DE AGUA POTABLE Y LETRINAS ,CC.PP. VISTA ALEGRE, PROVINCIA DE SATIPO - JUNIN;MUNICIPALIDAD PROVINCIAL DE SATIPO;JUNIN;SATIPO;SATIPO;200;106832.43;Transferencia;Directa;OBRA;Concluido;;;;;;;;;
839;PE;12314;PNSU;20941;2064808;MEJORAMIENTO DEL SISTEMA DE AGUA POTABLE- CC.PP. BARRIOS ALTOS, DISTRITO DE SATIPO, PROVINCIA DE SATIPO - JUNIN;MUNICIPALIDAD PROVINCIAL DE SATIPO;JUNIN;SATIPO;SATIPO;238;83957;Transferencia;Directa;OBRA;Concluido;;;;;;;;;
840;PE;12315;PNSU;42978;2052204;INSTALACION DEL SISTEMA DE AGUA POTABLE Y LETRINA - CC.NN. SAN PASCUAL-SATIPO, PROVINCIA DE SATIPO - JUNIN;MUNICIPALIDAD PROVINCIAL DE SATIPO;JUNIN;SATIPO;SATIPO;231;75980.67;Transferencia;Directa;OBRA;Concluido;;;;;;;;;
841;PE;12316;PNSU;53032;2054458;MEJORAMIENTO, AMPLIACION DEL SISTEMA DE AGUA POTABLE E INSTALACION DE LETRINAS EN EL CC.PP. SAN JOSE LA FLORIDA, PROVINCIA DE SATIPO - JUNIN;MUNICIPALIDAD PROVINCIAL DE SATIPO;JUNIN;SATIPO;SATIPO;255;196520;Transferencia;Directa;OBRA;Concluido;;;;;;;;;
842;PE;12317;PNSU;78703;2072004;INSTALACION DEL SISTEMA DE AGUA POTABLE Y LETRINAS, DE LA LOCALIDAD DE TIMPIÑARI, MARANKIARI-DISTRITO DE SATIPO, PROVINCIA DE SATIPO - JUNIN;MUNICIPALIDAD PROVINCIAL DE SATIPO;JUNIN;SATIPO;SATIPO;45;57787;Transferencia;Directa;OBRA;Concluido;;;;;;;;;
843;PE;12318;PNSU;3101;2017383;MEJORAMIENTO Y AMPLIACION DE LOS SISTEMAS DE AGUA POTABLE Y ALCANTARILLADO DE SATIPO;GOBIERNO REGIONAL JUNIN;JUNIN;SATIPO;SATIPO;22544;119328834.4;Transferencia;Indirecta;OBRA (SALDO);Contrato Resuelto;;;;;;;;;
844;PE;12319;PNSU;53123;2050342;MEJORAMIENTO DEL SISTEMA DE AGUA POTABLE E INSTALACION DEL SISTEMA DE ALCANTARILLADO DE LA LOCALIDAD DE PICOY, PROVINCIA DE TARMA - JUNIN;MUNICIPALIDAD DISTRITAL DE ACOBAMBA;JUNIN;TARMA;ACOBAMBA;579;1033873;Transferencia;Indirecta;OBRA;Concluido;;;;;;;;;
845;PE;12320;PNSU;36615;2058067;MEJORAMIENTO Y AMPLIACION DEL SISTEMA DE AGUA POTABLE Y ALCANTARILLADO DEL CERCADO DEL DISTRITO DE LA UNION LETICIA, PROVINCIA DE TARMA, REGION JUNIN;GOBIERNO REGIONAL JUNIN;JUNIN;TARMA;LA UNION;3171;3531673.16;Transferencia;Indirecta;OBRA;Concluido;;;;;;;;;
846;PE;12321;PNSU;160688;2143016;MEJORAMIENTO Y AMPLIACION DEL SISTEMA INTEGRAL AGUA POTABLE Y ALCANTARILLADO EN EL CERCADO DE PALCA, PROVINCIA DE TARMA - JUNIN;MUNICIPALIDAD DISTRITAL DE PALCA;JUNIN;TARMA;PALCA;3105;4737263.83;Transferencia;Indirecta;OBRA;Concluido;;;;;;;;;
847;PE;12322;PNSU;48832;2044045;INSTALACION DEL SISTEMA DE ALCANTARILLADO DEL BARRIO DE SACSAMARCA, PROVINCIA DE TARMA - JUNIN;EMPRESA DE SERVICIOS DE AGUA POTABLE Y ALCANTARILLADO SIERRA CENTRAL S.R.L.;JUNIN;TARMA;TARMA;1358;1099546;Transferencia;Indirecta;OBRA;Concluido;;;;;;;;;
848;PE;12323;PNSU;81636;2078788;AMPLIACION DE LA RED DE ALCANTARILLADO DEL BARRIO DE SAN BARTOLOME, PARTE ALTA DE LA LOCALIDAD DE TARMA TARMA, PROVINCIA DE TARMA - JUNIN;EMPRESA DE SERVICIOS DE AGUA POTABLE Y ALCANTARILLADO SIERRA CENTRAL S.R.L.;JUNIN;TARMA;TARMA;440;275379.75;Transferencia;Indirecta;OBRA;Concluido;;;;;;;;;
849;PE;12324;PNSU;15747;2030570;MEJORAMIENTO Y AMPLIACION DEL SISTEMA DE AGUA POTABLE Y ALCANTARILLADO DEL DISTRITO DE HUAYHUAY-YAULI-LA OROYA;GOBIERNO REGIONAL JUNIN;JUNIN;YAULI;HUAY-HUAY;1834;1652653.31;Transferencia;Indirecta;OBRA;Concluido;;;;;;;;;
850;PE;12325;PNSU;3066;2046317;MEJORAMIENTO Y AMPLIACION DEL SISTEMA DE AGUA POTABLE Y ALCANTARILLADO DE LA CIUDAD DE LA OROYA;REGION JUNIN-SEDE CENTRAL;JUNIN;YAULI;LA OROYA;27816;83848582.75;Transferencia;Indirecta;OBRA;Paralizada;;;;;;;;;
851;PE;12326;PNSU;12188;2018554;INSTALACION DEL SISTEMA DE ALCANTARILLADO DE LA LOCALIDAD DE SUITUCANCHA;GOBIERNO REGIONAL JUNIN;JUNIN;YAULI;SUITUCANCHA;1222;780390;Transferencia;Indirecta;OBRA;Concluido;;;;;;;;;
852;PE;12327;PNSU;57628;2065587;MEJORAMIENTO Y AMPLIACION DEL SISTEMA DE AGUA POTABLE Y ALCANTARILLADO DEL DISTRITO DE ASCOPE, PROVINCIA DE ASCOPE - LA LIBERTAD;MUNICIPALIDAD PROVINCIAL DE ASCOPE;LA LIBERTAD;ASCOPE;ASCOPE;8423;4753418;Transferencia;Indirecta;OBRA;Concluido;;;;;;;;;
853;PE;12328;PNSU;287902;2199270;MEJORAMIENTO DEL SERVICIO DE AGUA POTABLE EN LOS AA.HH. SANTA ROSA, LUIS ALBERTO SÁNCHEZ, CATÁN, VISTA ALEGRE Y VÍCTOR RAÚL HAYA DE LA TORRE DEL DISTRITO DE ASCOPE, PROVINCIA DE ASCOPE - LA LIBERTAD;MUNICIPALIDAD PROVINCIAL DE ASCOPE;LA LIBERTAD;ASCOPE;ASCOPE;2316;2322930;Transferencia;Indirecta;OBRA;Concluido;;;;;;;;;
854;PE;12329;PNSU;160537;2129272;REHABILITACION DEL SERVICIO DE AGUA POTABLE Y ALCANTARILLADO SANITARIO DE LA URB. TRES DE OCTUBRE, LOCALIDAD DE CASA GRANDE, DISTRITO DE CASA GRANDE - ASCOPE - LA LIBERTAD;MUNICIPALIDAD DISTRITAL DE CASA GRANDE;LA LIBERTAD;ASCOPE;CASA GRANDE;2082;60000;Transferencia;Indirecta;OBRA;Concluido;;;;;;;;;
855;PE;12330;PNSU;190842;2165095;MEJORAMIENTO DE LOS SISTEMAS DE AGUA POTABLE Y ALCANTARILLADO DE LA URBANIZACION 08 DE SEPTIEMBRE DE CASA GRANDE, DISTRITO DE CASA GRANDE - ASCOPE - LA LIBERTAD;MUNICIPALIDAD DISTRITAL DE CASA GRANDE;LA LIBERTAD;ASCOPE;CASA GRANDE;1171;60000;Transferencia;Indirecta;OBRA;Concluido;;;;;;;;;
856;PE;12331;PNSU;193130;2161781;INSTALACION DEL SISTEMA DE AGUA POTABLE URBANIZACION SANTA TERESITA, DISTRITO DE CASA GRANDE - ASCOPE - LA LIBERTAD;MUNICIPALIDAD DISTRITAL DE CASA GRANDE;LA LIBERTAD;ASCOPE;CASA GRANDE;2204;250000;Transferencia;Indirecta;OBRA;Concluido;;;;;;;;;
857;PE;12332;PNSU;265168;2181444;MEJORAMIENTO DE LA RED DE AGUA POTABLE Y ALCANTARILLADO DE LA URBANIZACION MARISCAL CASTILLA, DISTRITO DE CASA GRANDE - ASCOPE - LA LIBERTAD;MUNICIPALIDAD DISTRITAL DE CASA GRANDE;LA LIBERTAD;ASCOPE;CASA GRANDE;1374;120000;Transferencia;Indirecta;OBRA;Concluido;;;;;;;;;
858;PE;12333;PNSU;45296;2040826;MEJORAMIENTO DEL SISTEMA DE AGUA POTABLE Y ALCANTARILLADO DEL CENTRO POBLADO ROMA, DISTRITO DE CASA GRANDE - ASCOPE - LA LIBERTAD;MUNICIPALIDAD DISTRITAL DE CASA GRANDE;LA LIBERTAD;ASCOPE;CASA GRANDE;11308;1071148;Transferencia;Indirecta;OBRA;Concluido;;;;;;;;;
859;PE;12334;PNSU;34850;2029725;MEJORAMIENTO SISTEMA DE ALCANTARILLADO URBANIZACION LUIS CABALLERO - CASA GRANDE, DISTRITO DE CASA GRANDE - ASCOPE - LA LIBERTAD;MUNICIPALIDAD DISTRITAL DE CASA GRANDE;LA LIBERTAD;ASCOPE;CASA GRANDE;283;178204;Transferencia;Indirecta;OBRA;Concluido;;;;;;;;;
860;PE;12335;PNSU;36305;2040199;MEJORAMIENTO DE LOS SISTEMAS DE AGUA POTABLE Y ALCANTARILLADO DEL CENTRO POBLADO DE MOCAN, DISTRITO DE CASA GRANDE - ASCOPE - LA LIBERTAD;MUNICIPALIDAD DISTRITAL DE CASA GRANDE;LA LIBERTAD;ASCOPE;CASA GRANDE;1545;2279495;Transferencia;Indirecta;OBRA;Concluido;;;;;;;;;
861;PE;12336;PNSU;43955;2054348;MEJORAMIENTO Y REHABILITACION DEL SISTEMA DE AGUA POTABLE Y ALCANTARILLADO DE LA URB. MIGUEL GRAU - I, II Y III ETAPA EN LA LOCALIDAD DE CASA GRANDE, DISTRITO DE CASA GRANDE - ASCOPE - LA LIBERTAD;MUNICIPALIDAD DISTRITAL DE CASA GRANDE;LA LIBERTAD;ASCOPE;CASA GRANDE;3692;9208999.57;Transferencia;Indirecta;OBRA;Concluido;;;;;;;;;
862;PE;12337;PNSU;140368;2129393;REHABILITACION, AMPLIACION DEL SISTEMA DE AGUA POTABLE Y ALCANTARILLADO CENTRO POBLADO CHICAMA, DISTRITO DE CHICAMA - ASCOPE - LA LIBERTAD;MUNICIPALIDAD DISTRITAL DE CHICAMA;LA LIBERTAD;ASCOPE;CHICAMA;15964;12807993.64;Transferencia;Indirecta;OBRA;Concluido;;;;;;;;;
863;PE;12338;PNSU;39056;2050286;CONSTRUCCION DEL SISTEMA DE AGUA POTABLE Y ALCANTARILLADO DEL ANEXO MOCOLLOPE., DISTRITO DE CHOCOPE - ASCOPE - LA LIBERTAD;MUNICIPALIDAD DISTRITAL DE CHOCOPE;LA LIBERTAD;ASCOPE;CHOCOPE;435;16800;Transferencia;Indirecta;OBRA;Concluido;;;;;;;;;
864;PE;12339;PNSU;39059;2050287;CONSTRUCCION DEL SISTEMA DE AGUA POTABLE Y ALCANTARILLADO DEL ANEXO SINTUCO, DISTRITO DE CHOCOPE - ASCOPE - LA LIBERTAD;MUNICIPALIDAD DISTRITAL DE CHOCOPE;LA LIBERTAD;ASCOPE;CHOCOPE;1401;27200;Transferencia;Indirecta;OBRA;Concluido;;;;;;;;;
865;PE;12340;PNSU;39063;2050285;CONSTRUCCION DEL SISTEMA DE AGUA POTABLE Y ALCANTARILLADO DEL ANEXO LA CONSTANCIA, DISTRITO DE CHOCOPE - ASCOPE - LA LIBERTAD;MUNICIPALIDAD DISTRITAL DE CHOCOPE;LA LIBERTAD;ASCOPE;CHOCOPE;490;337773;Transferencia;Indirecta;OBRA;Concluido;;;;;;;;;
866;PE;12341;PNSU;39065;2050284;CONSTRUCCION DEL SISTEMA DE AGUA POTABLE Y ALCANTARILLADO DEL ANEXO FARIAS, DISTRITO DE CHOCOPE - ASCOPE - LA LIBERTAD;MUNICIPALIDAD DISTRITAL DE CHOCOPE;LA LIBERTAD;ASCOPE;CHOCOPE;669;15120;Transferencia;Indirecta;OBRA;Concluido;;;;;;;;;
867;PE;12342;PNSU;52481;2050456;CONSTRUCCION DEL SISTEMA INTEGRAL DE AGUA POTABLE Y ALCANTARILLADO DEL MOLINO CAJANLEQUE DE CHOCOPE - DISTRITO DE CHOCOPE - ASCOPE - LA LIBERTAD;MUNICIPALIDAD DISTRITAL DE CHOCOPE;LA LIBERTAD;ASCOPE;CHOCOPE;213;1846765;Transferencia;Indirecta;OBRA;Concluido;;;;;;;;;
868;PE;12343;PNSU;128384;2134241;MEJORAMIENTO DE LOS SISTEMAS DE AGUA POTABLE Y ALCANTARILLADO SANITARIO DE LA LOCALIDAD DE CHOCOPE - LA LIBERTAD;SEDALIB S. A.;LA LIBERTAD;ASCOPE;CHOCOPE;5317;12777029;Transferencia;Indirecta;OBRA;Concluido;;;;;;;;;
869;PE;12344;PNSU;50840;2088357;MEJORAMIENTO DE LOS SISTEMAS DE AGUA POTABLE Y ALCANTARILLADO SANITARIO DE LA LOCALIDAD DE PAIJAN – LA LIBERTAD;SEDALIB S. A.;LA LIBERTAD;ASCOPE;PAIJAN;18751;26177496.59;Transferencia;Indirecta;OBRA;Concluido;;;;;;;;;
870;PE;12345;PNSU;45644;2043140;CONSTRUCCION DE LOS SISTEMAS DE AGUA POTABLE Y SANEAMIENTO DEL CENTRO POBLADO LA GRAMA, DISTRITO DE PAIJAN - ASCOPE - LA LIBERTAD;MUNICIPALIDAD DISTRITAL DE PAIJAN;LA LIBERTAD;ASCOPE;PAIJAN;590;642742;Transferencia;Directa;OBRA;Concluido;;;;;;;;;
871;PE;12346;PNSU;29065;2037018;MEJORAMIENTO DE LOS SISTEMAS DE AGUA POTABLE Y SANEAMIENTO DEL CENTRO POBLADO CHUMPON,DISTRITO DE PAIJAN,PROVINCIA DE ASCOPE-LA LIBERTAD;MUNICIPALIDAD DISTRITAL DE PAIJAN;LA LIBERTAD;ASCOPE;PAIJAN;446;551194;Transferencia;Directa;OBRA;Concluido;;;;;;;;;
872;PE;12347;PNSU;29066;2038578;SISTEMA DE AGUA Y ALCANTARILLADO DEL CENTRO POBLADO DE MACABI BAJO;MUNICIPALIDAD DISTRITAL DE PAIJAN;LA LIBERTAD;ASCOPE;PAIJAN;1545;5470038.89;Transferencia;;OBRA (Expediente Saldo);En elaboración;;;;;;;;;
873;PE;12348;PNSU;9652;2038593;SISTEMA INTEGRAL DE AGUA POTABLE Y ALCANTARILLADO PARA PUERTO MALABRIGO;SEDALIB S. A.;LA LIBERTAD;ASCOPE;RAZURI;4351;5912500;Transferencia;Directa;OBRA;Concluido;;;;;;;;;
874;PE;12349;PNSU;172693;2140458;CION DEL SISTEMA DE AGUA POTABLE Y SANEAMIENTO DEL SECTOR RIO SECO - CARTAVIO, DISTRITO DE SANTIAGO DE CAO - ASCOPE - LA LIBERTAD;MUNICIPALIDAD DISTRITAL DE SANTIAGO DE CAO;LA LIBERTAD;ASCOPE;SANTIAGO DE CAO;351;675388.64;Transferencia;Indirecta;OBRA;Concluido;;;;;;;;;
875;PE;12350;PNSU;79211;2072208;MEJORAMIENTO Y AMPLIACION DEL SISTEMA DE AGUA POTABLE Y SANEAMIENTO DE SANTIAGO DE CAO, DISTRITO DE SANTIAGO DE CAO - ASCOPE - LA LIBERTAD;MUNICIPALIDAD DISTRITAL DE SANTIAGO DE CAO;LA LIBERTAD;ASCOPE;SANTIAGO DE CAO;2494;4171126.13;Transferencia;Indirecta;OBRA;Concluido;;;;;;;;;
876;PE;12351;PNSU;80131;2061367;MEJORAMIENTO Y AMPLIACION DEL SISTEMA DE AGUA POTABLE Y SANEAMIENTO DEL CASERIO SUMANIQUE , DISTRITO DE SANTIAGO DE CAO - ASCOPE - LA LIBERTAD;MUNICIPALIDAD DISTRITAL DE SANTIAGO DE CAO;LA LIBERTAD;ASCOPE;SANTIAGO DE CAO;980;1567582;Transferencia;Indirecta;OBRA;Concluido;;;;;;;;;
877;PE;12352;PNSU;53284;2065204;MEJORAMIENTO Y AMPLIACION DE LOS SISTEMAS DE AGUA POTABLE Y ALCANTARILLADO DE BAMBAMARCA, DISTRITO DE BAMBAMARCA - BOLIVAR - LA LIBERTAD;MUNICIPALIDAD DISTRITAL DE BAMBAMARCA;LA LIBERTAD;BOLIVAR;BAMBAMARCA;1125;8030160.2;Transferencia;Indirecta;OBRA (SALDO);Concluido;;;;;;;;;
878;PE;12353;PNSU;64702;2067163;AMPLIACION Y MEJORAMIENTO DE AGUA POTABLE Y ALCANTARILLADO SANITARIO DE BOLIVAR, PROVINCIA DE BOLIVAR - LA LIBERTAD;MUNICIPALIDAD PROVINCIAL DE BOLIVAR;LA LIBERTAD;BOLIVAR;BOLIVAR;2024;1996391;Transferencia;Directa;OBRA;Concluido;;;;;;;;;
879;PE;12354;PNSU;147942;2128672;MEJORAMIENTO Y CONSTRUCCION DEL SISTEMA DE AGUA POTABLE Y ALCANTARILLADO DE LAS LOCALIDADES DE BUENOS AIRES Y CONDORMARCA CONDORMARCA, DISTRITO DE CONDORMARCA - BOLIVAR - LA LIBERTAD;MUNICIPALIDAD DISTRITAL DE CONDORMARCA;LA LIBERTAD;BOLIVAR;CONDORMARCA;841;3100158.25;Transferencia;Indirecta;OBRA (SALDO);Concluido;;;;;;;;;
880;PE;12355;PNSU;113639;2095826;AMPLIACION Y MEJORAMIENTO DE AGUA POTABLE Y ALCANTARILLADO SANITARIO DEL CPM SAN VICENTE DE PAÚL (CHOROBAMBA, CAPILLAPAMPA Y EL JARDÍN DISTRITO DE LONGOTEA, PROVINCIA DE BOLIVAR - LA LIBERTAD;MUNICIPALIDAD DISTRITAL DE LONGOTEA;LA LIBERTAD;BOLIVAR;LONGOTEA;6306;44967678.68;Transferencia;;OBRA (Expediente Saldo);En elaboración;;;;;;;;;
881;PE;12356;PNSU;57404;2056434;AMPLIACION DEL SERVICIO DE AGUA Y ALCANTARILLADO DE LA URBANIZACION SAN JUAN - CHEPEN, PROVINCIA DE CHEPEN - LA LIBERTAD;MUNICIPALIDAD PROVINCIAL DE CHEPEN;LA LIBERTAD;CHEPEN;CHEPEN;4800;1906717;Transferencia;Indirecta;OBRA;Concluido;;;;;;;;;
882;PE;12357;PNSU;56727;2056339;INSTALACION DE RED COLECTORA Y CONEXIONES DOMICILIARIAS DEL CENTRO POBLADO TALAMBO, PROVINCIA DE CHEPEN - LA LIBERTAD;MUNICIPALIDAD PROVINCIAL DE CHEPEN;LA LIBERTAD;CHEPEN;CHEPEN;1416;1208310.16;Transferencia;Indirecta;OBRA;Concluido;;;;;;;;;
883;PE;12358;PNSU;2397194;2397194;MEJORAMIENTO Y AMPLIACIÓN DE LOS SERVICIOS DE AGUA POTABLE Y ALCANTARILLADO DEL DISTRITO DE CHEPEN, PROVINCIA DE CHEPEN, DEPARTAMENTO LA LIBERTAD. ;MUNICIPALIDAD PROVINCIAL DE CHEPEN;LA LIBERTAD;CHEPEN;CHEPEN;10464;86931103.53;Transferencia;Indirecta;EXPEDIENTE TECNICO (SALDO);En elaboración;;;;;;;;;
884;PE;12359;PNSU;58488;2065669;MEJORAMIENTO DEL SISTEMA DE AGUA POTABLE Y CONSTRUCCIÓN DEL SISTEMA DE ALCANTARILLADO EN EL AA. HH. SAN JUAN DE DIOS, DISTRITO DE PACANGA, PROVINCIA DE CHEPEN - LA LIBERTAD;MUNICIPALIDAD DISTRITAL DE PACANGA;LA LIBERTAD;CHEPEN;PACANGA;1701;2109520;Transferencia;Indirecta;OBRA;Concluido;;;;;;;;;
885;PE;12360;PNSU;56900;2056428;MEJORAMIENTO Y AMPLIACIÓN DEL SISTEMA DE AGUA POTABLE Y ALCANTARILLADO EN EL DISTRITO DE PACANGA, PROVINCIA DE CHEPEN - LA LIBERTAD;MUNICIPALIDAD DISTRITAL DE PACANGA;LA LIBERTAD;CHEPEN;PACANGA;11751;8699429;Transferencia;Indirecta;OBRA;Concluido;;;;;;;;;
886;PE;12361;PNSU;303461;2201881;MEJORAMIENTO REDES DE AGUA PARA CONSUMO HUMANO Y  SISTEMA DE ALCANTARILLADO SANITARIO CENTRO POBLADO PACANGUILLA -  DISTRITO DE PACANGA-   PROVINCIA  DE CHEPEN;SERVICIO DE AGUA POTABLE Y ALCANTARILLADO DE LA LIBERTAD S.A.;LA LIBERTAD;CHEPEN;PACANGA;11173;16419406.58;Transferencia;Indirecta;OBRA;Concluido;;;;;;;;;
887;PE;12362;PNSU;51970;2088503;MEJORAMIENTO Y AMPLIACION DEL SISTEMA DE AGUA POTABLE Y ALCANTARILLADO DE LA LOCALIDAD DE SANTA ROSA;MUNICIPALIDAD DISTRITAL DE PUEBLO NUEVO;LA LIBERTAD;CHEPEN;PUEBLO NUEVO;2907;5372964;Transferencia;Indirecta;OBRA;Concluido;;;;;;;;;
888;PE;12363;PNSU;215601;2163809;MEJORAMIENTO DEL SISTEMA DE AGUA POTABLE Y CREACION DEL SISTEMA DE ALCANTARILLADO DE LA ZONA PERIFERICA DEL AREA URBANA DE CASCAS, PROVINCIA DE GRAN CHIMU - LA LIBERTAD;MUNICIPALIDAD PROVINCIAL GRAN CHIMU - CASCAS;LA LIBERTAD;GRAN CHIMU;CASCAS;4620;15794613;Transferencia;Indirecta;OBRA;Convenio Resuelto;;;;;;;;;
889;PE;12364;PNSU;57616;2091005;MEJORAMIENTO Y AMPLIACION DE LOS SISTEMAS DE AGUA POTABLE Y ALCANTARILLADO DE LA LOCALIDAD DE CALAMARCA - JULCAN;MUNICIPALIDAD DISTRITAL DE CALAMARCA;LA LIBERTAD;JULCAN;CALAMARCA;776;2301251;Transferencia;Indirecta;OBRA;Concluido;;;;;;;;;
890;PE;12365;PNSU;89432;2075900;MEJORAMIENTO DE INSTALACIONES DE LOS SISTEMAS DE AGUA POTABLE Y ALCANTARILLADO DE LAS LOCALIDADES DE CHASKA Y PACHACHACA DEL DISTRITO DE CALAMARCA, PROVINCIA DE JULCAN - LA LIBERTAD;MUNICIPALIDAD DISTRITAL DE CALAMARCA;LA LIBERTAD;JULCAN;CALAMARCA;1000;1553598.18;Transferencia;Indirecta;OBRA;Concluido;;;;;;;;;
891;PE;12366;PNSU;57092;2087281;AMPLIACION Y MEJORAMIENTO DEL SISTEMA DE AGUA POTABLE Y ALCANTARILLADO DEL DISTRITO DE CARABAMBA;MUNICIPALIDAD DISTRITAL DE CARABAMBA;LA LIBERTAD;JULCAN;CARABAMBA;1258;2085850;Transferencia;Indirecta;OBRA;Concluido;;;;;;;;;
892;PE;12367;PNSU;83062;2073596;INSTALACION SISTEMA DE AGUA POTABLE Y LETRINIZACION PARA LAS COMUNIDADES DE SAN ISIDRO,TOPOGON, CUYQUIN Y VICTOR RAUL DISTRITO DE CARABAMBA, PROVINCIA DE JULCAN - LA LIBERTAD;MUNICIPALIDAD DISTRITAL DE CARABAMBA;LA LIBERTAD;JULCAN;CARABAMBA;1145;1590473;Transferencia;Indirecta;OBRA;Concluido;;;;;;;;;
893;PE;12368;PNSU;11149;2231903;MEJORAMIENTO DEL SISTEMA DE AGUA POTABLE E INSTALACION DEL ALCANTARILLADO DE LA LOCALIDAD DE JULCAN;GOBIERNO REGIONAL LA LIBERTAD;LA LIBERTAD;JULCAN;JULCAN;4635;1932882;Transferencia;Indirecta;OBRA;Concluido;;;;;;;;;
894;PE;12369;PNSU;156334;2128519;MEJORAMIENTO Y AMPLIACION DEL SISTEMA DE AGUA POTABLE Y ALCANTARILLADO DEL DISTRITO DE JULCAN II ETAPA, PROVINCIA DE JULCAN - LA LIBERTAD;MUNICIPALIDAD PROVINCIAL DE JULCAN;LA LIBERTAD;JULCAN;JULCAN;4925;4449606.99;Transferencia;Indirecta;OBRA;Concluido;;;;;;;;;
895;PE;12370;PNSU;73441;2070082;AMPLIACION Y MEJORAMIENTO DEL SISTEMA DE AGUA POTABLE Y ALCANTARILLADO DE LA LOCALIDAD DE HUARANCHAL, DISTRITO DE HUARANCHAL - OTUZCO - LA LIBERTAD;MUNICIPALIDAD DISTRITAL DE HUARANCHAL;LA LIBERTAD;OTUZCO;HUARANCHAL;2150;4746998.3;Transferencia;Indirecta;OBRA;Concluido;;;;;;;;;
896;PE;12371;PNSU;18122;2021584;MEJORAMIENTO DEL SISTEMA DE AGUA POTABLE DE LA CIUDAD DE OTUZCO (III Etapa);GOBIERNO REGIONAL LA LIBERTAD;LA LIBERTAD;OTUZCO;OTUZCO;10252;1999513;Transferencia;Directa;OBRA;Concluido;;;;;;;;;
897;PE;12372;PNSU;56113;2065416;MEJORAMIENTO Y AMPLIACIÓN DE LOS SISTEMAS DE AGUA Y ALCANTARILLADO DE LA LOCALIDAD DE SAN IGNACIO-DISTRITO DE SINSICAP, PROVINCIA DE OTUZCO - LA LIBERTAD;MUNICIPALIDAD DISTRITAL DE SINSICAP;LA LIBERTAD;OTUZCO;SINSICAP;2667;2157000.01;Transferencia;Indirecta;OBRA;Concluido;;;;;;;;;
898;PE;12373;PNSU;57346;2130832;MEJORAMIENTO DEL SISTEMA DE AGUA POTABLE E INSTALACION DEL SISTEMA DE ALCANTARILLADO EN LA LOCALIDAD DE SINSICAP;MUNICIPALIDAD DISTRITAL DE SINSICAP;LA LIBERTAD;OTUZCO;SINSICAP;1234;2086820;Transferencia;Indirecta;OBRA;Concluido;;;;;;;;;
899;PE;12374;PNSU;187703;2148931;MEJORAMIENTO Y AMPLIACION DEL SISTEMA DE AGUA Y ALCANTARILLADO DEL C.P.M DE LLAGUEN, DISTRITO DE SINSICAP - OTUZCO - LA LIBERTAD;MUNICIPALIDAD DISTRITAL DE SINSICAP;LA LIBERTAD;OTUZCO;SINSICAP;944;1532866.97;Transferencia;Indirecta;OBRA;Concluido;;;;;;;;;
900;PE;12375;PNSU;187706;2148932;MEJORAMIENTO Y AMPLIACION DEL SISTEMA DE AGUA Y ALCANTARILLADO DEL CASERIO DE PURRUPAMPA, DISTRITO DE SINSICAP - OTUZCO - LA LIBERTAD;MUNICIPALIDAD DISTRITAL DE SINSICAP;LA LIBERTAD;OTUZCO;SINSICAP;430;1258394;Transferencia;Indirecta;OBRA;Concluido;;;;;;;;;
901;PE;12376;PNSU;187714;2148933;INSTALACION DEL SISTEMA DE ALCANTARILLADO DEL BARRIO CARDON DEL C.P.M DE SAN IGNACIO, DISTRITO DE SINSICAP - OTUZCO - LA LIBERTAD;MUNICIPALIDAD DISTRITAL DE SINSICAP;LA LIBERTAD;OTUZCO;SINSICAP;175;179424.41;Transferencia;Indirecta;OBRA;Concluido;;;;;;;;;
902;PE;12377;PNSU;187719;2148934;INSTALACION DEL SISTEMA DE ALCANTARILLADO DE LOS BARRIOS SAN BRAULIO Y HUANCHACO DEL C.P.M DE SAN IGNACIO, DISTRITO DE SINSICAP - OTUZCO - LA LIBERTAD;MUNICIPALIDAD DISTRITAL DE SINSICAP;LA LIBERTAD;OTUZCO;SINSICAP;549;481751.96;Transferencia;Indirecta;OBRA;Concluido;;;;;;;;;
903;PE;12378;PNSU;138364;2128873;MEJORAMIENTO, INSTALACION DEL SISTEMA DE AGUA Y ALCANTARILLADO DEL CASERIO PARRAPOS, DISTRITO DE SINSICAP - OTUZCO - LA LIBERTAD;MUNICIPALIDAD DISTRITAL DE SINSICAP;LA LIBERTAD;OTUZCO;SINSICAP;1043;1145486.79;Transferencia;Directa;OBRA;Concluido;;;;;;;;;
904;PE;12379;PNSU;324377;2281926;MEJORAMIENTO DEL SISTEMA DE AGUA POTABLE Y ALCANTARILLADO DE LA CAPITAL DEL , DISTRITO DE USQUIL - OTUZCO - LA LIBERTAD;MUNICIPALIDAD DISTRITAL DE USQUIL;LA LIBERTAD;OTUZCO;USQUIL;3980;8928940.24;Transferencia;Indirecta;OBRA;Concluido;;;;;;;;;
905;PE;12380;PNSU;37336;2037325;MEJORAMIENTO DEL SERVICIO DE AGUA POTABLE Y ALCANTARILLADO DE LA LOCALIDAD DE GUADALUPE-PROVINCIA DE PACASMAYO-LA LIBERTAD;MUNICIPALIDAD DISTRITAL DE GUADALUPE;LA LIBERTAD;PACASMAYO;GUADALUPE;27311;37777069.96;Transferencia;Indirecta;OBRA;Concluido;;;;;;;;;
906;PE;12381;PNSU;66591;2067690;MEJORAMIENTO E INSTALACION DEL SISTEMA DE AGUA POTABLE Y ALCANTARILLADO DEL CENTRO POBLADO PAKATNAMU, DISTRITO DE GUADALUPE, PROVINCIA DE PACASMAYO - LA LIBERTAD;MUNICIPALIDAD DISTRITAL DE GUADALUPE;LA LIBERTAD;PACASMAYO;GUADALUPE;4435;6341672.29;Transferencia;Indirecta;OBRA;Concluido;;;;;;;;;
907;PE;12382;PNSU;114449;2128494;MEJORAMIENTO Y AMPLIACION DEL SISTEMA DE AGUA POTABLE E INSTALACION DEL SISTEMA  ALCANTARILLADO EN LAS LOCALIDADES DE MARISCAL CASTILLA, SAN ISIDRO, SAN RAMON Y JORGE CHAVEZ DISTRITO DE GUADALUPE, PROVINCIA DE PACASMAYO - LA LIBERTAD;MUNICIPALIDAD DISTRITAL DE GUADALUPE;LA LIBERTAD;PACASMAYO;GUADALUPE;4180;16568834.87;Transferencia;Indirecta;OBRA;Concluido;;;;;;;;;
908;PE;12383;PNSU;218355;2159241;MEJORAMIENTO Y AMPLIACIÓN DEL SISTEMA DE AGUA POTABLE Y ALCANTARILLADO DEL CENTRO POBLADO LIMONCARRO, DISTRITO DE GUADALUPE - PACASMAYO - LA LIBERTAD;MUNICIPALIDAD DISTRITAL DE GUADALUPE;LA LIBERTAD;PACASMAYO;GUADALUPE;4536;13789334.69;Transferencia;Indirecta;OBRA;Concluido;;;;;;;;;
909;PE;12384;PNSU;62018;2066330;MEJORAMIENTO E INSTALACIÓN DEL SISTEMA DE AGUA POTABLE Y ALCANTARILLADO DEL ASENTAMIENTO HUMANO HUASCAR, PROVINCIA DE PACASMAYO - LA LIBERTAD;MUNICIPALIDAD PROVINCIAL DE PACASMAYO;LA LIBERTAD;PACASMAYO;JEQUETEPEQUE;1061;4421990.61;Transferencia;Indirecta;OBRA;Concluido;;;;;;;;;
910;PE;12385;PNSU;4507;2018502;INSTALACION DE LOS SISTEMAS DE AGUA POTABLE Y ALCANTARILLADO SECTOR EL PORVENIR-PACASMAYO III ETAPA;GOBIERNO REGIONAL LA LIBERTAD;LA LIBERTAD;PACASMAYO;PACASMAYO;6600;1999475;Transferencia;Indirecta;OBRA;Concluido;;;;;;;;;
911;PE;12386;PNSU;103113;2104809;MEJORAMIENTO Y AMPLIACIÓN DE LOS SUBSISTEMAS DE ALMACENAMIENTO Y DISTRIBUCIÓN DE AGUA POTABLE Y DEL SISTEMA DE ALCANTARILLADO DE LA LOCALIDAD DE PACASMAYO, PROVINCIA DE PACASMAYO - LA LIBERTAD;MUNICIPALIDAD DISTRITAL PACASMAYO;LA LIBERTAD;PACASMAYO;PACASMAYO;27413;57046296.91;Transferencia;Indirecta;OBRA;Concluido;;;;;;;;;
912;PE;12387;PNSU;62325;2066434;AMPLIACION E INSTALACION DEL SISTEMA DE AGUA POTABLE Y ALCANTARILLADO DEL AA.HH. LA PALMERA, PROVINCIA DE PACASMAYO - LA LIBERTAD;MUNICIPALIDAD PROVINCIAL DE PACASMAYO;LA LIBERTAD;PACASMAYO;PACASMAYO;5255;4340849.88;Transferencia;Indirecta;OBRA;Concluido;;;;;;;;;
913;PE;12388;PNSU;91632;2084747;MEJORAMIENTO Y AMPLIACION DEL SISTEMA DE AGUA POTABLE DEL SECTOR EL PORVENIR, DISTRITO PACASMAYO, PROVINCIA DE PACASMAYO - LA LIBERTAD;MUNICIPALIDAD DISTRITAL PACASMAYO;LA LIBERTAD;PACASMAYO;PACASMAYO;6600;2451640;Transferencia;Indirecta;OBRA;Concluido;;;;;;;;;
914;PE;12389;PNSU;46664;2043057;CONSTRUCCION DE SISTEMAS DE AGUA POTABLE Y ALCANTARILLADO DEL AA.HH. LA VIÑA, DISTRITO DE SAN JOSE - PACASMAYO - LA LIBERTAD;MUNICIPALIDAD DISTRITAL DE SAN JOSE;LA LIBERTAD;PACASMAYO;SAN JOSE;750;1223121;Transferencia;Indirecta;OBRA;Concluido;;;;;;;;;
915;PE;12390;PNSU;149742;2118357;AMPLIACION Y MEJORAMIENTO DEL SISTEMA DE AGUA POTABLE E INSTALACION DEL SISTEMA DE ALCANTARILLADO DEL AA. HH. NUEVA ESPERANZA, DISTRITO DE SAN JOSE - PACASMAYO - LA LIBERTAD;MUNICIPALIDAD DISTRITAL DE SAN JOSE;LA LIBERTAD;PACASMAYO;SAN JOSE;228;1635000;Transferencia;Indirecta;OBRA;Concluido;;;;;;;;;
916;PE;12391;PNSU;359653;2322731;MEJORAMIENTO Y AMPLIACIÓN DEL SERVICIO DE AGUA POTABLE Y ALCANTARILLADO SANITARIO DEL C.P. DE SAN MARTIN DE PORRES, DISTRITO DE SAN JOSE - PACASMAYO - LA LIBERTAD;MUNICIPALIDAD DISTRITAL DE SAN JOSE;LA LIBERTAD;PACASMAYO;SAN JOSE;7132;34749573.6;Transferencia;Indirecta;OBRA;Concluido;;;;;;;;;
917;PE;12392;PNSU;37287;2037338;MEJORAMIENTO DEL SERVICIO DEL SISTEMA DE AGUA POTABLE Y ALCANTARILLADO DE LA LOCALIDAD DE SAN PEDRO DE LLOC, PROVINCIA DE PACASMAYO - LA LIBERTAD;MUNICIPALIDAD PROVINCIAL DE PACASMAYO;LA LIBERTAD;PACASMAYO;SAN PEDRO DE LLOC;19360;43525116.8;Transferencia;Indirecta;OBRA;Concluido;;;;;;;;;
918;PE;12393;PNSU;75132;2070689;MEJORAMIENTO E INSTALACION DEL SISTEMA DE AGUA POTABLE Y ALCANTARILLADO DEL ASENTAMIENTO HUMANO CRUCE EL MILAGRO, PROVINCIA DE PACASMAYO - LA LIBERTAD;MUNICIPALIDAD PROVINCIAL DE PACASMAYO;LA LIBERTAD;PACASMAYO;SAN PEDRO DE LLOC;3605;5601889.92;Transferencia;Indirecta;OBRA;Concluido;;;;;;;;;
919;PE;12394;PNSU;15742;2023378;MEJORAMIENTO Y AMPLIACION DEL SISTEMA DE AGUA POTABLE E INSTALACION DEL SISTEMA DE ALCANTARILLADO EN EL C.P.M. SAN MARTIN DE PORRES, DISTRITO DE SAN JOSE, PROVINCIA DE PACASMAYO-LA LIBERTAD;MUNICIPALIDAD DISTRITAL DE SAN JOSE;LA LIBERTAD;PACASMAYO ;SAN JOSE;4056;10358691.18;Transferencia;Indirecta;EXPEDIENTE TECNICO;Concluido;;;;;;;;;
920;PE;12395;PNSU;148935;2128590;MEJORAMIENTO  Y AMPLIACIÓN DE LAS REDES DE DISTRIBUCIÓN Y CONEXIONES DOMICILIARIAS DE LA LOCALIDAD DE TAYABAMBA,  DISTRITO TAYABAMBA, PROVINCIA DE PATAZ - LA LIBERTAD;MUNICIPALIDAD PROVINCIAL DE PATAZ;LA LIBERTAD;PATAZ;TAYABAMBA;6097;12270676.26;Transferencia;Indirecta;OBRA;Concluido;;;;;;;;;
921;PE;12396;PNSU;77987;2071759;CONSTRUCCION DEL SISTEMA DE AGUA POTABLE, LETRINIZACION, ALCANTARILLADO E INSTALACION DE PLANTA DE TRATAMIENTO DE AGUAS SERVIDAS DE LOS CASERIOS DE LA UNION, EL PROGRESO Y MUSHIT, DISTRITO DE CHUGAY - SANCHEZ CARRION - LA LIBERTAD;MUNICIPALIDAD DISTRITAL DE CHUGAY;LA LIBERTAD;SANCHEZ CARRION;CHUGAY;1300;2396270;Transferencia;Indirecta;OBRA;Concluido;;;;;;;;;
922;PE;12397;PNSU;61875;2057938;CONSTRUCCION, MEJORAMIENTO DEL SISTEMA DE AGUA POTABLE Y ALCANTARILLADO E INSTALACION DE PLANTA DE TRATAMIENTO DE AGUAS SERVIDAS DEL CASERIO DE SHALAR, DISTRITO DE CHUGAY - SANCHEZ CARRION - LA LIBERTAD;MUNICIPALIDAD DISTRITAL DE CHUGAY;LA LIBERTAD;SANCHEZ CARRION;CHUGAY;570;1023165;Transferencia;Indirecta;OBRA;Concluido;;;;;;;;;
923;PE;12398;PNSU;57833;2051377;CONSTRUCCION Y MEJORAMIENTO DEL SISTEMA DE RED DE AGUA POTABLE Y ALCANTARILLADO DE LA LOCALIDAD DE CHUGAY , DISTRITO DE CHUGAY - SANCHEZ CARRION - LA LIBERTAD;MUNICIPALIDAD DISTRITAL DE CHUGAY;LA LIBERTAD;SANCHEZ CARRION;CHUGAY;25000;17742120.77;Transferencia;Indirecta;OBRA (SALDO);Concluido;;;;;;;;;
924;PE;12399;PNSU;48958;2064910;MEJORAMIENTO Y AMPLIACION DEL SISTEMA DE AGUA POTABLE Y ALCANTARILLADO DE LA LOCALIDAD DE ARICAPAMPA, PROVINCIA DE SANCHEZ CARRION - LA LIBERTAD;MUNICIPALIDAD DISTRITAL DE COCHORCO;LA LIBERTAD;SANCHEZ CARRION;COCHORCO;1110;1676295;Transferencia;Indirecta;EXPEDIENTE TECNICO;Concluido;;;;;;;;;
925;PE;12400;PNSU;52778;2065166;AMPLIACION Y MEJORAMIENTO DE SISTEMA DE AGUA POTABLE Y SANEAMIENTO EN LAS LOCALIDADES DE CUYPAMPA, CERRO NEGRO, COLLASGON, CORRAL COLORADO, QUEROBAL Y HUAYLLAGUAL - DISTRITO DE CURGOS, PROVINCIA DE SANCHEZ CARRION - LA LIBERTAD;MUNICIPALIDAD DISTRITAL DE CURGOS;LA LIBERTAD;SANCHEZ CARRION;CURGOS;6841;1999277;Transferencia;Indirecta;EXPEDIENTE TECNICO;Concluido;;;;;;;;;
926;PE;12401;PNSU;319751;2271464;MEJORAMIENTO, AMPLIACION DEL SERVICIO DE AGUA POTABLE, ALCANTARILLADO Y TRATAMIENTO DE AGUAS RESIDUALES DE LA LOCALIDAD DE CURGOS, DISTRITO DE CURGOS - SANCHEZ CARRION - LA LIBERTAD;MUNICIPALIDAD DISTRITAL DE CURGOS;LA LIBERTAD;SANCHEZ CARRION;CURGOS;3029;8713768.26;Transferencia;Indirecta;OBRA;Concluido;;;;;;;;;
927;PE;12402;PNSU;67323;2084708;MEJORAMIENTO Y AMPLIACION DE SISTEMA DE AGUA POTABLE Y ALCANTARILLADO DE LA CIUDAD DE HUAMACHUCO - DISTRITO DE HUAMACHUCO, PROVINCIA DE SANCHEZ CARRION - LA LIBERTAD;MUNICIPALIDAD PROVINCIAL DE SANCHEZ CARRION - HUAMACHUCO;LA LIBERTAD;SANCHEZ CARRION;HUAMACHUCO;50802;113624037.2;Transferencia;Indirecta;OBRA;Concluido;;;;;;;;;
928;PE;12403;PNSU;49797;2064934;MEJORAMIENTO INTEGRAL DEL SANEAMIENTO DE LAS LOCALIDADES EL DESVIO – TRANCAPAMPA – COMADAY Y MARCABALITO MARCABAL, PROVINCIA DE SANCHEZ CARRION - LA LIBERTAD;MUNICIPALIDAD DISTRITAL DE MARCABAL;LA LIBERTAD;SANCHEZ CARRION;MARCABAL;1490;3840712;Transferencia;Indirecta;OBRA;Concluido;;;;;;;;;
929;PE;12404;PNSU;116532;2104771;MEJORAMIENTO Y AMPLIACION DEL SISTEMA DE AGUA POTABLE Y SANEAMIENTO DE LAS LOCALIDADES DE LOCABAMBA, TAYANGA, CHUNGAL MAJADA, AGOCAS, CHAQUILLBAMBA Y SAN FERNANDO - DISTRITO DE MARCABAL, PROVINCIA DE SANCHEZ CARRION - LA LIBERTAD;MUNICIPALIDAD DISTRITAL DE MARCABAL;LA LIBERTAD;SANCHEZ CARRION;MARCABAL;2060;5097573;Transferencia;Indirecta;OBRA;Concluido;;;;;;;;;
930;PE;12405;PNSU;67289;2067911;CONSTRUCCION DE SISTEMA DE AGUA POTABLE Y LETRINAS DE LAS LOCALIDADES DE SHUYUCC Y LIC LIC - DISTRITO DE SARIN, PROVINCIA DE SANCHEZ CARRION - LA LIBERTAD;MUNICIPALIDAD DISTRITAL DE SARIN;LA LIBERTAD;SANCHEZ CARRION;SARIN;630;1411641;Transferencia;Indirecta;OBRA;Concluido;;;;;;;;;
931;PE;12406;PNSU;52929;2065180;MEJORAMIENTO TERMINACION Y AMPLIACION DE LOS SISTEMAS DE AGUA POTABLE Y ALCANTARILLADO EN EL DISTRITO DE SARIN, PROVINCIA DE SANCHEZ CARRION - LA LIBERTAD;MUNICIPALIDAD DISTRITAL DE SARIN;LA LIBERTAD;SANCHEZ CARRION;SARIN;4750;1963467;Transferencia;Indirecta;OBRA;Concluido;;;;;;;;;
932;PE;12407;PNSU;67314;2067919;CONSTRUCCION DE SISTEMA DE AGUA POTABLE Y LETRINAS EN LAS LOCALIDADES DE SHIRACORRAL Y TININ - DISTRITO DE SARIN, PROVINCIA DE SANCHEZ CARRION - LA LIBERTAD;MUNICIPALIDAD DISTRITAL DE SARIN;LA LIBERTAD;SANCHEZ CARRION;SARIN;545;1374558.25;Transferencia;Indirecta;OBRA;Concluido;;;;;;;;;
933;PE;12408;PNSU;52488;2065151;MEJORAMIENTO Y AMPLIACION DEL SISTEMA DE AGUA POTABLE Y ALCANTARILLADO E INSTALACION DE PLANTA DE TRATAMIENTO DE AGUAS SERVIDAS - DISTRITO DE SARTIMBAMBA, PROVINCIA DE SANCHEZ CARRION - LA LIBERTAD;MUNICIPALIDAD DISTRITAL DE SARTIMBAMBA;LA LIBERTAD;SANCHEZ CARRION;SARTIMBAMBA;1578;1528430;Transferencia;Indirecta;OBRA;Concluido;;;;;;;;;
934;PE;12409;PNSU;104792;2095203;MEJORAMIENTO Y AMPLIACION DEL SISTEMA DE AGUA POTABLE Y ALCANTARILLADO DEL CASCO URBANO, DISTRITO DE ANGASMARCA - SANTIAGO DE CHUCO - LA LIBERTAD;MUNICIPALIDAD DISTRITAL DE ANGASMARCA;LA LIBERTAD;SANTIAGO DE CHUCO;ANGASMARCA;2250;5209388.04;Transferencia;Indirecta;OBRA;Concluido;;;;;;;;;
935;PE;12410;PNSU;56395;2054459;MEJORAMIENTO, AMPLIACION DEL SISTEMA DE AGUA POTABLE Y ALCANTARILLADO DE LA CIUDAD DE CACHICADAN, PROVINCIA DE SANTIAGO DE CHUCO - LA LIBERTAD;MUNICIPALIDAD DISTRITAL DE CACHICADAN;LA LIBERTAD;SANTIAGO DE CHUCO;CACHICADAN;3606;1977733;Transferencia;Indirecta;EXPEDIENTE TECNICO;Concluido;;;;;;;;;
936;PE;12411;PNSU;179384;2140658;MEJORAMIENTO, AMPLIACION DEL SISTEMA DE AGUA POTABLE Y ALCANTARILLADO DEL DISTRITO DE CACHICADAN, PROVINCIA DE SANTIAGO DE CHUCO - LA LIBERTAD;MUNICIPALIDAD DISTRITAL DE CACHICADAN;LA LIBERTAD;SANTIAGO DE CHUCO;CACHICADAN;2516;12919442.83;Transferencia;Indirecta;OBRA (SALDO);Concluido;;;;;;;;;
937;PE;12412;PNSU;123105;2100630;CONSTRUCCION Y MEJORAMIENTO DEL SISTEMA DE AGUA POTABLE Y ALCANTARILLADO DE LA LOCALIDAD DE SANTA CRUZ DE CHUCA-SANTIAGO DE CHUCO, PROVINCIA DE JULCAN - LA LIBERTAD;MUNICIPALIDAD DISTRITAL DE SANTA CRUZ DE CHUCA ;LA LIBERTAD;SANTIAGO DE CHUCO;SANTA CRUZ DE CHUCA;1000;2373565.67;Transferencia;Indirecta;OBRA;Concluido;;;;;;;;;
938;PE;12413;PNSU;123125;2096745;CONSTRUCCION DE CONEXIONES DOMICILIARIAS DE AGUA POTABLE Y SISTEMA DE ALCANTARILLADO DE VILLACRUZ DE ALGALLAMA, DISTRITO SANTA CRUZ DE CHUCA, PROVINCIA DE SANTIAGO DE CHUCO - LA LIBERTAD;MUNICIPALIDAD DISTRITAL DE SANTA CRUZ DE CHUCA ;LA LIBERTAD;SANTIAGO DE CHUCO;SANTA CRUZ DE CHUCA;500;1117358.25;Transferencia;Indirecta;OBRA;Concluido;;;;;;;;;
939;PE;12414;PNSU;20077;2025708;MEJORAMIENTO Y AMPLIACION DEL SISTEMA DE AGUA POTABLE Y ALCANTARILLADO DE LA CIUDAD DE SANTIAGO DE CHUCO  III- ETAPA;MUNICIPALIDAD PROVINCIAL DE SANTIAGO DE CHUCO;LA LIBERTAD;SANTIAGO DE CHUCO;SANTIAGO DE CHUCO;7883;6462115.28;Transferencia;Indirecta;OBRA;Concluido;;;;;;;;;
940;PE;12415;PNSU;18946;2038695;AMPLIACION DE REDES DE AGUA POTABLE II ETAPA ALTO TRUJILLO (Componente Agua Potable);SEDALIB S. A.;LA LIBERTAD;TRUJILLO;EL PORVENIR;43261;92739940;Transferencia;Directa;OBRA;Concluido;;;;;;;;;
941;PE;12416;PNSU;283565;2190968;MEJORAMIENTO DEL SERVICIO DE AGUA POTABLE Y ALCANTARILLADO SANITARIO EN LAS CALLES DEL SECTOR LA MERCED BARRIO 01, SECTOR MAMPUESTO BARRIO 01 Y DEL SECTOR MAMPUESTO BARRIO 02, DISTRITO DE EL PORVENIR - TRUJILLO - LA LIBERTAD;MUNICIPALIDAD DISTRITAL DE EL PORVENIR;LA LIBERTAD;TRUJILLO;EL PORVENIR;6715;9787475.59;Transferencia;Indirecta;OBRA;Concluido;;;;;;;;;
942;PE;12417;PNSU;243416;2224607;MEJORAMIENTO DEL SERVICIO DE AGUA POTABLE Y ALCANTARILLADO DE LA CALLE RIVA AGUERO, TRAMO CA. JOSE CRESPO-CA. A. VERGARA, DISTRITO DE EL PORVENIR - TRUJILLO - LA LIBERTAD;MUNICIPALIDAD DISTRITAL DE EL PORVENIR;LA LIBERTAD;TRUJILLO;EL PORVENIR;147;1335347.92;Transferencia;Indirecta;OBRA;Concluido;;;;;;;;;
943;PE;12418;PNSU;365159;2328824;MEJORAMIENTO DEL SERVICIO DE AGUA POTABLE Y ALCANTARILLADO SANITARIO DE LOS BARRIOS 01, 02, 03, 06, 08, 09 Y 12, DISTRITO DE FLORENCIA DE MORA - TRUJILLO - LA LIBERTAD;MUNICIPALIDAD DISTRITAL DE FLORENCIA DE MORA;LA LIBERTAD;TRUJILLO;FLORENCIA DE MORA;10686;120903039.4;Transferencia;Indirecta;OBRA (Expediente Saldo);Cerrado;;;;;;;;;
944;PE;12419;PNSU;10014;2055279;ABASTECIMIENTO DE AGUA POTABLE Y ALCANTARILLADO SANITARIO AAHH. VILLA HERMOSA-VILLA HUANCHACO;SEDALIB S. A.;LA LIBERTAD;TRUJILLO;HUANCHACO;2930;3984412;Transferencia;Indirecta;OBRA;Concluido;;;;;;;;;
945;PE;12420;PNSU;14374;2045124;MEJORAMIENTO Y AMPLIACION DE LOS SISTEMAS DE AGUA POTABLE E INSTALACION DEL SISTEMA DE ALCANTARILLADO SANITARIO PARA LOS CENTROS POBLADOS DE HUANCHAQUITO Y EL TROPICO;MUNICIPALIDAD DISTRITAL DE HUANCHACO;LA LIBERTAD;TRUJILLO;HUANCHACO;6374;14444536.38;Transferencia;Indirecta;OBRA;Concluido;;;;;;;;;
946;PE;12421;PNSU;46517;2056443;MEJORAMIENTO DE LOS SISTEMAS DE AGUA POTABLE Y ALCANTARILLADO DEL CENTRO POBLADO MENOR EL MILAGRO;SEDALIB S. A.;LA LIBERTAD;TRUJILLO;HUANCHACO;20766;22358927;Transferencia;Indirecta;OBRA;Concluido;;;;;;;;;
947;PE;12422;PNSU;162428;2200724;AMPLIACION REDES DE AGUA POTABLE Y ALCANTARILLADO SANITARIO DE LOS GIRASOLES-EL MILAGRO SECTOR III-HUANCHACO-TRUJILLO;SERVICIO DE AGUA POTABLE Y ALCANTARILLADO DE LA LIBERTAD S.A.;LA LIBERTAD;TRUJILLO;HUANCHACO;1224;1302936.15;Transferencia;Indirecta;OBRA;Concluido;;;;;;;;;
948;PE;12423;PNSU;129503;2106360;MEJORAMIENTO REDES PRIMARIAS DE ALCANTARILLADO Y CONSTRUCCION DE CAMARA DE BOMBEO AGUAS SERVIDAS - HUANCHACO;MUNICIPALIDAD DISTRITAL DE HUANCHACO;LA LIBERTAD;TRUJILLO;HUANCHACO;23613;6625667.84;Transferencia;Indirecta;OBRA;Concluido;;;;;;;;;
949;PE;12424;PNSU;284113;2201393;MEJORAMIENTO, AMPLIACION DEL SISTEMA DE AGUA POTABLE Y ALCANTARILLADO DEL C.P. CERRITO LA VIRGEN , DISTRITO DE HUANCHACO - TRUJILLO - LA LIBERTAD;MUNICIPALIDAD DISTRITAL DE HUANCHACO;LA LIBERTAD;TRUJILLO;HUANCHACO;861;2248822.45;Transferencia;Indirecta;OBRA;Concluido;;;;;;;;;
950;PE;12425;PNSU;298307;2198413;MEJORAMIENTO Y AMPLIACION DEL SISTEMA DE AGUA POTABLE Y ALCANTARILLADO SANITARIO DE LOS CENTROS POBLADOS DE HUANCHAQUITO, EL TROPICO Y LAS LOMAS, DISTRITO DE HUANCHACO - TRUJILLO - LA LIBERTAD;MUNICIPALIDAD DISTRITAL DE HUANCHACO;LA LIBERTAD;TRUJILLO;HUANCHACO;7663;18205206.7;Transferencia;Indirecta;OBRA (SALDO);Concluido;;;;;;;;;
951;PE;12426;PNSU;303824;2200271;MEJORAMIENTO DEL SERVICIO DE AGUA POTABLE Y ALCANTARILLADO SANITARIO EN EL AA.HH. NUEVO PARAISO, DISTRITO DE HUANCHACO - TRUJILLO - LA LIBERTAD;MUNICIPALIDAD DISTRITAL DE HUANCHACO;LA LIBERTAD;TRUJILLO;HUANCHACO;1649;3101833.28;Transferencia;Indirecta;OBRA;Concluido;;;;;;;;;
952;PE;12427;PNSU;36535;2036179;INSTALACION DE RED DE AGUA Y ALCANTARILLADO EN EL AA.HH. MARIA ELENA MOYANO, DISTRITO DE LA ESPERANZA - TRUJILLO - LA LIBERTAD;MUNICIPALIDAD DISTRITAL DE LA ESPERANZA;LA LIBERTAD;TRUJILLO;LA ESPERANZA;882;756378;Transferencia;Indirecta;OBRA;Concluido;;;;;;;;;
953;PE;12428;PNSU;19489;2030736;AMPLIACION DEL SISTEMA DE AGUA POTABLE E INSTALACION DEL ALCANTARILLADO SANITARIO PARA EL AAHH LAS PALMERAS;SEDALIB S. A.;LA LIBERTAD;TRUJILLO;LA ESPERANZA;3835;2465807;Transferencia;Indirecta;OBRA;Concluido;;;;;;;;;
954;PE;12429;PNSU;145840;2116414;INSTALACION DEL SISTEMA DE AGUA Y ALCANTARILLADO DEL AA.HH. NUEVO INDOAMERICA, DISTRITO DE LA ESPERANZA - TRUJILLO - LA LIBERTAD;MUNICIPALIDAD DISTRITAL DE LA ESPERANZA;LA LIBERTAD;TRUJILLO;LA ESPERANZA;1738;1987438.18;Transferencia;Indirecta;OBRA;Concluido;;;;;;;;;
955;PE;12430;PNSU;177871;2144141;AMPLIACION DEL SISTEMA DE AGUA POTABLE Y ALCANTARILLADO EN LAS MZS. N, Ñ, O, P DEL SECTOR II DEL AA.HH. NUEVO JERUSALEN, DISTRITO DE LA ESPERANZA - TRUJILLO - LA LIBERTAD;MUNICIPALIDAD DISTRITAL DE LA ESPERANZA;LA LIBERTAD;TRUJILLO;LA ESPERANZA;1223;502060.5;Transferencia;Indirecta;OBRA;Concluido;;;;;;;;;
956;PE;12431;PNSU;37025;2059636;INSTALACION DEL SISTEMA DE AGUA POTABLE Y ALCANTARILLADO SANITARIO PARA LOS SECTORES I Y II DEL AA.HH. NUEVO JERUSALEN, DISTRITO DE LA ESPERANZA - TRUJILLO - LA LIBERTAD;MUNICIPALIDAD DISTRITAL DE LA ESPERANZA;LA LIBERTAD;TRUJILLO;LA ESPERANZA;3041;3323159.6;Transferencia;Directa;OBRA;Concluido;;;;;;;;;
957;PE;12432;PNSU;111161;2156117;INSTALACION DEL SISTEMA DE AGUA POTABLE Y ALCANTARILLADO SANITARIO EN SECTORES VIRGEN DEL SOCORRO, VICTOR RAUL, SOL NACIENTE Y ALEDAÑOS - DISTRITOS LA ESPERANZA Y HUANCHACO - TRUJILLO - LA LIBERTAD;MUNICIPALIDAD DISTRITAL DE LA ESPERANZA;LA LIBERTAD;TRUJILLO;LA ESPERANZA;37628;68927181.99;Transferencia;Indirecta;OBRA;Concluido;;;;;;;;;
958;PE;12433;PNSU;46269;2047397;MEJORAMIENTO Y AMPLIACION DEL SISTEMA DE AGUA POTABLE Y SANEAMIENTO EN LA LOCALIDAD DE LAREDO, DISTRITO DE LAREDO, PROVINCIA DE TRUJILLO - LA LIBERTAD;MUNICIPALIDAD DISTRITAL DE LAREDO;LA LIBERTAD;TRUJILLO;LAREDO;42575;38553306.47;Transferencia;Indirecta;OBRA (SALDO);Concluido;;;;;;;;;
959;PE;12434;PNSU;45405;2052192;INSTALACION DEL SISTEMA DE AGUA POTABLE Y ALCANTARILLADO DEL CENTRO POBLADO CURVA DE SUN DEL DISTRITO DE MOCHE, PROVINCIA DE TRUJILLO - LA LIBERTAD;MUNICIPALIDAD PROVINCIAL DE TRUJILLO;LA LIBERTAD;TRUJILLO;MOCHE;6423;2825235;Transferencia;Indirecta;OBRA;Concluido;;;;;;;;;
960;PE;12435;PNSU;53481;2057472;INSTALACION DEL SISTEMA DE ALCANTARILLADO DEL SECTOR ALTO SALAVERRY, DISTRITO DE MOCHE - TRUJILLO - LA LIBERTAD;MUNICIPALIDAD DISTRITAL DE MOCHE;LA LIBERTAD;TRUJILLO;MOCHE;9835;8981427.33;Transferencia;Indirecta;OBRA;Concluido;;;;;;;;;
961;PE;12436;PNSU;53769;2058181;INSTALACION DEL SISTEMA ALCANTARILLADO DE LOS CENTROS POBLADOS SANTA ROSA Y NUEVO SANTA ROSA, DISTRITO DE MOCHE - TRUJILLO - LA LIBERTAD;MUNICIPALIDAD DISTRITAL DE MOCHE;LA LIBERTAD;TRUJILLO;MOCHE;1974;1747738.68;Transferencia;Indirecta;OBRA;Concluido;;;;;;;;;
962;PE;12437;PNSU;234107;2165839;MEJORAMIENTO DE LOS SERVICIOS DE AGUA POTABLE Y ALCANTARILLADO SANITARIO DEL CENTRO POBLADO MIRAMAR, DISTRITO DE MOCHE - TRUJILLO - LA LIBERTAD;MUNICIPALIDAD DISTRITAL DE MOCHE;LA LIBERTAD;TRUJILLO;MOCHE;8890;13018003.17;Transferencia;Indirecta;OBRA;Concluido;;;;;;;;;
963;PE;12438;PNSU;84795;2074310;MEJORAMIENTO DEL SERVICIO DE AGUA POTABLE Y ALCANTARILLADO DE POROTO, DISTRITO DE POROTO - TRUJILLO - LA LIBERTAD;MUNICIPALIDAD DISTRITAL DE POROTO;LA LIBERTAD;TRUJILLO;POROTO;1122;2310000;Transferencia;Indirecta;OBRA;Concluido;;;;;;;;;
964;PE;12439;PNSU;69298;2068615;AMPLIACION REDES DE AGUA POTABLE Y ALCANTARILLADO SANITARIO DE LOS AA.HH. MIGUEL GRAU Y ALBERTO FUJIMORI FUJIMORI, DISTRITO DE SALAVERRY - TRUJILLO - LA LIBERTAD;MUNICIPALIDAD DISTRITAL DE SALAVERRY;LA LIBERTAD;TRUJILLO;SALAVERRY;1815;1736460;Transferencia;Indirecta;OBRA;Concluido;;;;;;;;;
965;PE;12440;PNSU;177537;2142256;MEJORAMIENTO DEL SERVICIO DE AGUA POTABLE Y ALCANTARILLADO DEL, DISTRITO DE SIMBAL - TRUJILLO - LA LIBERTAD;MUNICIPALIDAD DISTRITAL DE SIMBAL;LA LIBERTAD;TRUJILLO;SIMBAL;6399;3476457.68;Transferencia;Indirecta;OBRA;Concluido;;;;;;;;;
966;PE;12441;PNSU;28632;2030738;CAMBIO DE FUENTE DE ABASTECIMIENTO DE LA ZONA SUR OESTE TRUJILLO, MOCHE Y SALAVERRY;SEDALIB S. A.;LA LIBERTAD;TRUJILLO;TRUJILLO;149822;35332632;Transferencia;Indirecta;OBRA;Concluido;;;;;;;;;
967;PE;12442;PNSU;34814;2030737;HABILITACION DE POZO PARQUE ETERNO;SEDALIB S. A.;LA LIBERTAD;TRUJILLO;TRUJILLO;4500;363672;Transferencia;Indirecta;OBRA;Concluido;;;;;;;;;
968;PE;12443;PNSU;10797;2038696;RENOVACION DE COLECTORES ZONAS POPULARES DE TRUJILLO;SEDALIB S. A.;LA LIBERTAD;TRUJILLO;TRUJILLO;11942;5972862;Transferencia;Indirecta;OBRA;Concluido;;;;;;;;;
969;PE;12444;PNSU;109572;2088571;AMPLIACION REDES AGUA POTABLE Y ALCANTARILLADO SANITARIO NATASHA ALTA-COVICORTI-TRUJILLO;SEDALIB S. A.;LA LIBERTAD;TRUJILLO;TRUJILLO;3009;3473406;Transferencia;Indirecta;OBRA;Concluido;;;;;;;;;
970;PE;12445;PNSU;28205;2029513;REEMPLAZO DE FUENTE Y MEJORAMIENTO DEL SISTEMA DE ABASTECIMIENTO DE AGUA POTABLE DE LOS RESERVORIOS LOS CEDROS Y SAN ISIDRO;SEDALIB S. A.;LA LIBERTAD;TRUJILLO;TRUJILLO;26884;1063966;Transferencia;Directa;OBRA;Concluido;;;;;;;;;
971;PE;12446;PNSU;34013;2030735;MEJORAMIENTO ALCANTARILLADO SANITARIO EMISOR EL BOSQUE – SANTO DOMINGUITO;SEDALIB S. A.;LA LIBERTAD;TRUJILLO;TRUJILLO;36023;1057703;Transferencia;Directa;OBRA;Concluido;;;;;;;;;
972;PE;12447;PNSU;45895;2041811;MEJORAMIENTO DE REDES ALCANTARILLADO SANITARIO DE LAS CALLES DE LA URB. EL ALAMBRE - TRUJILLO;SEDALIB S. A.;LA LIBERTAD;TRUJILLO;TRUJILLO;1690;747558;Transferencia;Directa;OBRA;Concluido;;;;;;;;;
973;PE;12448;PNSU;121687;2105937;MEJORAMIENTO REDES ALCANTARILLADO SANITARIO URBANIZACION LIBERTAD -TRUJILLO;SEDALIB S. A.;LA LIBERTAD;TRUJILLO;TRUJILLO;1884;1703090;Transferencia;Directa;OBRA;Concluido;;;;;;;;;
974;PE;12449;PNSU;98939;2103470;MEJORAMIENTO DE REDES ALCANTARILLADO SANITARIO URB. FATIMA, CALIFORNIA, SANTA ISABEL Y SANTA EDELMIRA, DISTRITO DE VICTOR LARCO HERRERA - TRUJILLO - LA LIBERTAD;MUNICIPALIDAD DISTRITAL DE VICTOR LARCO HERRERA;LA LIBERTAD;TRUJILLO;VICTOR LARCO HERRERA;6036;4016831.42;Transferencia;Indirecta;OBRA;Concluido;;;;;;;;;
975;PE;12450;PNSU;170052;2156743;AMPLIACION Y MEJORAMIENTO REDES DE AGUA POTABLE Y ALCANTARILLADO DE LA HABILTACION URBANA LOS ROSALES DE SAN LUIS -VICTOR LARCO-TRUJILLO;MUNICIPALIDAD DISTRITAL DE VICTOR LARCO HERRERA;LA LIBERTAD;TRUJILLO;VICTOR LARCO HERRERA;1602;934778.35;Transferencia;Indirecta;OBRA;Concluido;;;;;;;;;
976;PE;12451;PNSU;28453;2030598;MEJORAMIENTO DE REDES DE ALCANTARILLADO DEL SECTOR EL GOLF;SEDALIB S. A.;LA LIBERTAD;TRUJILLO;VICTOR LARCO HERRERA;12700;1693629;Transferencia;Directa;OBRA;Concluido;;;;;;;;;
977;PE;12452;PNSU;5949;2017726;INSTALACION DEL SISTEMA DE AGUA POTABLE Y ALCANTARILLADO DEL CENTRO POBLADO BUENA VISTA;GOBIERNO REGIONAL LA LIBERTAD;LA LIBERTAD;VIRU;CHAO;0;2953499.05;Transferencia;Indirecta;OBRA;Concluido;;;;;;;;;
978;PE;12453;PNSU;50360;2064967;AMPLIACION DE REDES DE AGUA POTABLE, ALCANTARILLADO SANITARIO Y TRATAMIENTO DE AGUAS RESIDUALES CHAO, DISTRITO DE CHAO - VIRU - LA LIBERTAD - SEGUNDA ETAPA;MUNICIPALIDAD DISTRITAL DE CHAO;LA LIBERTAD;VIRU;CHAO;41985;25114160;Transferencia;Indirecta;OBRA;Concluido;;;;;;;;;
979;PE;12454;PNSU;309101;2248759;INSTALACION DEL SISTEMA DE AGUA POTABLE Y ALCANTARILLADO DEL ASENTAMIENTO HUMANO NUEVO CHAO 2, DISTRITO DE CHAO - VIRU - LA LIBERTAD;MUNICIPALIDAD DISTRITAL DE CHAO;LA LIBERTAD;VIRU;CHAO;9516;11652262.69;Transferencia;Indirecta;OBRA;Concluido;;;;;;;;;
980;PE;12455;PNSU;361727;2325016;MEJORAMIENTO, AMPLIACION DEL SERVICIO DE AGUA POTABLE Y ALCANTARILLADO EN EL CENTRO POBLADO NUEVO CHAO, DISTRITO DE CHAO - VIRU - LA LIBERTAD;MUNICIPALIDAD DISTRITAL DE CHAO;LA LIBERTAD;VIRU;CHAO;14003;8700135.09;Transferencia;Indirecta;OBRA;Concluido;;;;;;;;;
981;PE;12456;PNSU;64091;2066979;MEJORAMIENTO, AMPLIACION SISTEMA DE AGUA POTABLE Y ALCANTARILLADO GUADALUPITO Y ANEXOS, DISTRITO DE GUADALUPITO - VIRU - LA LIBERTAD;MUNICIPALIDAD DISTRITAL DE GUADALUPITO;LA LIBERTAD;VIRU;GUADALUPITO;1675;6106800;Transferencia;Indirecta;OBRA;Concluido;;;;;;;;;
982;PE;12457;PNSU;92170;2084780;MEJORAMIENTO Y AMPLIACION DEL SISTEMA DE AGUA POTABLE Y CONSTRUCCION DEL SISTEMA DE ALCANTARILLADO DEL CENTRO POBLADO SANTA ELENA, PROVINCIA DE VIRU - LA LIBERTAD;MUNICIPALIDAD PROVINCIAL DE VIRU;LA LIBERTAD;VIRU;VIRU;1360;4828488.64;Transferencia;Indirecta;OBRA;Concluido;;;;;;;;;
983;PE;12458;PNSU;60341;2065902;CONSTRUCCION DEL SISTEMA DE AGUA POTABLE Y ALCANTARILLADO DEL CENTRO POBLADO SAN JOSE, PROVINCIA DE VIRU - LA LIBERTAD;MUNICIPALIDAD PROVINCIAL DE VIRU;LA LIBERTAD;VIRU;VIRU;4012;2777252;Transferencia;Indirecta;EXPEDIENTE TECNICO;Concluido;;;;;;;;;
984;PE;12459;PNSU;11245;2018394;MEJORAMIENTO DEL SISTEMA DE ALCANTARILLADO VIRU II ETAPA;GOBIERNO REGIONAL LA LIBERTAD;LA LIBERTAD;VIRU;VIRU;15000;1364783;Transferencia;Indirecta;OBRA;Concluido;;;;;;;;;
985;PE;12460;PNSU;8735;2030739;INSTALACION DE SISTEMA DE AGUA POTABLE Y ALCANTARILLADO EL CARMELO;GOBIERNO REGIONAL LA LIBERTAD;LA LIBERTAD;VIRU;VIRU;1700;2121128.84;Transferencia;Indirecta;OBRA;Concluido;;;;;;;;;
986;PE;12461;PNSU;86272;2084972;MEJORAMIENTO, AMPLIACION DEL SISTEMA DE AGUA POTABLE Y CONSTRUCCION DEL SISTEMA DE ALCANTARILLADO DEL CENTRO POBLADO DE VICTOR RAUL, PROVINCIA DE VIRU - LA LIBERTAD;MUNICIPALIDAD PROVINCIAL DE VIRU;LA LIBERTAD;VIRU;VIRU;18255;14799128.6;Transferencia;Indirecta;OBRA;Concluido;;;;;;;;;
987;PE;12462;PNSU;52059;2062750;AMPLIACION Y MEJORAMIENTO DEL SERVICIO DE AGUA POTABLE Y ALCANTARILLADO DEL AREA URBANA DEL DISTRITO DE VIRU;MUNICIPALIDAD PROVINCIAL DE VIRU;LA LIBERTAD;VIRU;VIRU;3822;5283141;Transferencia;Directa;OBRA;Concluido;;;;;;;;;
988;PE;12463;PNSU;205236;2234858;MEJORAMIENTO Y AMPLIACION DEL SERVICIO DE AGUA POTABLE Y ALCANTARILLADO  EN LAS LOCALIDADES DE VIRU Y PUENTE VIRU, DEL DISTRITO DE VIRU, PROVINCIA DE VIRU - LA LIBERTAD;MUNICIPALIDAD PROVINCIAL DE VIRU;LA LIBERTAD;VIRU;VIRU;40219;108987418;Transferencia;Indirecta;OBRA;Convenio Resuelto;;;;;;;;;
989;PE;12464;PNSU;360118;2323222;MEJORAMIENTO DEL SISTEMA DE AGUA POTABLE E INSTALACION DEL SISTEMA DE ALCANTARILLADO DEL CENTRO POBLADO  SAN JOSE DISTRITO DE VIRU, PROVINCIA DE VIRU - LA LIBERTAD;MUNICIPALIDAD PROVINCIAL DE VIRU;LA LIBERTAD;VIRU;VIRU;4629;16979136.4;Transferencia;Indirecta;OBRA;Concluido;;;;;;;;;
990;PE;12465;PNSU;50244;2064965;CONSTRUCCION SISTEMA DE AGUA Y LETRINAS C.P. CAFETAL, DISTRITO DE CAYALTI - CHICLAYO - LAMBAYEQUE;MUNICIPALIDAD DISTRITAL DE CAYALTI;LAMBAYEQUE;CHICLAYO;CAYALTI;150;98668;Transferencia;Indirecta;OBRA;Concluido;;;;;;;;;
991;PE;12466;PNSU;173562;2138917;CONSTRUCCION DEL SISTEMA DE AGUA POTABLE Y ALCANTARILLADO DEL C.P. COJAL Y NUEVA ESPERANZA, DISTRITO DE CAYALTI - CHICLAYO - LAMBAYEQUE;MUNICIPALIDAD DISTRITAL DE CAYALTI;LAMBAYEQUE;CHICLAYO;CAYALTI;987;2624416.9;Transferencia;Indirecta;OBRA;Concluido;;;;;;;;;
992;PE;12467;PNSU;173254;2132867;AMPLIACION DEL SISTEMA DE ALCANTARILLADO DEL CENTRO POBLADO SANTA ROSA BAJA, DISTRITO DE CAYALTI - CHICLAYO - LAMBAYEQUE;MUNICIPALIDAD DISTRITAL DE CAYALTI;LAMBAYEQUE;CHICLAYO;CAYALTI;140;164888.6;Transferencia;Directa;OBRA;Concluido;;;;;;;;;
993;PE;12468;PNSU;59927;2060297;MEJORAMIENTO DEL PLAN MAESTRO DE SANEAMIENTO AGUA POTABLE, DESAGUE Y TRATAMIENTO DE AGUAS RESIDUALES DEL CERCADO DE CAYALTI Y ANEXOS, DISTRITO DE CAYALTI - CHICLAYO - LAMBAYEQUE;MUNICIPALIDAD DISTRITAL DE CAYALTI;LAMBAYEQUE;CHICLAYO;CAYALTI;17472;13431251.51;Transferencia;Indirecta;OBRA (SALDO);Concluido;;;;;;;;;
994;PE;12469;PNSU;151661;2130752;MEJORAMIENTO DE LOS EMISORES PRINCIPALES DE LA CIUDAD DE CHICLAYO;ENTIDAD PRESTADORA DE SERVICIOS DE SANEAMIENTO DE LAMBAYEQUE S.A.;LAMBAYEQUE;CHICLAYO;CHICLAYO;679352;78287124.29;Transferencia;Indirecta;OBRA;Convenio Resuelto;;;;;;;;;
995;PE;12470;PNSU;35811;2059271;AMPLIACION DE REDES DE AGUA POTABLE CON CONEXIONES DOMICILIARIAS DEL P.J. SAUL CANTORAL HUAMANI y MEJORAMIENTO DEL SERVICIO AL ESTE DE LA CIUDAD DE CHICLAYO.;ENTIDAD PRESTADORA DE SERVICIOS DE SANEAMIENTO DE LAMBAYEQUE S.A.;LAMBAYEQUE;CHICLAYO;CHICLAYO;3588;713327;Transferencia;Indirecta;OBRA;Concluido;;;;;;;;;
996;PE;12471;PNSU;38340;2062127;INSTALACION DE LA RED DE AGUA POTABLE, ALCANTARILLADO Y CONEXIONES DOMICILIARIAS DEL AA.HH. NUEVO CERROPON - CHICLAYO;ENTIDAD PRESTADORA DE SERVICIOS DE SANEAMIENTO DE LAMBAYEQUE S.A.;LAMBAYEQUE;CHICLAYO;CHICLAYO;4313;922196.09;Transferencia;Indirecta;OBRA;Concluido;;;;;;;;;
997;PE;12472;PNSU;53993;2052758;MEJORAMIENTO DE LA CAPACIDAD OPERATIVA DE LAS REDES DE AGUA POTABLE Y ALCANTARILLADO DE LA AV. PROLONGACION FRANCISCO BOLOGNESI, PROVINCIA DE CHICLAYO - LAMBAYEQUE;MUNICIPALIDAD PROVINCIAL DE CHICLAYO;LAMBAYEQUE;CHICLAYO;CHICLAYO;58492;11927826.26;Transferencia;Indirecta;OBRA;Convenio Resuelto;;;;;;;;;
998;PE;12473;PNSU;113575;2109704;MEJORAMIENTO DE LAS REDES DE AGUA POTABLE Y ALCANTARILLADO Y CONEXIONES DOMICILIARIAS DE LOS P.J. 9 DE OCTUBRE Y ELÍAS AGUIRRE - CHICLAYO.;MUNICIPALIDAD PROVINCIAL DE CHICLAYO;LAMBAYEQUE;CHICLAYO;CHICLAYO;14536;17405139.62;Transferencia;Indirecta;OBRA;Concluido;;;;;;;;;
999;PE;12474;PNSU;126296;2109491;MEJORAMIENTO DE LAS REDES DE AGUA POTABLE Y ALCANTARILLADO CON CONEXIONES DOMICILIARIAS DEL CASCO CENTRAL DE CHICLAYO ANTIGUO Y COLECTORES PEDRO RUIZ, FRANCISCO CABRERA Y ELVIRA GARCIA Y GARCIA - CHICLAYO.;MUNICIPALIDAD PROVINCIAL DE CHICLAYO;LAMBAYEQUE;CHICLAYO;CHICLAYO;20646;19383395.63;Transferencia;Indirecta;OBRA;Paralizada;;;;;;;;;
1000;PE;12475;PNSU;129802;2156703;MEJORAMIENTO DE LAS REDES DE AGUA POTABLE Y ALCANTARILLADO Y CONEXIONES DOMICILIARIAS DE LA URB. CAMPODONICO Y URB SAN MARTIN - CHICLAYO;ENTIDAD PRESTADORA DE SERVICIOS DE SANEAMIENTO DE LAMBAYEQUE S.A.;LAMBAYEQUE;CHICLAYO;CHICLAYO;5244;7378425.68;Transferencia;Indirecta;OBRA;Concluido;;;;;;;;;
1001;PE;12476;PNSU;112994;2116368;MEJORAMIENTO DE REDES DE AGUA POTABLE Y ALCANTARILLADO CON CONEXIONES DOMICILIARIAS DEL P.J. JOSE BALTA Y LA URB. SAN JUAN - CHICLAYO;MUNICIPALIDAD PROVINCIAL DE CHICLAYO;LAMBAYEQUE;CHICLAYO;CHICLAYO;6305;7891608;Transferencia;Indirecta;OBRA;Concluido;;;;;;;;;
1002;PE;12477;PNSU;82325;2073332;MEJORAMIENTO DE LA RED DE AGUA POTABLE Y ALCANTARILLADO DE LA AV. PACIFICO C-3 A C-10 - CHICLAYO, PROVINCIA DE CHICLAYO - LAMBAYEQUE;MUNICIPALIDAD DISTRITAL DE PICSI;LAMBAYEQUE;CHICLAYO;CHICLAYO;597;637421;Transferencia;Directa;OBRA;Concluido;;;;;;;;;
1003;PE;12478;PNSU;30861;2029476;RENOVACION DE LA RED DE AGUA POTABLE Y ALCANTARILLADO CON CONEXIONES DOMICILIARIAS DE LA URBANIZACION CHICLAYO-CHICLAYO;ENTIDAD PRESTADORA DE SERVICIOS DE SANEAMIENTO DE LAMBAYEQUE S.A.;LAMBAYEQUE;CHICLAYO;CHICLAYO;1510;1886227;Transferencia;Directa;OBRA;Concluido;;;;;;;;;
1004;PE;12479;PNSU;25142;2027994;RENOVACION DE LA RED DE AGUA POTABLE Y ALCANTARILLADO CON CONEXIONES DOMICILIARIAS DEL PUEBLO JOVEN DIEGO FERRE - CHICLAYO;ENTIDAD PRESTADORA DE SERVICIOS DE SANEAMIENTO DE LAMBAYEQUE S.A.;LAMBAYEQUE;CHICLAYO;CHICLAYO;2212;1402771;Transferencia;Directa;OBRA;Concluido;;;;;;;;;
1005;PE;12480;PNSU;20244;2030571;RENOVACION DE LA RED DE AGUA POTABLE Y ALCANTARILLADO DE LOS PP.JJ. SAN FRANCISCO Y BUENOS AIRES - CHICLAYO;ENTIDAD PRESTADORA DE SERVICIOS DE SANEAMIENTO DE LAMBAYEQUE S.A.;LAMBAYEQUE;CHICLAYO;CHICLAYO;1745;1320639;Transferencia;Directa;OBRA;Concluido;;;;;;;;;
1006;PE;12481;PNSU;31674;2029477;RENOVACION DE LA RED DE AGUA POTABLE Y COLECTOR DE LA CALLE LETICIA Y SUS TRANSVERSALES DESDE LA AV. SAENZ PEÑA A LA AV. BALTA-CHICLAYO;ENTIDAD PRESTADORA DE SERVICIOS DE SANEAMIENTO DE LAMBAYEQUE S.A.;LAMBAYEQUE;CHICLAYO;CHICLAYO;3020;1804246;Transferencia;Directa;OBRA;Concluido;;;;;;;;;
1007;PE;12482;PNSU;9310;2059272;AMPLIACION DE REDES DE AGUA POTABLE Y CONEXIONES DOMICILIARIAS DEL P.J. FANNY ABANTO CALLE.;ENTIDAD PRESTADORA DE SERVICIOS DE SANEAMIENTO DE LAMBAYEQUE S.A.;LAMBAYEQUE;CHICLAYO;CHICLAYO;0;924693.23;Transferencia;Directa;OBRA;Concluido;;;;;;;;;
1008;PE;12483;PNSU;25133;2027995;RENOVACION DE LA RED DE AGUA POTABLE, ALCANTARILLADO Y CONEXIONES DOMICILIARIAS DEL PJ MURO-CHICLAYO;ENTIDAD PRESTADORA DE SERVICIOS DE SANEAMIENTO DE LAMBAYEQUE S.A.;LAMBAYEQUE;CHICLAYO;CHICLAYO;1496;1327607;Transferencia;Directa;OBRA;Concluido;;;;;;;;;
1009;PE;12484;PNSU;113549;2106782;MEJORAMIENTO DEL SERVICIO DE AGUA POTABLE Y ALCANTARILLADO DEL P.J. JOSE OLAYA -DISTRITO DE CHICLAYO;ENTIDAD PRESTADORA DE SERVICIOS DE SANEAMIENTO DE LAMBAYEQUE S.A.;LAMBAYEQUE;CHICLAYO;CHICLAYO;6216;3793732.57;Transferencia;Indirecta;OBRA;Concluido;;;;;;;;;
1010;PE;12485;PNSU;164328;2133004;MEJORAMIENTO DE LA REDES DE  AGUA  POTABLE  Y  ALCANTARILLADO Y  CONEXIONES DOMICILIARIAS DEL II SECTOR  DEL P.J. SANTA ROSA  -CHICLAYO;ENTIDAD PRESTADORA DE SERVICIOS DE SANEAMIENTO DE LAMBAYEQUE S.A;LAMBAYEQUE;CHICLAYO;CHICLAYO;2134;1709929;Transferencia;Indirecta;OBRA;Concluido;;;;;;;;;
1011;PE;12486;PNSU;49514;2106779;INSTALACIÓN DE LOS SISTEMAS DE AGUA POTABLE Y ALCANTARILLADO CON CONEX. DOM. DE LOS PP JJ V. PROGRESO, MIRAFLORES, LAS VEGAS, SAMÁN, SAN FRANCISCO DE ASÍS, LA UNIÓN, SAN JUAN DE DIOS Y RAMIRO PRIALE CHICLAYO;ENTIDAD PRESTADORA DE SERVICIOS DE SANEAMIENTO DE LAMBAYEQUE S.A.;LAMBAYEQUE;CHICLAYO;CHICLAYO;24341;62731490.51;Transferencia;Indirecta;OBRA;Paralizada;;;;;;;;;
1012;PE;12487;PNSU;2367898;2367898;MEJORAMIENTO DE LOS SERVICIOS DE AGUA POTABLE Y ALCANTARILLADO SANITARIO DE UPIS AMPLIACION CRUZ DEL PERDON - DISTRITO DE CHICLAYO - PROVINCIA DE CHICLAYO - REGIÓN LAMBAYEQUE;MUNICIPALIDAD PROVINCIAL DE CHICLAYO;LAMBAYEQUE;CHICLAYO;CHICLAYO;1296;1876611.37;Transferencia;Indirecta;OBRA;Concluido;;;;;;;;;
1013;PE;12488;PNSU;2380632;2380632;REPOSICION DE RED Y CONEXIONES DOMICILIARIAS DE AGUA POTABLE Y ALCANTARILLADO EN EL PUEBLO JOVEN SAN NICOLAS, DISTRITO DE CHICLAYO, PROVINCIA DE CHICLAYO - LAMBAYEQUE;MUNICIPALIDAD PROVINCIAL DE CHICLAYO;LAMBAYEQUE;CHICLAYO;CHICLAYO;1050;1204127.49;Transferencia;Indirecta;OBRA;Concluido;;;;;;;;;
1014;PE;12489;PNSU;263923;2252048;MEJORAMIENTO DE LAS REDES DE AGUA POTABLE Y ALCANTARILLADO CON CONEXIONES DOMICILIARIAS DE LOS PUEBLOS JÓVENES SAN ANTONIO Y AMPLIACIÓN SAN ANTONIO, DISTRITO DE CHICLAYO, PROVINCIA DE CHICLAYO,  DEPARTAMENTO DE LAMBAYEQUE;MUNICIPALIDAD PROVINCIAL DE CHICLAYO;LAMBAYEQUE;CHICLAYO;CHICLAYO;5911;14506353.94;Transferencia;Indirecta;OBRA (SALDO);Actos Previos;;;;;;;;;
1015;PE;12490;PNSU;234909;2178814;MEJORAMIENTO DEL SERVICIO DE AGUA POTABLE, Y ALCANTARILLADO CON CONEXIONES DOMICILIARIAS EL CASCO URBANO DE LA CIUDAD DE CHONGOYAPE, DISTRITO DE CHONGOYAPE - CHICLAYO - LAMBAYEQUE;MUNICIPALIDAD DISTRITAL DE CHONGOYAPE;LAMBAYEQUE;CHICLAYO;CHONGOYAPE;2046;3657761.36;Transferencia;Indirecta;OBRA;Concluido;;;;;;;;;
1016;PE;12491;PNSU;235039;2224609;MEJORAMIENTO DEL SERVICIO DE AGUA POTABLE Y ALCANTARILLADO DE LAS CALLES LOS ANDES, CAJAMARCA, A. UGARTE, S. MARTÍN, LA LIBERTAD, LIMA, MELGAR, ANCASH, JUNIN Y GRAU DE LA CIUDAD DE CHONGOYAPE, DISTRITO DE CHONGOYAPE - CHICLAYO - LAMBAYEQUE;MUNICIPALIDAD DISTRITAL DE CHONGOYAPE;LAMBAYEQUE;CHICLAYO;CHONGOYAPE;1410;2252919.11;Transferencia;Indirecta;OBRA;Concluido;;;;;;;;;
1017;PE;12492;PNSU;48991;2052983;MEJORAMIENTO DE LA LINEA DE CONDUCCION DEL SISTEMA DE AGUA POTABLE DE CHONGOYAPE, DISTRITO DE CHONGOYAPE - CHICLAYO - LAMBAYEQUE;MUNICIPALIDAD DISTRITAL DE CHONGOYAPE;LAMBAYEQUE;CHICLAYO;CHONGOYAPE;9800;1221978.01;Transferencia;Indirecta;OBRA;Concluido;;;;;;;;;
1018;PE;12493;PNSU;49569;2054868;REHABILITACION DEL SISTEMA COLECTOR PRINCIPAL EN LA AV. CHICLAYO CUADRA 13 A 17, AV BOLIVAR CUADRA 18 A 22 ., DISTRITO DE CHONGOYAPE - CHICLAYO - LAMBAYEQUE;MUNICIPALIDAD DISTRITAL DE CHONGOYAPE;LAMBAYEQUE;CHICLAYO;CHONGOYAPE;9800;2978988;Transferencia;Indirecta;OBRA;Concluido;;;;;;;;;
1019;PE;12494;PNSU;56465;2052248;INSTALACION DEL SISTEMA DE DESAGUE EN TABLAZOS ., DISTRITO DE CHONGOYAPE - CHICLAYO - LAMBAYEQUE;MUNICIPALIDAD DISTRITAL DE CHONGOYAPE;LAMBAYEQUE;CHICLAYO;CHONGOYAPE;530;225978;Transferencia;Directa;OBRA;Concluido;;;;;;;;;
1020;PE;12495;PNSU;56472;2054949;REHABILITACION Y MEJORAMIENTO DEL SISTEMA DE DESAGUE DEL CENTRO POBLADO HUACA BLANCA ., DISTRITO DE CHONGOYAPE - CHICLAYO - LAMBAYEQUE;MUNICIPALIDAD DISTRITAL DE CHONGOYAPE;LAMBAYEQUE;CHICLAYO;CHONGOYAPE;1900;973310;Transferencia;Indirecta;OBRA;Concluido;;;;;;;;;
1021;PE;12496;PNSU;71457;2069377;CONSTRUCCION DEL SISTEMA DE ALCANTARILLADO Y RESERVORIO PARA EL SISTEMA AGUA POTABLE CUCULI, DISTRITO DE CHONGOYAPE - CHICLAYO - LAMBAYEQUE;MUNICIPALIDAD DISTRITAL DE CHONGOYAPE;LAMBAYEQUE;CHICLAYO;CHONGOYAPE;2450;4040142.69;Transferencia;Indirecta;OBRA;Concluido;;;;;;;;;
1022;PE;12497;PNSU;85017;2074427;REHABILITACION Y MEJORAMIENTO DEL SISTEMA DE ALCANTARILLADO RAMON CASTILLA - CHONGOYAPE, DISTRITO DE CHONGOYAPE - CHICLAYO - LAMBAYEQUE;MUNICIPALIDAD DISTRITAL DE CHONGOYAPE;LAMBAYEQUE;CHICLAYO;CHONGOYAPE;2550;1420239;Transferencia;Indirecta;OBRA;Concluido;;;;;;;;;
1023;PE;12498;PNSU;86202;2074841;REHABILITACION DE LOS COLECTORES PRINCIPALES, DE LA AV SANTA CATALINA CDRAS 7 A 16, SIMON BOLIVAR CDRAS 9 A 12 ., DISTRITO DE CHONGOYAPE - CHICLAYO - LAMBAYEQUE;MUNICIPALIDAD DISTRITAL DE CHONGOYAPE;LAMBAYEQUE;CHICLAYO;CHONGOYAPE;7000;6550612;Transferencia;Indirecta;OBRA;Concluido;;;;;;;;;
1024;PE;12499;PNSU;189859;2158854;REHABILITACION DEL COLECTOR PRINCIPAL, EN LA AV. SIMÓN BOLÍVAR CUADRA 13 AL 16 Y CALLE AYACUCHO CUADRA 01 - 02 DE LA LOCALIDAD DE CHONGOYAPE, DISTRITO DE CHONGOYAPE - CHICLAYO - LAMBAYEQUE;MUNICIPALIDAD DISTRITAL DE CHONGOYAPE;LAMBAYEQUE;CHICLAYO;CHONGOYAPE;715;1395092.34;Transferencia;Indirecta;OBRA;Concluido;;;;;;;;;
1025;PE;12500;PNSU;53692;2065246;MEJORAMIENTO, CONSTRUCCION DEL SISTEMA CONDOMINIAL DE AGUA POTABLE Y DE ALCANTARILLADO DE LOS C.P.M. VILLA EL MILAGRO Y CASCAJALES CIUDAD ETEN, DISTRITO DE ETEN - CHICLAYO - LAMBAYEQUE;MUNICIPALIDAD DISTRITAL DE ETEN;LAMBAYEQUE;CHICLAYO;ETEN;3636;1726568;Transferencia;Indirecta;OBRA;Concluido;;;;;;;;;
1026;PE;12501;PNSU;50071;2084964;MEJORAMIENTO, AMPLIACION DEL SISTEMA DE AGUA POTABLE Y ALCANTARILLADO EN CIUDAD ETEN, DISTRITO DE ETEN - CHICLAYO - LAMBAYEQUE;MUNICIPALIDAD DISTRITAL DE ETEN;LAMBAYEQUE;CHICLAYO;ETEN;11237;25750170.35;Transferencia;Directa;OBRA (SALDO);Concluido;;;;;;;;;
1027;PE;12502;PNSU;20252;2026442;INSTALACION DE LA RED DE AGUA POTABLE Y AMPLIACION DE ALCANTARILLADO CON CONEXIONES DOMICILIARIAS DEL SECTOR VILLA PERPETUO SOCORRO - PUERTO ETEN;ENTIDAD PRESTADORA DE SERVICIOS DE SANEAMIENTO DE LAMBAYEQUE S.A.;LAMBAYEQUE;CHICLAYO;ETEN PUERTO;563;1200760;Transferencia;Directa;OBRA;Concluido;;;;;;;;;
1028;PE;12503;PNSU;24507;2030168;AMPLIACION Y REFORZAMIENTO DE REDES DE AGUA POTABLE E INSTALACION DE REDES DE ALCANTARILLADO Y CONEXIONES DOMICILIARIAS DE LA HABILITACION URBANA SALAMANCA I ETAPA - JOSE L ORTIZ;ENTIDAD PRESTADORA DE SERVICIOS DE SANEAMIENTO DE LAMBAYEQUE S.A.;LAMBAYEQUE;CHICLAYO;JOSE LEONARDO ORTIZ;1180;891030;Transferencia;Indirecta;OBRA;Concluido;;;;;;;;;
1029;PE;12504;PNSU;114087;2106781;MEJORAMIENTO INTEGRAL DE LAS REDES DE AGUA POTABLE Y ALCANTARILLADO DEL PUEBLO JOVEN ARTESANOS INDEPENDIENTES - DISTRITO JOSE LEONARDO ORTIZ - PROVINCIA DE CHICLAYO - REGION LAMBAYEQUE;MUNICIPALIDAD DISTRTAL DE JOSE LEONARDO ORTIZ;LAMBAYEQUE;CHICLAYO;JOSE LEONARDO ORTIZ;1315;1141294.59;Transferencia;Indirecta;OBRA;Concluido;;;;;;;;;
1030;PE;12505;PNSU;182533;2151869;MEJORAMIENTO DE LAS REDES DE AGUA POTABLE Y ALCANTARILLADO DE LAS CALLES CIRCUNDANTES AL COMPLEJO DE MERCADOS Y SERVICIOS MOSHOQUEQUE, DISTRITO DE JOSE LEONARDO ORTIZ - CHICLAYO - LAMBAYEQUE;MUNICIPALIDAD DISTRITAL DE JOSE LEONARDO ORTIZ;LAMBAYEQUE;CHICLAYO;JOSE LEONARDO ORTIZ;6042;3179917.47;Transferencia;Indirecta;OBRA;Concluido;;;;;;;;;
1031;PE;12506;PNSU;273999;2239715;INSTALACION DE LA RED DE AGUA POTABLE Y ALCANTARILLADO CON CONEXIONES DOMICILIARIAS EN LOS PUEBLOS JOVENES SR. DE LA MISERICORDIA, AMPLIACION SANTA LUCIA, EL NAZARENO Y NUEVO HORIZONTE, DISTRITO DE JOSE LEONARDO ORTIZ - CHICLAYO - LAMBAYEQUE;MUNICIPALIDAD DISTRITAL DE JOSE LEONARDO ORTIZ;LAMBAYEQUE;CHICLAYO;JOSE LEONARDO ORTIZ;4152;3573988.61;Transferencia;Indirecta;OBRA;Concluido;;;;;;;;;
1032;PE;12507;PNSU;112814;2132896;MEJORAMIENTO DE LAS REDES DE AGUA POTABLE Y ALCANTARILLADO DE LA URBANIZACION SAN CARLOS - JOSE LEONARDO ORTIZ.- CHICLAYO;MUNICIPALIDAD DISTRITAL DE JOSE LEONARDO ORTIZ;LAMBAYEQUE;CHICLAYO;JOSE LEONARDO ORTIZ;8494;14637578.84;Transferencia;Indirecta;OBRA (SALDO);Concluido;;;;;;;;;
1033;PE;12508;PNSU;24719;2038130;AMPLIACION DE LAS REDES DE ALCANTARILLADO, AGUA POTABLE, CONEXIONES DOMICILIARIAS Y LINEAS DE REFORZAMIENTO DE LA AMPLIACION DEL PP.JJ. VICTOR RAUL HAYA DE LA TORRE, LA VICTORIA - CHICLAYO - LAMBAYEQUE;MUNICIPALIDAD DISTRITAL DE LA VICTORIA;LAMBAYEQUE;CHICLAYO;LA VICTORIA;3801;1118153;Transferencia;Indirecta;OBRA;Concluido;;;;;;;;;
1034;PE;12509;PNSU;39219;2048531;CONSTRUCCION DE LA PAVIMENTACION FLEXIBLE EN CALIENTE DE LA AV. ANTENOR ORREGO, TRAMO AV. CHINCHAYSUYO - AV. LOS AMAUTAS Y TRAMO AV. LOS ANDES-AV. GRAN CHIMU, DISTRITO DE LA VICTORIA - CHICLAYO - LAMBAYEQUE;MUNICIPALIDAD DISTRITAL DE LA VICTORIA;LAMBAYEQUE;CHICLAYO;LA VICTORIA;3367;4337172;Transferencia;Indirecta;OBRA;Concluido;;;;;;;;;
1035;PE;12510;PNSU;57810;2047068;AMPLIACION DE LAS REDES DE AGUA POTABLE, ALCANTARILLADO CON CONEXIONES DOMICILIARIAS Y LINEA DE REFORZAMIENTO DE LOS PP.JJ. DEL SUR DE LA VICTORIA, DISTRITO DE LA VICTORIA - CHICLAYO - LAMBAYEQUE;MUNICIPALIDAD DISTRITAL DE LA VICTORIA;LAMBAYEQUE;CHICLAYO;LA VICTORIA;12186;8376105.26;Transferencia;Indirecta;OBRA;Concluido;;;;;;;;;
1036;PE;12511;PNSU;147146;2116513;MEJORAMIENTO DE LAS REDES DE AGUA POTABLE Y ALCANTARILLADO CON CONEXIONES DOMICILIARIAS DEL CUARTO SECTOR B, DISTRITO DE LA VICTORIA - CHICLAYO - LAMBAYEQUE;MUNICIPALIDAD DISTRITAL DE LA VICTORIA;LAMBAYEQUE;CHICLAYO;LA VICTORIA;8508;10683643.87;Transferencia;Indirecta;OBRA;Concluido;;;;;;;;;
1037;PE;12512;PNSU;99549;2101643;INSTALACION DE LOS SISTEMAS DE AGUA POTABLE, ALCANTARILLADO CONVENCIONAL Y TRATAMIENTO DE AGUAS RESIDUALES DEL SECTOR CHOSICA DEL NORTE CARRETERA NORTE KM 773.5 - 778.2, DISTRITO DE LA VICTORIA - CHICLAYO - LAMBAYEQUE;MUNICIPALIDAD DISTRITAL DE LA VICTORIA;LAMBAYEQUE;CHICLAYO;LA VICTORIA;4459;9275389.54;Transferencia;Indirecta;OBRA;Concluido;;;;;;;;;
1038;PE;12513;PNSU;106454;2126657;MEJORAMIENTO DE LAS REDES DE AGUA POTABLE Y ALCANTARILLADO DEL PUEBLO JOVEN EL BOSQUE , DISTRITO DE LA VICTORIA - CHICLAYO - LAMBAYEQUE;MUNICIPALIDAD DISTRITAL DE LA VICTORIA;LAMBAYEQUE;CHICLAYO;LA VICTORIA;4440;3908339.44;Transferencia;Indirecta;OBRA;Concluido;;;;;;;;;
1039;PE;12514;PNSU;12017;2019908;ALCANTARILLADO SANITARIO CONDOMINIAL Y SU TRATAMIENTO DE AGUAS RESIDUALES PARA UN SECTOR DEL CENTRO POBLADO RURAL CHOSICA DEL NORTE;MUNICIPALIDAD DISTRITAL DE LA VICTORIA;LAMBAYEQUE;CHICLAYO;LA VICTORIA;2310;1494980;Transferencia;Directa;OBRA;Concluido;;;;;;;;;
1040;PE;12515;PNSU;26698;2030573;INSTALACION LINEA DE REFORZAMIENTO Y RED DE AGUA POTABLE CON CONEXIONES DOMICILIARIAS DEL PJ. 1° DE JUNIO - LA VICTORIA;MUNICIPALIDAD DISTRITAL DE LA VICTORIA;LAMBAYEQUE;CHICLAYO;LA VICTORIA;2876;1043980;Transferencia;Directa;OBRA;Concluido;;;;;;;;;
1041;PE;12516;PNSU;257487;2181583;MEJORAMIENTO DE LAS REDES DE AGUA POTABLE, ALCANTARILLADO CON CONEXIONES DOMICILIARIAS PERIMETRO ENTRE AV. UNION, LOS INCAS, LOS ANDES Y GRAU Y COLECTOR AV. LOS INCAS, DISTRITO DE LA VICTORIA - CHICLAYO - LAMBAYEQUE;MUNICIPALIDAD DISTRITAL DE LA VICTORIA;LAMBAYEQUE;CHICLAYO;LA VICTORIA;13245;10004581.35;Transferencia;Indirecta;OBRA;Concluido;;;;;;;;;
1042;PE;12517;PNSU;267803;2238309;MEJORAMIENTO DE LAS REDES DE AGUA POTABLE Y ALCANTARILLADO CON CONEXIONES DOMICILIARIAS DE LAS CALLES COMPREDIDAS DENTRO DEL PERIMETRO AV. GRAN CHIMU, AV. LA PAZ, AV. PACHACUTEC Y AV. VICTOR RAUL HALLA DE LA TORRE, DISTRITO DE LA VICTORIA - CHICLAYO - LAM;MUNICIPALIDAD DISTRITAL DE LA VICTORIA;LAMBAYEQUE;CHICLAYO;LA VICTORIA;4212;4117441.89;Transferencia;Indirecta;OBRA;Concluido;;;;;;;;;
1043;PE;12518;PNSU;267845;2238316;MEJORAMIENTO DE LAS REDES DE AGUA POTABLE Y ALCANTARILLADO CON CONEXIONES DOMICILIARIAS DE LAS CALLES COMPRENDIDAS DENTRO DEL PERIMETRO AV. MIGUEL GRAU, CA. MANUEL MESONES MURO, CA. INCA ROCA Y AV. GRAN CHIMU, DISTRITO DE LA VICTORIA - CHICLAYO - LAMBAYEQ;MUNICIPALIDAD DISTRITAL DE LA VICTORIA;LAMBAYEQUE;CHICLAYO;LA VICTORIA;12012;8029125.71;Transferencia;Indirecta;OBRA;Concluido;;;;;;;;;
1044;PE;12519;PNSU;314973;2260207;INSTALACION DE LAS REDES DE AGUA POTABLE Y ALCANTARILLADO CON CONEXIONES DOMICILIARIAS DE LOS PP.JJ. LOS NOGALES Y LOS PINOS, DISTRITO DE LA VICTORIA - CHICLAYO - LAMBAYEQUE;MUNICIPALIDAD DISTRITAL DE LA VICTORIA;LAMBAYEQUE;CHICLAYO;LA VICTORIA;1476;3300446.89;Transferencia;Indirecta;OBRA;Concluido;;;;;;;;;
1045;PE;12520;PNSU;27277;2031490;INSTALACION DE REDES DE ALCANTARILLADO Y CONEXIONES DOMICILIARIAS DEL PJ LA UNION - LOCALIDAD DE MOCUPE TRADICIONAL;ENTIDAD PRESTADORA DE SERVICIOS DE SANEAMIENTO DE LAMBAYEQUE S.A.;LAMBAYEQUE;CHICLAYO;LAGUNAS;315;122469;Transferencia;Directa;OBRA;Concluido;;;;;;;;;
1046;PE;12521;PNSU;27292;2059282;INSTALACION DE REDES DE ALCANTARILLADO Y CONEXIONES DOMICILIARIAS DEL P.J. VIRGEN DEL CARMEN Y CONSTRUCCION DE LAGUNA DE ESTABILIZACION - LOCALIDAD DE MOCUPE TRADICIONAL;ENTIDAD PRESTADORA DE SERVICIOS DE SANEAMIENTO DE LAMBAYEQUE S.A.;LAMBAYEQUE;CHICLAYO;LAGUNAS;6767;1576962.96;Transferencia;Directa;OBRA;Concluido;;;;;;;;;
1047;PE;12522;PNSU;146601;2176496;RECONSTRUCCION Y AMPLIACION DEL SISTEMA DE AGUA POTABLE Y ALCANTARILLADO EN LA LOCALIDAD DE MOCUPE, DISTRITO DE LAGUNAS - CHICLAYO - LAMBAYEQUE;MUNICIPALIDAD DISTRITAL DE LAGUNAS;LAMBAYEQUE;CHICLAYO;LAGUNAS;5401;19286560.2;Transferencia;Indirecta;OBRA;Concluido;;;;;;;;;
1048;PE;12523;PNSU;7641;2064779;AMPLIACION Y MEJORAMIENTO DEL SISTEMA DE AGUA POTABLE Y ALCANTARILLADO DE MONSEFU;MUNICIPALIDAD DISTRITAL DE MONSEFU;LAMBAYEQUE;CHICLAYO;MONSEFU;20730;4805191.21;Transferencia;Indirecta;OBRA;Concluido;;;;;;;;;
1049;PE;12524;PNSU;55010;2065339;MEJORAMIENTO DEL PLAN MAESTRO DE SANEAMIENTO AGUA POTABLE, DESAGUE Y TRATAMIENTO DE AGUAS RESIDUALES DEL DISTRITO DE MONSEFU - CHICLAYO - LAMBAYEQUE;MUNICIPALIDAD DISTRITAL DE MONSEFU;LAMBAYEQUE;CHICLAYO;MONSEFU;20634;53988490;Transferencia;Indirecta;OBRA (SALDO);Paralizada;;;;;;;;;
1050;PE;12525;PNSU;114522;2096101;AMPLIACION, MEJORAMIENTO DEL SISTEMA DE AGUA POTABLE Y ALCANTARILLADO DE LA CIUDAD DE NUEVA ARICA, DISTRITO DE NUEVA ARICA - CHICLAYO - LAMBAYEQUE;MUNICIPALIDAD DISTRITAL DE NUEVA ARICA;LAMBAYEQUE;CHICLAYO;NUEVA ARICA;2200;3872580.81;Transferencia;Indirecta;OBRA;Concluido;;;;;;;;;
1051;PE;12526;PNSU;28987;2059273;CONSTRUCCION PLANTA DE TRATAMIENTO DE AGUAS RESIDUALES DE LA LOCALIDAD DE NUEVA ARICA;ENTIDAD PRESTADORA DE SERVICIOS DE SANEAMIENTO DE LAMBAYEQUE S.A.;LAMBAYEQUE;CHICLAYO;NUEVA ARICA;1832;1184297;Transferencia;Directa;OBRA;Concluido;;;;;;;;;
1052;PE;12527;PNSU;62885;2066618;AMPLIACION Y MEJORAMIENTO DE AGUA Y DESAGUE DEL DISTRITO DE OYOTUN - LAMBAYEQUE;MUNICIPALIDAD DISTRITAL DE OYOTUN;LAMBAYEQUE;CHICLAYO;OYOTUN;4715;10569763.38;Transferencia;Indirecta;OBRA;Paralizada;;;;;;;;;
1053;PE;12528;PNSU;28947;2030577;CONSTRUCCION DE PLANTA DE TRATAMIENTO DE AGUAS RESIDUALES DE LA LOCALIDAD DE OYOTUN;ENTIDAD PRESTADORA DE SERVICIOS DE SANEAMIENTO DE LAMBAYEQUE S.A.;LAMBAYEQUE;CHICLAYO;OYOTUN;5987;2307512;Transferencia;Directa;OBRA;Concluido;;;;;;;;;
1054;PE;12529;PNSU;62762;2066576;INSTALACION DEL SISTEMA DE AGUA POTABLE CON CONEXIONES DOMICILIARIAS EN EL CASERIO CHUMBENIQUE, DISTRITO DE OYOTUN - CHICLAYO - LAMBAYEQUE;MUNICIPALIDAD DISTRITAL DE OYOTUN;LAMBAYEQUE;CHICLAYO;OYOTUN;450;296733;Transferencia;Directa;OBRA;Concluido;;;;;;;;;
1055;PE;12530;PNSU;56268;2065440;MEJORAMIENTO DEL SISTEMA DE AGUA POTABLE Y AMPLIACION DEL ALCANTARILLADO DEL DISTRITO DE PATAPO - CHICLAYO - LAMBAYEQUE;MUNICIPALIDAD DISTRITAL DE PATAPO;LAMBAYEQUE;CHICLAYO;PATAPO;12378;8962486;Transferencia;Indirecta;OBRA;Concluido;;;;;;;;;
1056;PE;12531;PNSU;76232;2071085;MEJORAMIENTO DEL SISTEMA DE AGUA POTABLE Y AMPLIACION DEL SISTEMA DE ALCANTARILLADO DE LAS LOCALIDADES DE LA CRIA Y PAMPA LA VICTORIA, DISTRITO DE PATAPO - CHICLAYO - LAMBAYEQUE;MUNICIPALIDAD DISTRITAL DE PATAPO;LAMBAYEQUE;CHICLAYO;PATAPO;3166;6438671.37;Transferencia;Indirecta;OBRA;Concluido;;;;;;;;;
1057;PE;12532;PNSU;202609;2215629;MEJORAMIENTO Y AMPLIACION DE LOS SISTEMAS DE AGUA POTABLE Y ALCANTARILLADO EN POSOPE ALTO, DISTRITO DE PATAPO - CHICLAYO - LAMBAYEQUE;MUNICIPALIDAD DISTRITAL DE PATAPO;LAMBAYEQUE;CHICLAYO;PATAPO;3360;3836234.42;Transferencia;Indirecta;OBRA;Concluido;;;;;;;;;
1058;PE;12533;PNSU;75104;2084536;MEJORAMIENTO INTEGRAL Y AMPLIACIÓN DE LOS SISTEMAS DE AGUA POTABLE Y ALCANTARILLADO DE EL DISTRITO DE PICSI” - PROVINCIA CHICLAYO;MUNICIPALIDAD DISTRITAL DE PICSI;LAMBAYEQUE;CHICLAYO;PICSI;5894;22169696.37;Transferencia;Indirecta;OBRA (SALDO);Concluido;;;;;;;;;
1059;PE;12534;PNSU;28582;2030171;CONSTRUCCION DEL SISTEMA DE AGUA POTABLE Y ALCANTARILLADO DEL C.P. CAPOTE-PICSI;MUNICIPALIDAD DISTRITAL DE PICSI;LAMBAYEQUE;CHICLAYO;PICSI;2303;6865830.67;Transferencia;Indirecta;OBRA (SALDO);Concluido;;;;;;;;;
1060;PE;12535;PNSU;365164;2328829;MEJORAMIENTO DE LAS REDES DE AGUA POTABLE  Y ALCANTARILLADO CON CONEXIONES DOMICILIARIAS EN LAS CALLES, EL PADRE, PSJ UBALDO NIÑO, LOS ROSALES, FERREÑAFE, PATAPO, VIRGEN DE GUADALUPE, CAYALTI, CAJAMARCA, JC MARIATEGUI, LOS DELFINES Y CALLE S/N DE LA CIUDAD DE PIC, DISTRITO DE PICSI - CHICLAYO - LAMBAYEQUE;MUNICIPALIDAD DISTRITAL DE PICSI;LAMBAYEQUE;CHICLAYO;PICSI;1296;1419102.1;Transferencia;Indirecta;OBRA;Concluido;;;;;;;;;
1061;PE;12536;PNSU;17704;2027988;AMPLIACION DE REDES DE AGUA POTABLE Y ALCANTARILLADO Y CONEXIONES DOMICILIARIAS DE LOS PUEBLOS JOVENES LAS FLORES DE LA PRADERA Y MIGUEL ANGEL BARTRA GROSSO - DISTRITO PIMENTEL;ENTIDAD PRESTADORA DE SERVICIOS DE SANEAMIENTO DE LAMBAYEQUE S.A.;LAMBAYEQUE;CHICLAYO;PIMENTEL;1435;910533.52;Transferencia;Indirecta;OBRA;Concluido;;;;;;;;;
1062;PE;12537;PNSU;40582;2059270;MEJORAMIENTO DEL ABASTECIMIENTO DE AGUA POTABLE PARA EL DISTRITO DE PIMENTEL - PROVINCIA DE CHICLAYO - DPTO LAMBAYEQUE;ENTIDAD PRESTADORA DE SERVICIOS DE SANEAMIENTO DE LAMBAYEQUE S.A.;LAMBAYEQUE;CHICLAYO;PIMENTEL;14046;3586482;Transferencia;Indirecta;OBRA;Concluido;;;;;;;;;
1063;PE;12538;PNSU;9849;2022692;MEJORAMIENTO DEL SISTEMA DE DESAGÜE DE LA LOCALIDAD DE PIMENTEL;MUNICIPALIDAD DISTRITAL DE PIMENTEL;LAMBAYEQUE;CHICLAYO;PIMENTEL;24568;4719219.08;Transferencia;Indirecta;OBRA;Concluido;;;;;;;;;
1064;PE;12539;PNSU;75257;2084696;MEJORAMIENTO Y AMPLIACION DE LOS SISTEMAS DE AGUA POTABLE Y ALCANTARILLADO EN EL EJE DE ARTICULACION DE LA CARRETERA CHICLAYO PIMENTEL (SECTORES CIRCUNDANTES A LA GARITA DE LA LOCALIDAD DE PIMENTEL, DISTRITO DE PIMENTEL - CHICLAYO - LAMBAYEQUE;MUNICIPALIDAD DISTRITAL DE PIMENTEL;LAMBAYEQUE;CHICLAYO;PIMENTEL;7504;5196392;Transferencia;Indirecta;OBRA;Concluido;;;;;;;;;
1065;PE;12540;PNSU;44482;2063429;INSTALACION DE LOS SISTEMAS DE AGUA POTABLE Y ALCANTARILLADO DE LOS PUEBLOS JOVENES SAN GERONIMO, LOS JARDINES Y LA PERLA DEL PACIFICO DISTRITO DE PIMENTEL PROVINCIA DE CHICLAYO;MUNICIPALIDAD DISTRITAL DE PIMENTEL;LAMBAYEQUE;CHICLAYO;PIMENTEL;3732;4192059.06;Transferencia;Indirecta;OBRA;Concluido;;;;;;;;;
1066;PE;12541;PNSU;86303;2085260;REHABILITACION REDES DE AGUA POTABLE Y ALCANTARILLADO CON CONEXIONES DOMICILIARIAS URB. FERMIN AVILA MORON, DISTRITO DE PIMENTEL - CHICLAYO - LAMBAYEQUE;MUNICIPALIDAD DISTRITAL DE PIMENTEL;LAMBAYEQUE;CHICLAYO;PIMENTEL;3635;7108555.17;Transferencia;Indirecta;OBRA;Concluido;;;;;;;;;
1067;PE;12542;PNSU;146742;2111445;AMPLIACION Y MEJORAMIENTO INTEGRAL DE LOS SISTEMAS DE AGUA POTABLE Y ALCANTARILLADO DE LA LOCALIDAD DE POMALCA, DISTRITO DE POMALCA - CHICLAYO - LAMBAYEQUE;MUNICIPALIDAD DISTRITAL DE POMALCA;LAMBAYEQUE;CHICLAYO;POMALCA;18423;29583678.47;Transferencia;Indirecta;OBRA;Concluido;;;;;;;;;
1068;PE;12543;PNSU;55829;2051912;MEJORAMIENTO, CONSTRUCCION Y AMPLIACION DEL SISTEMA DE AGUA POTABLE Y ALCANTARILLADO CASCO URBANO, DISTRITO PUCALA, PROVINCIA CHICLAYO - LAMBAYEQUE;MUNICIPALIDAD DISTRITAL DE PUCALA;LAMBAYEQUE;CHICLAYO;PUCALA;10907;24120982.59;Transferencia;Indirecta;OBRA (SALDO);Concluido;;;;;;;;;
1069;PE;12544;PNSU;50551;2047066;AMPLIACION DE LAS REDES DE AGUA POTABLE E INSTALACION DEL SISTEMA DE ALCANTARILLADO DE LA UPIS LAS DELICIAS, PROVINCIA DE CHICLAYO - LAMBAYEQUE;MUNICIPALIDAD DISTRITAL DE REQUE;LAMBAYEQUE;CHICLAYO;REQUE;2022;1422270.19;Transferencia;Indirecta;OBRA;Concluido;;;;;;;;;
1070;PE;12545;PNSU;189373;2147839;INSTALACION DEL SISTEMA DE ALCANTARILLADO Y CONEXIONES DOMICILIARIAS EN EL SECTOR MIRAFLORES, DISTRITO DE REQUE - CHICLAYO - LAMBAYEQUE;MUNICIPALIDAD DISTRITAL DE REQUE;LAMBAYEQUE;CHICLAYO;REQUE;440;666827.18;Transferencia;Indirecta;OBRA;Concluido;;;;;;;;;
1071;PE;12546;PNSU;188875;2147840;MEJORAMIENTO Y AMPLIACION DEL SISTEMA DE AGUA Y ALCANTARILLADO, DISTRITO DE REQUE - CHICLAYO - LAMBAYEQUE;MUNICIPALIDAD DISTRITAL DE REQUE;LAMBAYEQUE;CHICLAYO;REQUE;10036;45771228;Transferencia;Indirecta;OBRA (SALDO);Concluido;;;;;;;;;
1072;PE;12547;PNSU;7556;2064802;MEJORAMIENTO Y AMPLIACION DEL SISTEMA DE AGUA POTABLE, ALCANTARILLADO Y DISPOSICION FINAL DE LAS AGUAS SERVIDAS DE LA CIUDAD DE SANTA ROSA;MUNICIPALIDAD DISTRITAL DE SANTA ROSA;LAMBAYEQUE;CHICLAYO;SANTA ROSA;12477;10494420;Transferencia;Indirecta;EXPEDIENTE TECNICO;Concluido;;;;;;;;;
1073;PE;12548;PNSU;123395;2105451;REHABILITACION Y AMPLIACION DEL SISTEMA DE AGUA POTABLE Y ALCANTARILLADO DE LA CIUDAD DE SANTA ROSA, DISTRITO DE SANTA ROSA - CHICLAYO - LAMBAYEQUE;MUNICIPALIDAD DISTRITAL DE SANTA ROSA;LAMBAYEQUE;CHICLAYO;SANTA ROSA;12477;20017172.04;Transferencia;Indirecta;OBRA;Concluido;;;;;;;;;
1074;PE;12549;PNSU;336523;2303200;AMPLIACION, MEJORAMIENTO DE LOS SERVICIOS DE AGUA POTABLE Y ALCANTARILLADO DE LA URBANIZACION SOL DE ORO, DISTRITO DE SANTA ROSA - CHICLAYO - LAMBAYEQUE;MUNICIPALIDAD DISTRITAL DE SANTA ROSA;LAMBAYEQUE;CHICLAYO;SANTA ROSA;1330;2430105.36;Transferencia;Indirecta;OBRA;Concluido;;;;;;;;;
1075;PE;12550;PNSU;195590;2152549;MEJORAMIENTO DEL SISTEMA DE ALCANTARILLADO E INSTALACION DE CONEXIONES DOMICILIARIAS DE AGUA POTABLE EN EL SECTOR JOSE OLAYA, DISTRITO DE SANTA ROSA - CHICLAYO - LAMBAYEQUE;MUNICIPALIDAD DISTRITAL DE SANTA ROSA;LAMBAYEQUE;CHICLAYO;SANTA ROSA;1974;3427566.76;Transferencia;Indirecta;OBRA;Concluido;;;;;;;;;
1076;PE;12551;PNSU;21802;2030173;INSTALACION DE LA RED DE ALCANTARILLADO Y AMPLIACION DE LA RED DE AGUA POTABLE DE LOS PJ MIRAFLORES Y SAN ANDRES -ZANA;ENTIDAD PRESTADORA DE SERVICIOS DE SANEAMIENTO DE LAMBAYEQUE S.A.;LAMBAYEQUE;CHICLAYO;SAÑA;684;1716562;Transferencia;Indirecta;OBRA;Concluido;;;;;;;;;
1077;PE;12552;PNSU;50852;2065008;MEJORAMIENTO IMPLEMENTACION DEL SISTEMA DE AGUA POTABLE Y ALCANTARILLADO C.P.M. SALTUR, DISTRITO DE SANA - CHICLAYO - LAMBAYEQUE;MUNICIPALIDAD DISTRITAL DE ZAÑA;LAMBAYEQUE;CHICLAYO;SAÑA;5800;6315333.66;Transferencia;Indirecta;OBRA;Concluido;;;;;;;;;
1078;PE;12553;PNSU;54299;2065311;MEJORAMIENTO DEL PLAN MAESTRO DE SANEAMIENTO AGUA POTABLE, DESAGUE Y TRATAMIENTO DE AGUAS RESIDUALES DEL DISTRITO DE SANA - CHICLAYO - LAMBAYEQUE;MUNICIPALIDAD DISTRITAL DE ZAÑA;LAMBAYEQUE;CHICLAYO;SAÑA;13668;50624716;Transferencia;Indirecta;OBRA;Concluido;;;;;;;;;
1079;PE;12554;PNSU;53822;2065261;MEJORAMIENTO DEL SERVICIO DE AGUA POTABLE Y ALCANTARILLADO DEL C.P.M LA OTRA BANDA - DISTRITO DE ZAÑA - CHICLAYO - LAMBAYEQUE;MUNICIPALIDAD DISTRITAL DE ZAÑA;LAMBAYEQUE;CHICLAYO;SAÑA;1352;2382857.04;Transferencia;Indirecta;OBRA;Concluido;;;;;;;;;
1080;PE;12555;PNSU;30876;2037618;MEJORAMIENTO Y AMPLIACION DEL SISTEMA DE AGUA POTABLE Y SANEAMIENTO DE TUMAN, DISTRITO DE TUMAN - CHICLAYO - LAMBAYEQUE;MUNICIPALIDAD DISTRITAL DE TUMAN;LAMBAYEQUE;CHICLAYO;TUMAN;24773;10375015;Transferencia;Indirecta;EXPEDIENTE TECNICO;Concluido;;;;;;;;;
1081;PE;12556;PNSU;62992;2066669;MEJORAMIENTO Y AMPLIACION DEL SISTEMA DE AGUA Y SANEAMIENTO DEL CENTRO POBLADO DE LUYA, DISTRITO DE TUMAN - CHICLAYO - LAMBAYEQUE;MUNICIPALIDAD DISTRITAL DE TUMAN;LAMBAYEQUE;CHICLAYO;TUMAN;1730;2523932;Transferencia;Indirecta;OBRA;Concluido;;;;;;;;;
1082;PE;12557;PNSU;168457;2136154;AMPLIACION Y MEJORAMIENTO INTEGRAL DE LOS SISTEMAS DE AGUA POTABLE Y ALCANTARILLADO DE LA LOCALIDAD DE TUMAN, DISTRITO DE TUMAN - CHICLAYO - LAMBAYEQUE;MUNICIPALIDAD DISTRITAL DE TUMAN;LAMBAYEQUE;CHICLAYO;TUMAN;27557;45927211.48;Transferencia;Indirecta;OBRA;Concluido;;;;;;;;;
1083;PE;12558;PNSU;60700;2054336;MEJORAMIENTO Y AMPLIACION DEL SISTEMA DE AGUA Y SANEAMIENTO DEL CENTRO POBLADO DE CALUPE CIUDAD DE TUMAN, DISTRITO DE TUMAN - CHICLAYO - LAMBAYEQUE;MUNICIPALIDAD DISTRITAL DE TUMAN;LAMBAYEQUE;CHICLAYO;TUMAN;2803;2678602.66;Transferencia;Indirecta;OBRA;Concluido;;;;;;;;;
1084;PE;12559;PNSU;180074;2141680;MEJORAMIENTO DE LOS SISTEMAS DE AGUA POTABLE Y ALCANTARILLADO DE LOS CENTROS POBLADOS DE RINCONAZO, LA GRANJA, EL TRIUNFO, LA CALERITA, Y LA PUNTA, DISTRITO DE TUMAN - CHICLAYO - LAMBAYEQUE;MUNICIPALIDAD DISTRITAL DE TUMAN;LAMBAYEQUE;CHICLAYO;TUMAN;1789;6108147.54;Transferencia;Indirecta;OBRA;Concluido;;;;;;;;;
1085;PE;12560;PNSU;207936;2197198;MEJORAMIENTO Y AMPLIACION DEL SISTEMA DE AGUA POTABLE Y ALCANTARILLADO LOCALIDAD DE PIMENTEL, DISTRITO DE PIMENTEL - CHICLAYO - LAMBAYEQUE;MUNICIPALIDAD DISTRITAL DE PIMENTEL;LAMBAYEQUE;CHICLAYO ;PIMENTEL;18473;62378843.66;Transferencia;Indirecta;EXPEDIENTE TECNICO;Concluido;;;;;;;;;
1086;PE;12561;PNSU;176637;2134535;MEJORAMIENTO Y AMPLIACION DE LOS SISTEMAS DE AGUA POTABLE Y ALCANTARILLADO DE LA LOCALIDAD DE FERREÑAFE, PROVINCIA DE FERRENAFE - LAMBAYEQUE;MUNICIPALIDAD PROVINCIAL DE FERREÑAFE;LAMBAYEQUE;FERREÑAFE;FERREÑAFE;37441;47824076.52;Transferencia;Indirecta;OBRA;Concluido;;;;;;;;;
1087;PE;12562;PNSU;34325;2061265;AMPLIACION DE REDES DE AGUA POTABLE, ALCANTARILLADO Y CONEXIONES DOMICILIARIAS EN LA U.V. ERNESTO VILCHEZ ALCANTARA - FERREÑAFE;ENTIDAD PRESTADORA DE SERVICIOS DE SANEAMIENTO DE LAMBAYEQUE S.A.;LAMBAYEQUE;FERREÑAFE;FERREÑAFE;1975;830133;Transferencia;Indirecta;OBRA;Concluido;;;;;;;;;
1088;PE;12563;PNSU;91948;2079015;AMPLIACION DEL SISTEMA DE REDES DE AGUA POTABLE Y REDES DE ALCANTARILLADO DEL DISTRITO DE FERREÑAFE, PROVINCIA DE FERRENAFE - LAMBAYEQUE;MUNICIPALIDAD PROVINCIAL DE FERREÑAFE;LAMBAYEQUE;FERREÑAFE;FERREÑAFE;11537;10351869;Transferencia;Indirecta;OBRA;Concluido;;;;;;;;;
1089;PE;12564;PNSU;38962;2125481;MEJORAMIENTO Y AMPLIACION DEL SISTEMA DEL ALCANTARILLADO DE MESONES MURO MESONES MURO, DISTRITO DE MANUEL ANTONIO MESONES MURO - FERRENAFE - LAMBAYEQUE;MUNICIPALIDAD DISTRITAL DE MANUEL ANTONIO MESONES MURO;LAMBAYEQUE;FERREÑAFE;MANUEL ANTONIO MESONES MURO;6500;981504;Transferencia;Indirecta;OBRA;Concluido;;;;;;;;;
1090;PE;12565;PNSU;39212;2054341;MEJORAMIENTO Y AMPLIACION INTEGRAL DE AGUA POTABLE Y CONSTRUCCION DEL SISTEMA DE ALCANTARILLADO DE LA ZARANDA LA ZARANDA, DISTRITO DE PITIPO – FERRENAFE – LAMBAYEQUE.;MUNICIPALIDAD DISTRITAL DE PITIPO;LAMBAYEQUE;FERREÑAFE;PITIPO;3402;4238798;Transferencia;Indirecta;OBRA;Concluido;;;;;;;;;
1091;PE;12566;PNSU;36927;2111442;CONSTRUCCION SISTEMA INTEGRAL DE AGUA POTABLE Y ALCANTARILLADO DE LA LOCALIDAD DE MOTUPILLO MOTUPILLO, DISTRITO DE PITIPO - FERRENAFE - LAMBAYEQUE;MUNICIPALIDAD DISTRITAL DE PITIPO;LAMBAYEQUE;FERREÑAFE;PITIPO;5000;6901924;Transferencia;Indirecta;OBRA;Concluido;;;;;;;;;
1092;PE;12567;PNSU;46332;2051163;CONSTRUCCION SISTEMA INTEGRAL DE AGUA POTABLE Y ALCANTARILLADO DE PITIPO CERCADO Y OTRAS LOCALIDADES CACHINCHE, EL ALGARROBITO, LA U , LA LIBERTAD, DISTRITO DE PITIPO - FERRENAFE - LAMBAYEQUE;MUNICIPALIDAD DISTRITAL DE PITIPO;LAMBAYEQUE;FERREÑAFE;PITIPO;8500;12166151;Transferencia;Indirecta;OBRA;Concluido;;;;;;;;;
1093;PE;12568;PNSU;126466;2099702;CONSTRUCCION DEL SISTEMA DE ALCANTARILLADO PARA LAS LOCALIDADES DE MOCHUMI VIEJO,MAYASCONG,LA TRAPOZA Y PAPAYO -DESAGUADERO, DISTRITO DE PITIPO - FERRENAFE - LAMBAYEQUE;MUNICIPALIDAD DISTRITAL DE PITIPO;LAMBAYEQUE;FERREÑAFE;PITIPO;4140;5397387.07;Transferencia;Indirecta;OBRA;Concluido;;;;;;;;;
1094;PE;12569;PNSU;46754;2054318;MEJORAMIENTO Y AMPLIACION DEL SISTEMA DE AGUA POTABLE Y ALCANTARILLADO DE SALAS SALAS, DISTRITO DE PITIPO - FERREÑAFE - LAMBAYEQUE;MUNICIPALIDAD DISTRITAL DE SALAS;LAMBAYEQUE;FERREÑAFE;PITIPO;6000;8486300;Transferencia;Indirecta;OBRA (SALDO);Concluido;;;;;;;;;
1095;PE;12570;PNSU;47873;2053841;MEJORAMIENTO DEL SISTEMA DE ALCANTARILLADO DEL CERCADO Y PUEBLOS JOVENES DEL, DISTRITO DE PUEBLO NUEVO - FERRENAFE - LAMBAYEQUE;MUNICIPALIDAD DISTRITAL DE PUEBLO NUEVO;LAMBAYEQUE;FERREÑAFE;PUEBLO NUEVO;20694;35351731.8;Transferencia;Indirecta;OBRA;Concluido;;;;;;;;;
1096;PE;12571;PNSU;54726;2053949;MEJORAMIENTO E INSTALACION DEL PLAN MAESTRO AGUA POTABLE, DISTRITO DE PUEBLO NUEVO - FERRENAFE - LAMBAYEQUE;MUNICIPALIDAD DISTRITAL DE PUEBLO NUEVO;LAMBAYEQUE;FERREÑAFE;PUEBLO NUEVO;15315;17803189;Transferencia;Indirecta;OBRA;Concluido;;;;;;;;;
1097;PE;12572;PNSU;51123;2046273;MEJORAMIENTO DEL SISTEMA DE AGUA POTABLE CON MOLINO DE VIENTO EN LOS CASERIOS: SAN PEDRO DE SASAPE, SAN ISIDRO, SAN JUAN, COMPUERTA MARCELO, LAS JUNTAS, CULPON ALTO, CULPON BAJO Y SAN JORGE, PROVINCIA DE LAMBAYEQUE - LAMBAYEQUE;MUNICIPALIDAD DISTRITAL DE ILLIMO;LAMBAYEQUE;LAMBAYEQUE;ILLIMO;3298;947423;Transferencia;Indirecta;EXPEDIENTE TECNICO;Concluido;;;;;;;;;
1098;PE;12573;PNSU;10908;2030568;MEJORAMIENTO DE LA LAGUNA DE ESTABILIZACION DE ILLIMO Y CONSTRUCCION DEL EMISOR DE Ø8 AL DREN MARCELO;ENTIDAD PRESTADORA DE SERVICIOS DE SANEAMIENTO DE LAMBAYEQUE S.A.;LAMBAYEQUE;LAMBAYEQUE;ILLIMO;5108;1110733;Transferencia;Indirecta;OBRA;Concluido;;;;;;;;;
1099;PE;12574;PNSU;28341;2028057;INSTALACION DE LAS REDES DE AGUA POTABLE Y ALCANTARILLADO CON CONEXIONES DOMICILIARIAS DEL SECTOR SAJINERO Y CALLE SEÑOR DE LOS MILAGROS-ILLIMO;MUNICIPALIDAD DISTRITAL DE ILLIMO;LAMBAYEQUE;LAMBAYEQUE;ILLIMO;194;440986;Transferencia;Indirecta;OBRA;Concluido;;;;;;;;;
1100;PE;12575;PNSU;38580;2090884;MEJORAMIENTO Y AMPLIACION INTEGRAL DEL SISTEMA DE AGUA POTABLE Y ALCANTARILLADO DE JAYANCA;MUNICIPALIDAD DISTRITAL DE JAYANCA;LAMBAYEQUE;LAMBAYEQUE;JAYANCA;8036;12415297;Transferencia;Indirecta;OBRA;Concluido;;;;;;;;;
1101;PE;12576;PNSU;28479;2029020;MEJORAMIENTO DEL COLECTOR SUR UNPRG Y DEL COLECTOR RAMON CASTILLA DE LA CIUDAD DE LAMBAYEQUE;ENTIDAD PRESTADORA DE SERVICIOS DE SANEAMIENTO DE LAMBAYEQUE S.A.;LAMBAYEQUE;LAMBAYEQUE;LAMBAYEQUE;16801;3688904.72;Transferencia;Indirecta;OBRA;Concluido;;;;;;;;;
1102;PE;12577;PNSU;25587;0;INSTALACION DEL SISTEMA DE AGUA POTABLE Y ALCANTARILLADO PARA LOS ASENTAMIENTOS HUMANOS LAS DUNAS Y NUEVO MOCCE;MUNICIPALIDAD PROVINCIAL DE LAMBAYEQUE;LAMBAYEQUE;LAMBAYEQUE;LAMBAYEQUE;40673;10197932;Transferencia;Indirecta;OBRA;Concluido;;;;;;;;;
1103;PE;12578;PNSU;65101;2067268;MEJORAMIENTO Y AMPLIACION INTEGRAL DE LOS SISTEMAS DE AGUA POTABLE Y ALCANTARILLADO DE LA LOCALIDAD DE LAMBAYEQUE, PROVINCIA DE LAMBAYEQUE - LAMBAYEQUE;MUNICIPALIDAD PROVINCIAL DE LAMBAYEQUE;LAMBAYEQUE;LAMBAYEQUE;LAMBAYEQUE;51337;70837702.44;Transferencia;Indirecta;OBRA;Convenio Resuelto;;;;;;;;;
1104;PE;12579;PNSU;24381;2026794;AMPLIACION DE LAS REDES DE AGUA POTABLE Y ALCANTARILLADO CON CONEXIONES DOMICILIARIAS DEL PJ SAN LUIS - MOCHUMI;ENTIDAD PRESTADORA DE SERVICIOS DE SANEAMIENTO DE LAMBAYEQUE S.A.;LAMBAYEQUE;LAMBAYEQUE;MOCHUMI;1238;813093;Transferencia;Indirecta;OBRA;Concluido;;;;;;;;;
1105;PE;12580;PNSU;28868;2060883;MEJORAMIENTO Y AMPLIACION INTEGRAL DEL SISTEMA DE AGUA POTABLE Y ALCANTARILLADO DE LA LOCALIDAD DE MOCHUMI;MUNICIPALIDAD DISTRITAL DE MOCHUMI;LAMBAYEQUE;LAMBAYEQUE;MOCHUMI;7589;12264705;Transferencia;Indirecta;OBRA;Concluido;;;;;;;;;
1106;PE;12581;PNSU;256846;2234202;INSTALACION DEL SISTEMA DE DRENAJE PLUVIAL EN EL AREA URBANA, DISTRITO DE MOCHUMI - LAMBAYEQUE - LAMBAYEQUE;MUNICIPALIDAD DISTRITAL DE MOCHUMI;LAMBAYEQUE;LAMBAYEQUE;MOCHUMI;7428;4649781.19;Transferencia;Indirecta;OBRA;Concluido;;;;;;;;;
1107;PE;12582;PNSU;52914;2050249;CONSTRUCCION DEL SISTEMA DE ABASTECIMIENTO DE AGUA POTABLE EN EL CASERIO CARRIZAL, DISTRITO DE MORROPE - LAMBAYEQUE - LAMBAYEQUE;MUNICIPALIDAD DISTRITAL DE MORROPE;LAMBAYEQUE;LAMBAYEQUE;MORROPE;161;155976;Transferencia;Indirecta;OBRA;Concluido;;;;;;;;;
1108;PE;12583;PNSU;52149;2050281;CONSTRUCCION DEL SISTEMA DE AGUA POTABLE PARA EL CASERIO DE ANNAPE Y ANEXO DE SAN ANTONIO, DISTRITO DE MORROPE - LAMBAYEQUE - LAMBAYEQUE;MUNICIPALIDAD DISTRITAL DE MORROPE;LAMBAYEQUE;LAMBAYEQUE;MORROPE;1166;391072;Transferencia;Indirecta;OBRA;Concluido;;;;;;;;;
1109;PE;12584;PNSU;51683;2054240;MEJORAMIENTO Y AMPLACION DEL SISTEMA DE AGUA POTABLE EN EL CASERIO LAGUNAS Y CHEPITO BAJO, DISTRITO DE MORROPE - LAMBAYEQUE - LAMBAYEQUE;MUNICIPALIDAD DISTRITAL DE MORROPE;LAMBAYEQUE;LAMBAYEQUE;MORROPE;1544;489834;Transferencia;Indirecta;OBRA;Concluido;;;;;;;;;
1110;PE;12585;PNSU;51725;2050247;CONSTRUCCION DEL SISTEMA DE ABASTECIMIENTO DE AGUA POTABLE EN CASERIO ARBOLSOL Y ANEXOS, DISTRITO DE MORROPE - LAMBAYEQUE - LAMBAYEQUE;MUNICIPALIDAD DISTRITAL DE MORROPE;LAMBAYEQUE;LAMBAYEQUE;MORROPE;1329;1329123;Transferencia;Indirecta;OBRA;Concluido;;;;;;;;;
1111;PE;12586;PNSU;51787;2050248;CONSTRUCCION DEL SISTEMA DE ABASTECIMIENTO DE AGUA POTABLE EN EL C.P. CRUZ DE MEDIANIA,CASERIO PORTADA DE BELEN Y A.H. 25 DE FEBRERO, DISTRITO DE MORROPE - LAMBAYEQUE - LAMBAYEQUE;MUNICIPALIDAD DISTRITAL DE MORROPE;LAMBAYEQUE;LAMBAYEQUE;MORROPE;1607;1468368;Transferencia;Indirecta;OBRA;Concluido;;;;;;;;;
1112;PE;12587;PNSU;61274;2066027;MEJORAMIENTO Y AMPLIACION DEL SISTEMA DE SANEAMIENTO BASICO DEL C. P CRUZ DEL MEDANO Y SUS ANEXOS EL PORVENIR, SAN MIGUEL, SANTA ELENA, SANTA ROSA, LOS SANCHEZ Y LOS BARRIOS DEL CASERIO LAGARTERA, DISTRITO DE MORROPE - LAMBAYEQUE - LAMBAYEQUE;MUNICIPALIDAD DISTRITAL DE MORROPE;LAMBAYEQUE;LAMBAYEQUE;MORROPE;4801;8247913.75;Transferencia;Indirecta;OBRA;Concluido;;;;;;;;;
1113;PE;12588;PNSU;103340;2090511;MEJORAMIENTO Y AMPLIACION DE SISTEMAS DE AGUA POTABLE Y ALCANTARILLADO LOCALIDAD DE MOTUPE, DISTRITO DE MOTUPE - LAMBAYEQUE - LAMBAYEQUE;MUNICIPALIDAD DISTRITAL DE MOTUPE;LAMBAYEQUE;LAMBAYEQUE;MOTUPE;13601;23789419.43;Transferencia;Indirecta;OBRA;Concluido;;;;;;;;;
1114;PE;12589;PNSU;216903;2213000;MEJORAMIENTO DE SISTEMAS DE AGUA POTABLE Y ALCANTARILLADO DE LA LOCALIDAD DE OLMOS, DISTRITO DE OLMOS - LAMBAYEQUE - LAMBAYEQUE;MUNICIPALIDAD DISTRITAL DE OLMOS;LAMBAYEQUE;LAMBAYEQUE;OLMOS;16459;48492635.05;Transferencia;Indirecta;OBRA;Concluido;;;;;;;;;
1115;PE;12590;PNSU;47129;2054279;MEJORAMIENTO Y AMPLIACION DEL  AGUA POTABLE E INSTALACION DE LETRINAS EN EL CPM CORRAL DE ARENA, DISTRITO DE OLMOS-LAMBAYEQUE;MUNICIPALIDAD DISTRITAL DE OLMOS;LAMBAYEQUE;LAMBAYEQUE;OLMOS;1406;700317;Transferencia;Indirecta;OBRA;Concluido;;;;;;;;;
1116;PE;12591;PNSU;51668;2051284;CONSTRUCCION Y EQUIPAMIENTO DE 4 POZOS Y 4 SISTEMAS DE AGUA POTABLE PARA EL ABASTECIMIENTO DE 15 CASERIOS DEL DISTRITO DE OLMOS, DISTRITO DE OLMOS - LAMBAYEQUE - LAMBAYEQUE;MUNICIPALIDAD DISTRITAL DE OLMOS;LAMBAYEQUE;LAMBAYEQUE;OLMOS;3780;435694;Transferencia;Indirecta;OBRA;Concluido;;;;;;;;;
1117;PE;12592;PNSU;23758;2034050;CONSTRUCCION DE SISTEMA DE AGUA POTABLE EN LOS CASERIOS DE PASAJE NORTE, ANCOL, FICUAR Y EL MILAGRO-OLMOS.;MUNICIPALIDAD DISTRITAL DE OLMOS;LAMBAYEQUE;LAMBAYEQUE;OLMOS;2560;236500;Transferencia;Indirecta;OBRA;Concluido;;;;;;;;;
1118;PE;12593;PNSU;43977;2047300;AMPLIACION SISTEMA DE AGUA POTABLE EN C.P CAPILLA CENTRAL, DISTRITO DE OLMOS - LAMBAYEQUE - LAMBAYEQUE;MUNICIPALIDAD DISTRITAL DE OLMOS;LAMBAYEQUE;LAMBAYEQUE;OLMOS;630;78947;Transferencia;Indirecta;OBRA;Concluido;;;;;;;;;
1119;PE;12594;PNSU;47024;2053789;MEJORAMIENTO DEL SISTEMA DE AGUA POTABLE E INSTALACION DE LETRINAS PARA EL CENTRO POBLADO EL PUENTE, DISTRITO DE OLMOS-LAMBAYEQUE-LAMBAYEQUE;MUNICIPALIDAD DISTRITAL DE OLMOS;LAMBAYEQUE;LAMBAYEQUE;OLMOS;737;239209;Transferencia;Indirecta;OBRA;Concluido;;;;;;;;;
1120;PE;12595;PNSU;47638;2054266;MEJORAMIENTO Y AMPLIACION DE LOS SISTEMAS DE AGUA POTABLE Y ALCANTARILLADO DE LA LOCALIDAD DE OLMOS.;MUNICIPALIDAD DISTRITAL DE OLMOS;LAMBAYEQUE;LAMBAYEQUE;OLMOS;10510;4394925;Transferencia;Indirecta;OBRA;Concluido;;;;;;;;;
1121;PE;12596;PNSU;73991;2070291;MEJORAMIENTO DE SERVICIO DEL SISTEMA DE AGUA POTABLE CON TANQUES ELEVADOS Y PILETAS PARA 13 CASERIOS DE LA ZONA DEL OESTE DEL DISTRITO DE OLMOS - LAMBAYEQUE - LAMBAYEQUE;MUNICIPALIDAD DISTRITAL DE OLMOS;LAMBAYEQUE;LAMBAYEQUE;OLMOS;2500;1210145;Transferencia;Indirecta;OBRA;Concluido;;;;;;;;;
1122;PE;12597;PNSU;64212;2067006;MEJORAMIENTO Y AMPLIACION DE LOS SERVICIOS DE AGUA POTABLE, ALCANTARILLADO Y TRATAMIENTO DE AGUAS SERVIDAS PARA EL ASENTAMIENTO HUMANO ALAN GARCIA PEREZ, DISTRITO DE OLMOS - LAMBAYEQUE - LAMBAYEQUE;MUNICIPALIDAD DISTRITAL DE OLMOS;LAMBAYEQUE;LAMBAYEQUE;OLMOS;3800;2090427;Transferencia;Directa;OBRA;Concluido;;;;;;;;;
1123;PE;12598;PNSU;272795;2187665;INSTALACION , AMPLIACION Y MEJORAMIENTO DE LOS SERVICIOS DE SANEAMIENTO BASICO RURAL (AGUA POTABLE Y LETRINAS DE ARRASTRE HIDRAULICO) EN LA ZONA RURAL DE LA LOCALIDAD DE PACORA, DISTRITO DE PACORA - LAMBAYEQUE - LAMBAYEQUE;MUNICIPALIDAD DISTRITAL DE PACORA;LAMBAYEQUE;LAMBAYEQUE;PACORA;3725;8785104.29;Transferencia;Indirecta;OBRA;Concluido;;;;;;;;;
1124;PE;12599;PNSU;74464;2104653;MEJORAMIENTO Y AMPLIACION DE LOS SISTEMAS DE AGUA POTBALE Y ALCANTARILLADO DE LA LOCALIDAD DE PACORA - LAMBAYEQUE;MUNICIPALIDAD DISTRITAL DE PACORA;LAMBAYEQUE;LAMBAYEQUE;PACORA;3703;22476366.15;Transferencia;Indirecta;OBRA (SALDO);Concluido;;;;;;;;;
1125;PE;12600;PNSU;19340;2228515;CONSTRUCCIÓN DE LETRINAS PÚBLICAS EN EL CASERIO CORRAL DE PIEDRA - SALAS (NO FINANCIADO POR EL PROGRAMA;GOBIERNO REGIONAL DE LAMBAYEQUE;LAMBAYEQUE;LAMBAYEQUE;SALAS;659;63452;Transferencia;Indirecta;OBRA;Concluido;;;;;;;;;
1126;PE;12601;PNSU;86078;2074793;MEJORAMIENTO Y AMPLIACION DEL SISTEMA DE AGUA POTABLE Y SANEAMIENTO CASERIOS SALAS COLAYA, LA RAMADA Y OTROS, DISTRITO DE SALAS - LAMBAYEQUE - LAMBAYEQUE;MUNICIPALIDAD DISTRITAL DE SALAS;LAMBAYEQUE;LAMBAYEQUE;SALAS;7500;18988815.11;Transferencia;Indirecta;OBRA;Concluido;;;;;;;;;
1127;PE;12602;PNSU;58493;2058097;CONSTRUCCION SISTEMA DE AGUA POTABLE LA SUCCHA LA SUCCHA ALTA Y LA SUCCHA BAJA, DISTRITO DE SALAS - LAMBAYEQUE - LAMBAYEQUE;MUNICIPALIDAD DISTRITAL DE SALAS;LAMBAYEQUE;LAMBAYEQUE;SALAS;300;187800;Transferencia;Indirecta;OBRA;Concluido;;;;;;;;;
1128;PE;12603;PNSU;54955;2058103;CONSTRUCCION DEL PLAN MAESTRO DE SANEAMIENTO AGUA POTABLE, DESAGUE Y TRATAMIENTO DE AGUAS RESIDUALES DE LA HABILITACION URBANA PROGRESIVA - JUAN TOMIS STACK - CIUDAD DE DIOS , DISTRITO DE SAN JOSE - LAMBAYEQUE - LAMBAYEQUE;MUNICIPALIDAD DISTRITAL DE SAN JOSE;LAMBAYEQUE;LAMBAYEQUE;SAN JOSE;13848;25775782.89;Transferencia;Indirecta;OBRA;Concluido;;;;;;;;;
1129;PE;12604;PNSU;135668;2126658;MEJORAMIENTO DE LAS REDES DE AGUA POTABLE Y ALCANTARILLADO EN LA CALLE ELVIRA GARCIA Y GARCIA, DISTRITO DE SAN JOSE - LAMBAYEQUE - LAMBAYEQUE;MUNICIPALIDAD DISTRITAL DE SAN JOSE;LAMBAYEQUE;LAMBAYEQUE;SAN JOSE;275;367763.9;Transferencia;Indirecta;OBRA;Concluido;;;;;;;;;
1130;PE;12605;PNSU;338514;2300841;MEJORAMIENTO DEL SISTEMA DE AGUA POTABLE  EN EL H.U.P. JUAN TOMIS STACK Y CIUDAD DE DIOS - DISTRITO DE SAN JOSÉ - PROVINCIA DE LAMBAYEQUE- REGIÓN LAMBAYEQUE.;ENTIDAD PRESTADORA DE SERVICIOS DE SANEAMIENTO DE LAMBAYEQUE S.A. ;LAMBAYEQUE;LAMBAYEQUE;SAN JOSE;14384;8312515.89;Transferencia;Indirecta;OBRA;Concluido;;;;;;;;;
1131;PE;12606;PNSU;177659;2144191;AMPLIACIÓN Y MEJORAMIENTO INTEGRAL DE LOS SISTEMAS DE AGUA POTABLE Y ALCANTARILLADO, DISTRITO DE SAN JOSÉ - LAMBAYEQUE - LAMBAYEQUE;MUNICIPALIDAD DISTRITAL DE SAN JOSE;LAMBAYEQUE;LAMBAYEQUE;SAN JOSE;13358;99689877.56;Transferencia;Indirecta;OBRA (Expediente Saldo);Concluido;;;;;;;;;
1132;PE;12607;PNSU;41333;2090885;MEJORAMIENTO Y AMPLIACION DEL SISTEMA DE AGUA POTABLE Y ALCANTARILLADO DE LA LOCALIDAD DE TUCUME;MUNICIPALIDAD DISTRITAL DE TUCUME;LAMBAYEQUE;LAMBAYEQUE;TUCUME;6533;9669813.49;Transferencia;Indirecta;OBRA (Expediente Saldo);En elaboración;;;;;;;;;
1133;PE;12608;PNSU;49934;2044700;CONSTRUCCION DEL RESERVORIO APOYADO DE 1,500 M3 BUENA VISTA - DISTRITO DE BARRANCA;GOBIERNO REGIONAL LIMA;LIMA;BARRANCA;BARRANCA;2091;950000;Transferencia;Indirecta;OBRA;Concluido;;;;;;;;;
1134;PE;12609;PNSU;52909;2090512;INSTALACION DEL SISTEMA DE AGUA POTABLE Y AMPLIACION DEL SISTEMA DE ALCANTARILLADO, SECTOR CERRO RONCADOR DE LA ZONA SUR ESTE DE BARRANCA - LIMA;EMPRESA DE SERVICIO MUNICIPAL DE AGUA POTABLE Y ALCANTARILLADO DE BARRANCA S.A. - SEMAPA BARRANCA S.A.;LIMA;BARRANCA;BARRANCA;12804;3672436.46;Transferencia;Indirecta;OBRA;Concluido;;;;;;;;;
1135;PE;12610;PNSU;18799;2042964;MEJORAMIENTO Y AMPLIACION DE LOS SISTEMAS DE AGUA POTABLE Y ALCANTARILLADO DE PARAMONGA;MUNICIPALIDAD DISTRITAL DE PARAMONGA;LIMA;BARRANCA;PARAMONGA;20054;5552860;Transferencia;Indirecta;OBRA;Concluido;;;;;;;;;
1136;PE;12611;PNSU;50223;2046356;NUEVO SISTEMA DE ABASTECIMIENTO DE AGUA POTABLE - PATIVILCA;MUNICIPALIDAD DISTRITAL DE PATIVILCA;LIMA;BARRANCA;PATIVILCA;16800;1980391;Transferencia;Directa;OBRA;Concluido;;;;;;;;;
1137;PE;12612;PNSU;93884;2077417;MEJORAMIENTO DEL SISTEMA DE AGUA Y ALCANTARILLADO SECTOR EL PORVENIR - PATIVILCA, DISTRITO DE PATIVILCA - BARRANCA - LIMA;MUNICIPALIDAD DISTRITAL DE PATIVILCA;LIMA;BARRANCA;PATIVILCA;4521;8494826.61;Transferencia;Indirecta;OBRA (SALDO);Paralizada;;;;;;;;;
1138;PE;12613;PNSU;8819;2018926;SISTEMA DE ALCANTARILLADO EN EL CENTRO POBLADO MENOR EL PORVENIR;GOBIERNO REGIONAL LIMA;LIMA;BARRANCA;SUPE;0;1310042;Transferencia;Indirecta;OBRA;Concluido;;;;;;;;;
1139;PE;12614;PNSU;77314;2092481;MEJORAMIENTO Y AMPLIACION DEL SISTEMA DE AGUA POTABLE, ALCANTARILLADO Y DISPOSICION FINAL DE LAS LOCALIDADES DE SUPE Y SAN NICOLAS DEL DISTRITO DE SUPE - BARRANCA;EPS EMAPA BARRANCA (INICIALMENTE MD DE SUPE);LIMA;BARRANCA;SUPE;17690;14822041.81;Transferencia;Indirecta;OBRA;Paralizada;;;;;;;;;
1140;PE;12615;PNSU;236634;2225399;MEJORAMIENTO DEL SISTEMA DE ALCANTARILLADO DE LOS CENTROS POBLADOS: VIRGEN DEL ROSARIO, VIRGEN DE LAS MERCEDES, VILLA LOS ANGELES Y SANTO DOMINGO, DISTRITO DE SUPE - BARRANCA - LIMA;MUNICIPALIDAD DISTRITAL DE SUPE;LIMA;BARRANCA;SUPE;1029;3799784.24;Transferencia;Indirecta;OBRA (SALDO);Concluido;;;;;;;;;
1141;PE;12616;PNSU;100179;2090770;MEJORAMIENTO Y AMPLIACION DEL SISTEMA DE AGUA POTABLE, ALCANTARILLADO Y DISPOSICION FINAL EN LA LOCALIDAD DE YANGAS Y ANEXOS DEL DISTRITO DE SANTA ROSA DE QUIVES - CANTA - LIMA;MUNICIPALIDAD DISTRITAL DE SANTA ROSA DE QUIVES;LIMA;CANTA;SANTA ROSA DE QUIVES;5592;7806790;Transferencia;Indirecta;OBRA;Concluido;;;;;;;;;
1142;PE;12617;PNSU;54327;2090158;MEJORAMIENTO Y AMPLIACIÓN DEL SISTEMA DE TRATAMIENTO DE AGUAS RESIDUALES EN LA LOCALIDAD DE CERRO AZUL - CAÑETE;MUNICIPALIDAD PROVINCIAL DE CAÑETE - SAN VICENTE DE CAÑETE;LIMA;CAÑETE;CERRO AZUL;4958;3644326;Transferencia;Indirecta;EXPEDIENTE TECNICO;Concluido;;;;;;;;;
1143;PE;12618;PNSU;387354;2378970;MEJORAMIENTO DEL SISTEMA DE  AGUA POTABLE  Y ALCANTARILLADO EN EL AA.HH  PUENTE  TABLA, DISTRITO DE CERRO AZUL - CANETE - LIMA;MUNICIPALIDAD DISTRITAL DE CERRO AZUL;LIMA;CAÑETE;CERRO AZUL;1040;4488404.63;Transferencia;Indirecta;OBRA;En Ejecución;;;;;;;;;
1144;PE;12619;PNSU;294508;2244668;INSTALACION DEL SISTEMA DE ALCANTARILLADO EN EL AA.HH SEÑOR DE LOS MILAGROS Y C.P CASA BLANCA, DISTRITO DE CERRO AZUL, PROVINCIA DE CAÑETE - LIMA;MUNICIPALIDAD DISTRITAL DE CERRO AZUL;LIMA;CAÑETE;CERRO AZUL;1767;9039179.98;Transferencia;;OBRA (SALDO);Actos Previos;;;;;;;;;
1145;PE;12620;PNSU;176710;2138958;CONSTRUCCION DEL SISTEMA DE ALCANTARILLADO E INSTALACIONES DOMICILIARIAS EN EL AA. HH. CERRO CANDELA, DISTRITO DE IMPERIAL - CANETE - LIMA;MUNICIPALIDAD DISTRITAL DE IMPERIAL;LIMA;CAÑETE;IMPERIAL;2500;4828573.86;Transferencia;Indirecta;OBRA;Concluido;;;;;;;;;
1146;PE;12621;PNSU;76635;2071236;INSTALACION DEL SISTEMA DE AGUA POTABLE Y ALCANTARILLADO EN EL CENTRO POBLADO PUEBLO NUEVO DE CONTA, DISTRITO DE NUEVO IMPERIAL - CANETE - LIMA;MUNICIPALIDAD DISTRITAL DE NUEVO IMPERIAL;LIMA;CAÑETE;NUEVO IMPERIAL;4038;10567847.38;Transferencia;Indirecta;OBRA;Concluido;;;;;;;;;
1147;PE;12622;PNSU;77484;2079989;CONSTRUCCION DE LOS SISTEMA DE AGUA POTABLE , ALCANTARILLADO Y LA PLANTA DE TRATAMIENTO DE AGUA RESIDUAL DEL CP LA FLORIDA, PROVINCIA DE CANETE - LIMA;MUNICIPALIDAD DISTRITAL DE NUEVO IMPERIAL;LIMA;CAÑETE;NUEVO IMPERIAL;3154;14567721.64;Transferencia;Indirecta;OBRA (SALDO);Concluido;;;;;;;;;
1148;PE;12623;PNSU;270941;2186824;AMPLIACION, MEJORAMIENTO DEL SISTEMA DE AGUA POTABLE E INSTALACION DEL ALCANTARILLADO SANITARIO EN EL C. P. CARMEN ALTO, DISTRITO DE NUEVO IMPERIAL - CANETE - LIMA;MUNICIPALIDAD DISTRITAL DE NUEVO IMPERIAL;LIMA;CAÑETE;NUEVO IMPERIAL;5038;15109437;Transferencia;Indirecta;OBRA;Concluido;;;;;;;;;
1149;PE;12624;PNSU;12892;2023123;AMPLIACION Y MEJORAMIENTO DEL SISTEMA DE AGUA POTABLE Y ALCANTARILLADO EN EL DISTRITO DE NUEVO IMPERIAL;MUNICIPALIDAD DISTRITAL DE NUEVO IMPERIAL;LIMA;CAÑETE;NUEVO IMPERIAL;10400;8391107.76;Transferencia;Indirecta;OBRA (SALDO);Concluido;;;;;;;;;
1150;PE;12625;PNSU;53910;2045719;CONSTRUCION DE LOS SISTEMAS DE AGUA POTABLE Y ALCANTARRILLADO Y PLANTA DE TRATAMIENTO DE AGUAS RESIDUALES EN EL DISTRITO DE PACARAN;GOBIERNO REGIONAL LIMA;LIMA;CAÑETE;PACARAN;3091;6716803.7;Transferencia;Indirecta;EXPEDIENTE TECNICO;Concluido;;;;;;;;;
1151;PE;12626;PNSU;317217;2264474;MEJORAMIENTO Y AMPLIACION DEL SISTEMA DE AGUA POTABLE Y ALCANTARILLADO EN LOS CENTROS POBLADOS DE  PACARAN, ROMANI Y JACAYITA, Y  ANEXOS JACAYA Y PUEBLO NUEVO DE ROMANI, DISTRITO DE PACARAN - CANETE - LIMA;MUNICIPALIDAD DISTRITAL DE PACARAN;LIMA;CAÑETE;PACARAN;3344;12355210.46;Transferencia;Indirecta;OBRA;Concluido;;;;;;;;;
1152;PE;12627;PNSU;55259;2086684;MEJORAMIENTO Y AMPLIACION DEL SISTEMA DE AGUA POTABLE Y ALCANTARILLADO EN LA LOCALIDAD DE SAN ANTONIO - CAÑETE - ETAPA II;EPS EMAPA CAÑETE;LIMA;CAÑETE;SAN ANTONIO;3771;15664051.33;Transferencia;Indirecta;OBRA (SALDO);Convenio Resuelto;;;;;;;;;
1153;PE;12628;PNSU;34142;2029692;CONSTRUCCION DEL SISTEMA DE TRATAMIENTO DE AGUAS RESIDUALES EN EL DISTRITO DE SAN LUIS-CENTRO POBLADO MENOR SANTA BARBARA;GOBIERNO REGIONAL LIMA;LIMA;CAÑETE;SAN LUIS;15172;2055282.21;Transferencia;Indirecta;OBRA;Concluido;;;;;;;;;
1154;PE;12629;PNSU;332329;2290817;MEJORAMIENTO, AMPLIACION DEL SISTEMA DE AGUA POTABLE Y ALCANTARILLADO EN EL SECTOR LA VIVIENDA SANTA BARBARA, DISTRITO DE SAN LUIS - CANETE - LIMA;MUNICIPALIDAD DISTRITAL DE SAN LUIS;LIMA;CAÑETE;SAN LUIS;1632;2897279.12;Transferencia;Indirecta;OBRA;Concluido;;;;;;;;;
1155;PE;12630;PNSU;212719;2203888;AMPLIACION DE REDES DE AGUA POTABLE E INSTALACION DEL SISTEMA DE ALCANTARILLADO EN EL C.P. DON OSCAR, DISTRITO DE SAN LUIS - CANETE - LIMA;MUNICIPALIDAD DISTRITAL DE SAN LUIS;LIMA;CAÑETE;SAN LUIS;540;4838616.89;Transferencia;Indirecta;OBRA;Paralizada;;;;;;;;;
1156;PE;12631;PNSU;79272;2226187;MEJORAMIENTO Y AMPLIACIÓN DEL SISTEMA DE AGUA POTABLE Y ALCANTARILLADO DEL DISTRITO DE ZÚÑIGA Y ANEXOS  (SAN JUAN, SAN JUANITO, CASCAJAL, LARPA  , MACHURANGA, CAMPANA, APOTARA) - DISTRITO DE ZUÑIGA,  PROVINCIA DE CAÑETE;MUNICIPALIDAD DISTRITAL DE ZUÑIGA;LIMA;CAÑETE;ZUÑIGA;1905;8278383.02;Transferencia;Indirecta;OBRA;Concluido;;;;;;;;;
1157;PE;12632;PNSU;53702;2090155;MEJORAMIENTO Y AMPLIACIÓN DEL SISTEMA DE AGUA POTABLE Y ALCANTARILLADO EN EL CENTRO POBLADO SAN MARCOS DE LA AGUADA DEL DISTRITO DE MALA – CAÑETE;REGION LIMA;LIMA;CAÑETE ;MALA;6472;6573014.35;Transferencia;Indirecta;EXPEDIENTE TECNICO;Concluido;;;;;;;;;
1158;PE;12633;PNSU;46703;2064863;AMPLIACION DEL SISTEMA DE DESAGUE DE LOS AA. HH. LOS ALAMOS Y MIRAMAR, DISTRITO DE CHANCAY - HUARAL - LIMA;MUNICIPALIDAD DISTRITAL DE CHANCAY;LIMA;HUARAL;CHANCAY;3408;1442048;Transferencia;Directa;OBRA;Concluido;;;;;;;;;
1159;PE;12634;PNSU;46735;2064867;AMPLIACION SISTEMA DE DESAGUE AA.HH. LA SOLEDAD Y PACIFICO, DISTRITO DE CHANCAY - HUARAL - LIMA;MUNICIPALIDAD DISTRITAL DE CHANCAY;LIMA;HUARAL;CHANCAY;3138;1481163;Transferencia;Directa;OBRA;Concluido;;;;;;;;;
1160;PE;12635;PNSU;46927;2064870;AMPLIACION LINEA DE CONDUCCION PLANTA QUEPEPAMPA - LA SOLEDAD , DISTRITO DE CHANCAY - HUARAL - LIMA;MUNICIPALIDAD DISTRITAL DE CHANCAY;LIMA;HUARAL;CHANCAY;6132;1452374;Transferencia;Directa;OBRA;Concluido;;;;;;;;;
1161;PE;12636;PNSU;59641;2065816;INSTALACION SISTEMA INTEGRAL DE AGUA POTABLE Y ALCANTARRILLADO CENTRO POBLADO QUEPEPAMPA, DISTRITO DE CHANCAY - HUARAL - LIMA;MUNICIPALIDAD DISTRITAL DE CHANCAY;LIMA;HUARAL;CHANCAY;1178;1878171;Transferencia;Directa;OBRA;Concluido;;;;;;;;;
1162;PE;12637;PNSU;21256;2023106;SISTEMA DE AGUA POTABLE Y ALCANTARILLADO EN EL ASENTAMIENTO HUMANO EL ANGEL;GOBIERNO REGIONAL LIMA;LIMA;HUARAL;HUARAL;896;2163969.2;Transferencia;Indirecta;OBRA;Concluido;;;;;;;;;
1163;PE;12638;PNSU;45097;2041038;AMPLIACION RED DE AGUA POTABLE Y ALCANTARILLADO SECTOR LOS JARDINES II ETAPA;EMPRESA MUNICIPAL DE LOS SERVICIOS DE AGUA POTABLE Y ALCANTARILLADO DE HUARAL S.A.;LIMA;HUARAL;HUARAL;195;137683;Transferencia;Directa;OBRA;Concluido;;;;;;;;;
1164;PE;12639;PNSU;43876;2041037;AMPLIACION DE RED AGUA POTABLE Y ALCANTARILLADO SECTOR LAN CHUN KIN - HUARAL EMAPA HUARAL;EMPRESA MUNICIPAL DE LOS SERVICIOS DE AGUA POTABLE Y ALCANTARILLADO DE HUARAL S.A.;LIMA;HUARAL;HUARAL;70;42007;Transferencia;Directa;OBRA;Concluido;;;;;;;;;
1165;PE;12640;PNSU;42637;2041034;RENOVACION RED DE ALCANTARILLADO SECTOR TRES PALMERAS - HUARAL EMAPA HUARAL;EMPRESA MUNICIPAL DE LOS SERVICIOS DE AGUA POTABLE Y ALCANTARILLADO DE HUARAL S.A.;LIMA;HUARAL;HUARAL;155;31199;Transferencia;Directa;OBRA;Concluido;;;;;;;;;
1166;PE;12641;PNSU;42639;2041035;AMPLIACION DE RED DE ALCANTARILLADO CALLE MORALES BERMUDEZ - HUARAL EMAPA HUARAL;EMPRESA MUNICIPAL DE LOS SERVICIOS DE AGUA POTABLE Y ALCANTARILLADO DE HUARAL S.A.;LIMA;HUARAL;HUARAL;75;13949;Transferencia;Directa;OBRA;Concluido;;;;;;;;;
1167;PE;12642;PNSU;43782;2041036;AMPLIACION DE RED DE ALCANTARILLADO SECTOR LA CAPORALA II - HUARAL EMAPA HUARAL;EMPRESA MUNICIPAL DE LOS SERVICIOS DE AGUA POTABLE Y ALCANTARILLADO DE HUARAL S.A.;LIMA;HUARAL;HUARAL;270;86663;Transferencia;Directa;OBRA;Concluido;;;;;;;;;
1168;PE;12643;PNSU;238817;2179026;INSTALACION Y REHABILITACION DEL SISTEMA DE AGUA POTABLE Y ALCANTARILLADO DEL SECTOR NOR ESTE PERIFERICO DE LA CIUDAD DE HUARAL, PROVINCIA DE HUARAL - LIMA;MUNICIPALIDAD PROVINCIAL DE HUARAL;LIMA;HUARAL;HUARAL;13760;4346148.96;Transferencia;Indirecta;OBRA;Concluido;;;;;;;;;
1169;PE;12644;PNSU;222629;2177032;MEJORAMIENTO INTEGRAL Y AMPLIACION DE LOS SERVICIOS DE AGUA Y DESAGUE DE LOS AA.HH. EL ANGEL, CONTIGO PERU, LA HUACA, SANTA ELENA Y NUEVO HUARAL DE LA CIUDAD DE HUARAL, PROVINCIA DE HUARAL - LIMA;GOBIERNO REGIONAL DE LIMA;LIMA;HUARAL;HUARAL;4506;21336376.15;Transferencia;Directa;OBRA;Concluido;;;;;;;;;
1170;PE;12645;PNSU;164006;2176842;INSTALACION DEL INTERCEPTOR Y CONSTRUCCION DE LA PLANTA DE TRATAMIENTO DE AGUAS RESIDUALES DE LA CIUDAD DE HUARAL, PROVINCIA DE HUARAL - LIMA;MUNICIPALIDAD PROVINCIAL DE HUARAL;LIMA;HUARAL;HUARAL;95556;106459970.4;Transferencia;Indirecta;OBRA;Paralizada;;;;;;;;;
1171;PE;12646;PNSU;72449;2069697;MEJORAMIENTO DEL SERVICIO DE AGUA POTABLE Y ALCANTARILLADO EN EL C.P. SAN MIGUEL DE ACOS, DISTRITO DE SAN MIGUEL DE ACOS, PROVINCIA DE HUARAL - LIMA;MUNICIPALIDAD DISTRITAL DE SAN MIGUEL DE ACOS;LIMA;HUARAL;SAN MIGUEL DE ACOS;713;1295184;Transferencia;Directa;OBRA;Concluido;;;;;;;;;
1172;PE;12647;PNSU;9330;2021444;MEJORAMIENTO DEL SISTEMA DE AGUA POTABLE DE MATUCANA;GOBIERNO REGIONAL LIMA;LIMA;HUAROCHIRI;MATUCANA;3777;2201222.49;Transferencia;Indirecta;OBRA;Concluido;;;;;;;;;
1173;PE;12648;PNSU;39004;2039868;MEJORAMIENTO DEL SISTEMA DE AGUA POTABLE DE RICARDO PALMA - HUAROCHIRI;GOBIERNO REGIONAL LIMA;LIMA;HUAROCHIRI;RICARDO PALMA;9396;1789553;Transferencia;Indirecta;OBRA;Concluido;;;;;;;;;
1174;PE;12649;PNSU;271489;2187005;AMPLIACION, MEJORAMIENTO DE LA CAPTACION Y ALMACENAMIENTO DEL SERVICIO  DE AGUA POTABLE  DEL, DISTRITO DE CALETA DE CARQUIN - HUAURA - LIMA;MUNICIPALIDAD DISTRITAL DE CALETA DE CARQUIN;LIMA;HUAURA;CALETA DE CARQUIN;6600;3932186.27;Transferencia;Indirecta;OBRA;Concluido;;;;;;;;;
1175;PE;12650;PNSU;6222;2030176;INSTALACION DEL SISTEMA DE AGUA POTABLE Y AMPLIACION DEL SISTEMA DE ALCANTARILLADO PARA LA LOCALIDAD DE MANZANARES - HUACHO;EMPRESA DE AGUA POTABLE Y ALCANTARILLADO DE LA PROVINCIA DE HUACHO;LIMA;HUAURA;HUACHO;6395;4347941;Transferencia;Indirecta;OBRA;Concluido;;;;;;;;;
1176;PE;12651;PNSU;29375;2061279;REHABILITACION DEL SISTEMA DE AGUA Y ALCANTARILLADO DE LA AV. LUNA ARRIETA Y PUERTO DE HUACHO;GOBIERNO REGIONAL LIMA;LIMA;HUAURA;HUACHO;779;850703.83;Transferencia;Indirecta;OBRA;Concluido;;;;;;;;;
1177;PE;12652;PNSU;152207;2117090;RENOVACION DE REDES Y CONEXIONES DOMICILIARIAS DE AGUA POTABLE Y ALCANTARILLADO. CALLE AMPARO CARDENAS, PSJ. SANTA ELENA, QUINTA CARDENAS Y ZONAS ALEDAÑAS. HUACHO;EMPRESA DE AGUA POTABLE Y ALCANTARILLADO DE LA PROVINCIA DE HUACHO;LIMA;HUAURA;HUACHO;340;182828.21;Transferencia;Directa;OBRA;Concluido;;;;;;;;;
1178;PE;12653;PNSU;239540;2235787;INSTALACION DE LOS SERVICIOS DE AGUA POTABLE Y ALCANTARILLADO EN LA LOCALIDAD DEL CONO SUR DEL DISTRITO DE HUACHO, PROVINCIA DE HUAURA - DEPARTAMENTO DE LIMA;EMPRESA MUNICIPAL DE AGUA POTABLE Y ALCANTARILLADO DE HUACHO S.A.;LIMA;HUAURA;HUACHO;9996;12825627.94;Transferencia;Indirecta;OBRA;Concluido;;;;;;;;;
1179;PE;12654;PNSU;91457;2217620;AMPLIACION Y MEJORAMIENTO DE LOS SISTEMAS DE AGUA POTABLE Y ALCANTARILLADO DE LA ZONA SUR ESTE DEL DISTRITO DE HUALMAY - HUAURA - LIMA;MUNICIPALIDAD DISTRITAL DE DE HUALMAY;LIMA;HUAURA;HUALMAY;6623;4018904.4;Transferencia;Indirecta;EXPEDIENTE TECNICO;Concluido;;;;;;;;;
1180;PE;12655;PNSU;91778;2107683;AMPLIACION Y MEJORAMIENTO DE LOS SISTEMAS DE AGUA POTABLE Y ALCANTARILLADO DE LA ZONA SUR-OESTE DEL DISTRITO DE HUALMAY - HUAURA - LIMA;MUNICIPALIDAD DISTRITAL DE DE HUALMAY;LIMA;HUAURA;HUALMAY;10250;5752870;Transferencia;Indirecta;OBRA;Concluido;;;;;;;;;
1181;PE;12656;PNSU;91721;2143556;AMPLIACIÓN Y MEJORAMIENTO DE LOS SISTEMAS DE AGUA POTABLE Y ALCANTARILLADO DE LA ZONA NOR ESTE DEL DISTRITO DE HUALMAY, PROVINCIA DE HUAURA, DEPARTAMENTO DE LIMA;MUNICIPALIDAD DISTRITAL DE HUALMAY;LIMA;HUAURA;HUALMAY;10699;5995735.62;Transferencia;Indirecta;OBRA;Concluido;;;;;;;;;
1182;PE;12657;PNSU;47146;2045134;RENOVACION DE LA RED DE AGUA POTABLE Y ALCANTARILLADO DE LA URBANIZACION LAS PALMAS, AAHH. LA ESPERANZA Y ZONAS ALEDAÑAS DEL DISTRITO DE HUALMAY;EMPRESA DE AGUA POTABLE Y ALCANTARILLADO DE LA PROVINCIA DE HUACHO;LIMA;HUAURA;HUALMAY;5600;2854073;Transferencia;Directa;OBRA;Concluido;;;;;;;;;
1183;PE;12658;PNSU;144356;2117079;REHABILITACION DE REDES MATRICES Y CONEXIONES DOMICILIARIAS DE AGUA POTABLE DE LA CALLE ESTEBAN PICHILINGUE, CALLE FEDERICO VILLARREAL Y PSJ. MANUEL UBALDE. DISTRITO DE HUALMAY;EMPRESA DE AGUA POTABLE Y ALCANTARILLADO DE LA PROVINCIA DE HUACHO;LIMA;HUAURA;HUALMAY;495;99872.38;Transferencia;Directa;OBRA;Concluido;;;;;;;;;
1184;PE;12659;PNSU;48752;2064902;MEJORAMIENTO DE LAS REDES DEL SISTEMA DE ALCANTARILLADO DEL CENTRO POBLADO UNIFICADO JOSE CARLOS MARIATEGUI, DISTRITO DE HUAURA - HUAURA - LIMA;MUNICIPALIDAD DISTRITAL DE HUAURA;LIMA;HUAURA;HUAURA;3760;1678353;Transferencia;Indirecta;OBRA;Concluido;;;;;;;;;
1185;PE;12660;PNSU;157249;2189196;MEJORAMIENTO DEL SISTEMA DE AGUA POTABLE Y ALCANTARILLADO DEL CENTRO POBLADO DE HUMAYA, DISTRITO DE HUAURA - HUAURA - LIMA;REGION LIMA;LIMA;HUAURA;HUAURA;3678;15016929.06;Transferencia;Directa;OBRA;Concluido;;;;;;;;;
1186;PE;12661;PNSU;70952;2069196;CONSTRUCCION DEL SISTEMA DE ALCANTARILLADO DE LA COMUNIDAD DE SANTA CRUZ, DISTRITO DE LEONCIO PRADO - HUAURA - LIMA;MUNICIPALIDAD DISTRITAL DE LEONCIO PRADO;LIMA;HUAURA;LEONCIO PRADO;396;460607.97;Transferencia;Directa;OBRA;Concluido;;;;;;;;;
1187;PE;12662;PNSU;110557;2123762;CONSTRUCCION REDES DE AGUA Y ALCANTARILLADO, CON EQUIPAMIENTO Y CASETA DEL POZO TUBULAR EN EL SECTOR EX AA.HH. ALBERTO FUJIMORI FUJIMORI, DISTRITO DE SANTA MARIA - HUAURA - LIMA;MUNICIPALIDAD DISTRITAL DE SANTA MARIA;LIMA;HUAURA;SANTA MARIA;4890;13088005.95;Transferencia;Indirecta;OBRA;Concluido;;;;;;;;;
1188;PE;12663;PNSU;11725;2086631;MEDIDAS DE RAPIDO IMPACTO DE EMAPA HUACHO CIUDAD DE HUACHO;MUNICIPALIDAD PROVINCIAL DE HUAURA;LIMA;HUAURA;SANTA MARIA;24101;73402251.01;Transferencia;Indirecta;OBRA (SALDO);Paralizada;;;;;;;;;
1189;PE;12664;PNSU;150402;2123015;CONSTRUCCION DEL SISTEMA DE AGUA POTABLE Y ALCANTARILLADO DE LOS C.P. TIWINZA, STA. CONSTANZA, DON ALBERTO, EL AHORCADO Y BELEN, DISTRITO DE SAYAN - HUAURA - LIMA;MUNICIPALIDAD DISTRITAL DE SAYAN;LIMA;HUAURA;SAYAN;4230;8622989.54;Transferencia;Indirecta;OBRA;Concluido;;;;;;;;;
1190;PE;12665;PNSU;45565;2061281;MEJORAMIENTO DEL SISTEMA DE AGUA POTABLE Y ALCANTARILLADO DEL AA.HH. TOMA Y CALLA - DISTRITO DE SANTA MARIA;GOBIERNO REGIONAL LIMA;LIMA;HUAURA;VEGUETA;1026;320982;Transferencia;Indirecta;OBRA;Concluido;;;;;;;;;
1191;PE;12666;PNSU;45574;2061280;MEJORAMIENTO DEL SISTEMA DE AGUA POTABLE Y ALCANTARILLADO DE LA LOCALIDAD DE MAZO EN EL DISTRITO DE VEGUETA-PROVINCIA DE HUAURA;GOBIERNO REGIONAL LIMA;LIMA;HUAURA;VEGUETA;1785;3927765.12;Transferencia;Indirecta;OBRA;Concluido;;;;;;;;;
1192;PE;12667;PNSU;32863;2032729;CONSTRUCCION CULMINACION DEL SISTEMA DE ALCANTARILLADO - CONEXIONES DOMICILIARIAS Y PLANTA DE TRATAMIENTO CENTRO POBLADO LA PERLITA, DISTRITO DE VEGUETA - HUAURA - LIMA;MUNICIPALIDAD DISTRITAL DE VEGUETA;LIMA;HUAURA;VEGUETA;2000;183690;Transferencia;Directa;OBRA;Concluido;;;;;;;;;
1193;PE;12668;PNSU;7651;2092709;MEJORAMIENTO E INSTALACIÓN DEL SISTEMA DE AGUA POTABLE Y ALCANTARILLADO PARA LOS CENTROS POBLADOS DE MEDIO MUNDO Y LAS AMÉRICAS - DISTRITO DE VÉGUETA;MUNICIPALIDAD DISTRITAL DE VEGUETA;LIMA;HUAURA;VEGUETA;0;1843816.41;Transferencia;Directa;OBRA;Concluido;;;;;;;;;
1194;PE;12669;PNSU;227637;2217470;AMPLIACION Y MEJORAMIENTO DEL SISTEMA DE AGUA POTABLE Y ALCANTARILLADO DE LA CAPITAL SAN JERONIMO DE SAYAN, DISTRITO DE SAYAN - HUAURA - LIMA;MUNICIPALIDAD DISTRITAL DE SAYAN;LIMA;HUAURA ;SAYAN;10165;25247070;Transferencia;Indirecta;EXPEDIENTE TECNICO;Concluido;;;;;;;;;
1195;PE;12670;PNSU;42305;2044654;CONSTRUCCIÓN SISTEMA DE AGUA POTABLE Y SANEAMIENTO DEL CENTRO POBLADO DE QUICHAS, PROVINCIA DE OYON - LIMA (POR ANULAR;MUNICIPALIDAD PROVINCIAL DE OYON;LIMA;OYON;OYON;975;2790670;Transferencia;Indirecta;OBRA;Concluido;;;;;;;;;
1196;PE;12671;PNSU;42364;2051096;CONSTRUCCIÓN SISTEMA DE AGUA POTABLE Y SANEAMIENTO CENTRO POBLADO DE MALLAY, PROVINCIA DE OYON - LIMA (POR ANULAR;MUNICIPALIDAD PROVINCIAL DE OYON;LIMA;OYON;OYON;630;1938502;Transferencia;Indirecta;OBRA;Concluido;;;;;;;;;
1197;PE;12672;PNSU;71714;2081242;CONSTRUCCION DEL SISTEMA DE AGUA POTABLE Y ALCANTARILLADO CENTRO POBLADO DE VIROC, PROVINCIA DE OYON - LIMA;MUNICIPALIDAD PROVINCIAL DE OYON;LIMA;OYON;OYON;545;1152159.05;Transferencia;Indirecta;OBRA;Concluido;;;;;;;;;
1198;PE;12673;PNSU;103446;2101645;INSTALACION DE LOS SISTEMAS DE AGUA Y ALCANTARILLADO Y PLANTA DE TRATAMIENTO DE AGUAS RESIDUALES DEL DISTRITO DE ALLAUCA Y ANEXOS, DISTRITO DE AYAUCA - YAUYOS - LIMA;MUNICIPALIDAD DISTRITAL DE AYAUCA;LIMA;YAUYOS;AYAUCA;4452;7340615.86;Transferencia;Indirecta;OBRA;Concluido;;;;;;;;;
1199;PE;12674;PNSU;80435;2072669;INSTALACION DE LOS SISTEMAS DE AGUA POTABLE Y ALCANTARILLADO Y TRATAMIENTO DE AGUAS RESIDUALES  EN EL DISTRITO DE CATAHUASI Y ANEXOS, PROVINCIA DE YAUYOS, DEPARTAMENTO DE LIMA;MUNICIPALIDAD DISTRITAL DE CATAHUASI;LIMA;YAUYOS;CATAHUASI;1785;5371515.73;Transferencia;Indirecta;EXPEDIENTE TECNICO;Concluido;;;;;;;;;
1200;PE;12675;PNSU;26640;2030107;MEJORAMIENTO E INSTALACION DEL SISTEMA DE AGUA POTABLE Y ALCANTARILLADO PARA LA CAPITAL DE DISTRITO COLONIA - PAMPAS;GOBIERNO REGIONAL LIMA;LIMA;YAUYOS;COLONIA;1578;1257462.65;Transferencia;Indirecta;OBRA;Concluido;;;;;;;;;
1201;PE;12676;PNSU;102226;2100632;MEJORAMIENTO Y AMPLIACION DEL SISTEMA DE LOS SISTEMAS DE AGUA POTABLE, ALCANTARILLADO  Y PLANTAS  EN EL DISTRITO DE QUINCHES Y CENTROS POBLADOS - YAUYOS;MUNICIPALIDAD DISTRITAL DE QUINCHES;LIMA;YAUYOS;QUINCHES;250;3688904;Transferencia;Indirecta;PREINVERSION;Concluido;;;;;;;;;
1202;PE;12677;PNSU;102222;2099708;CONSTRUCCION DEL SISTEMA ALCANTARILLADO Y PLANTA DE TRATAMIENTO DE AGUAS SERVIDAS  - QUINOCAY;MUNICIPALIDAD DISTRITAL DE QUINIOCAY;LIMA;YAUYOS;QUINOCAY;250;973500;Transferencia;Indirecta;PREINVERSION;Concluido;;;;;;;;;
1203;PE;12678;PNSU;102227;2104490;MEJORAMIENTO Y AMPLIACION DE LOS SISTEMAS DE AGUA POTABLE  ANEXO DE VISCAS QUINOCAY;MUNICIPALIDAD DISTRITAL DE QUINIOCAY;LIMA;YAUYOS;QUINOCAY;800;215158;Transferencia;Indirecta;PREINVERSION;Concluido;;;;;;;;;
1204;PE;12679;PNSU;102218;2104250;MEJORAMIENTO DEL SISTEMA DE AGUA POTABLE, SISTEMA DE ALCANTARILLADO Y PLANTA DE TRATAMIENTO DE AGUAS RESIDUALES EN EL ANEXO DE AQUICHA, DISTRITO DE YAUYOS, PROVINCIA DE YAUYOS - LIMA;MUNICIPALIDAD PROVINCIAL DE YAUYOS;LIMA;YAUYOS;YAUYOS;750;1815654;Transferencia;Indirecta;OBRA;Concluido;;;;;;;;;
1205;PE;12680;PNSU;176784;2142969;MEJORAMIENTO Y AMPLIACIÓN DEL SISTEMA DE AGUA POTABLE Y CONSTRUCCIÓN DEL SISTEMA DE ALCANTARILLADO Y PLANTA DE TRATAMIENTO DE AGUAS SERVIDAS EN EL ANEXO DE AUCO DISTRITO DE YAUYOS, PROVINCIA DE YAUYOS - LIMA;MUNICIPALIDAD PROVINCIAL DE YAUYOS;LIMA;YAUYOS;YAUYOS;809;1896797.76;Transferencia;Indirecta;OBRA;Concluido;;;;;;;;;
1206;PE;12681;PNSU;102154;2104246;MEJORAMIENTO DEL SISTEMA DE AGUA POTABLE, DEL SISTEMA DE ALCANTARILLADO Y PLANTA DE TRATAMIENTO DE AGUAS SERVIDAS EN EL ANEXO DE PUENTE AUCO, DISTRITO DE YAUYOS, PROVINCIA DE YAUYOS - LIMA;MUNICIPALIDAD PROVINCIAL DE YAUYOS;LIMA;YAUYOS;YAUYOS;230;1127295.19;Transferencia;Indirecta;OBRA;Concluido;;;;;;;;;
1207;PE;12682;PNSU;102112;2104988;MEJORAMIENTO, AMPLIACION DE LOS SISTEMAS DE AGUA POTABLE, ALCANTARILLADO Y PLANTA DE TRATAMIENTO EN EL DISTRITO DE PUTINZA, PROVINCIA DE YAUYOS - LIMA;REGION LIMA;LIMA;YAUYOS ;PUTINZA;481;1174814;Transferencia;Indirecta;PREINVERSION;Concluido;;;;;;;;;
1208;PE;12683;PNSU;115620;2095985;AMPLIACION Y MEJORAMIENTO DEL SISTEMA DE AGUA Y DESAGUE DE LAGUNAS, DISTRITO DE LAGUNAS - ALTO AMAZONAS - LORETO;MUNICIPALIDAD DISTRITAL DE LAGUNAS;LORETO;ALTO AMAZONAS;LAGUNAS;7396;24337138.13;Transferencia;Indirecta;OBRA;Concluido;;;;;;;;;
1209;PE;12684;PNSU;116943;2099682;CONSTRUCCION DEL SISTEMA DE ALCANTARILLA DEL CAÑO LA FLORIDA - DISTRITO DE YURIMAGUAS, PROVINCIA DE ALTO AMAZONAS - LORETO;MUNICIPALIDAD PROVINCIAL DE ALTO AMAZONAS;LORETO;ALTO AMAZONAS;YURIMAGUAS;3350;5129907;Transferencia;Indirecta;OBRA;Concluido;;;;;;;;;
1210;PE;12685;PNSU;48011;2050324;CONSTRUCCION DEL SISTEMA DE ALCANTARILLADO ATUN QUEBRADA - ZAMORA - RIO PARANAPURA, PROVINCIA DE ALTO AMAZONAS - LORETO;MUNICIPALIDAD PROVINCIAL DE ALTO AMAZONAS;LORETO;ALTO AMAZONAS;YURIMAGUAS;3564;1580539;Transferencia;Indirecta;EXPEDIENTE TECNICO;Concluido;;;;;;;;;
1211;PE;12686;PNSU;59084;2053792;MEJORAMIENTO DEL SISTEMA DE AGUA POTABLE E INSTALACION DEL SISTEMA DE ALCANTARILLADO EN LOS AA.HH. SAN JUAN Y 5 DE SEPTIEMBRE - YURIMAGUAS, PROVINCIA DE ALTO AMAZONAS - LORETO;MUNICIPALIDAD PROVINCIAL DE ALTO AMAZONAS;LORETO;ALTO AMAZONAS;YURIMAGUAS;1122;1317157;Transferencia;Indirecta;EXPEDIENTE TECNICO;Concluido;;;;;;;;;
1212;PE;12687;PNSU;48182;2054495;MEJORAMIENTO, CONSTRUCCION DEL SISTEMA DE ALCANTARILLADO DEL BARRIO AGUAMIRO EN EL DISTRITO DE YURIMAGUAS, PROVINCIA DE ALTO AMAZONAS - LORETO;MUNICIPALIDAD PROVINCIAL DE ALTO AMAZONAS;LORETO;ALTO AMAZONAS;YURIMAGUAS;1399;1550959;Transferencia;Indirecta;OBRA;Concluido;;;;;;;;;
1213;PE;12688;PNSU;48217;2054373;MEJORAMIENTO Y CONSTRUCCION DEL SISTEMA DE ALCANTARILLADO DEL CAÑO LAS CARMELITAS EN EL BARRIO LAS AMERICAS DISTRITO DE YURIMAGUAS, PROVINCIA DE ALTO AMAZONAS - LORETO;MUNICIPALIDAD PROVINCIAL DE ALTO AMAZONAS;LORETO;ALTO AMAZONAS;YURIMAGUAS;2327;1991958;Transferencia;Indirecta;OBRA;Concluido;;;;;;;;;
1214;PE;12689;PNSU;48319;2050348;CONSTRUCCION DEL SISTEMA DE ALCANTARILLADO EN LAS CALLES PUTUMAYO-PASAJE PUTUMAYO, EN EL DISTRITO DE YURIMAGUAS, PROVINCIA DE ALTO AMAZONAS - LORETO;MUNICIPALIDAD PROVINCIAL DE ALTO AMAZONAS;LORETO;ALTO AMAZONAS;YURIMAGUAS;82;172682;Transferencia;Indirecta;OBRA;Concluido;;;;;;;;;
1215;PE;12690;PNSU;48320;2052245;INSTALACION DEL SISTEMA DE DESAGUE EN LA ASOCIACION DE VIVIENDA LA MOLINA, DISTRITO DE YURIMAGUAS, PROVINCIA DE ALTO AMAZONAS - LORETO;MUNICIPALIDAD PROVINCIAL DE ALTO AMAZONAS;LORETO;ALTO AMAZONAS;YURIMAGUAS;402;196590;Transferencia;Indirecta;OBRA;Concluido;;;;;;;;;
1216;PE;12691;PNSU;48704;2052228;INSTALACION DEL SISTEMA DE ALCANTARILLADO EN EL BARRIO SAN MARTIN, AA. HH. SANTA ANITA Y AA. HH. ANA DE JESUS-YURIMAGUAS, PROVINCIA DE ALTO AMAZONAS - LORETO;MUNICIPALIDAD PROVINCIAL DE ALTO AMAZONAS;LORETO;ALTO AMAZONAS;YURIMAGUAS;1463;1099639;Transferencia;Indirecta;OBRA;Concluido;;;;;;;;;
1217;PE;12692;PNSU;48113;2052370;MEJORAMIENTO Y CONSTRUCCION DEL SISTEMA DE ALCANTARILLADO DEL CAÑO VARON EN EL BARRIO CENTRAL, LA FAVORITA Y LA BOCA EN EL DISTRITO DE YURIMAGUAS, PROVINCIA DE ALTO AMAZONAS - LORETO;MUNICIPALIDAD PROVINCIAL DE ALTO AMAZONAS;LORETO;ALTO AMAZONAS;YURIMAGUAS;2713;1421977;Transferencia;Indirecta;OBRA;Concluido;;;;;;;;;
1218;PE;12693;PNSU;48325;2050325;CONSTRUCCION DEL SISTEMA DE ALCANTARILLADO ATUN QUEBRADA ALTO,ZAMORA-LAS AMERICAS, PROVINCIA DE ALTO AMAZONAS - LORETO;MUNICIPALIDAD PROVINCIAL DE ALTO AMAZONAS;LORETO;ALTO AMAZONAS;YURIMAGUAS;6480;1310136.36;Transferencia;Indirecta;OBRA;Concluido;;;;;;;;;
1219;PE;12694;PNSU;116827;2101897;INSTALACION DEL SISTEMA DE AGUA POTABLE Y ALCANTARILLADO EN LOS AA. HH LOS ANDES, 5 DE SEPTIEMBRE Y SAN JUAN - DISTRITO DE YURIMAGUAS, PROVINCIA DE ALTO AMAZONAS;MUNICIPALIDAD PROVINCIAL DEL ALTO AMAZONAS - YURIMAGUAS;LORETO;ALTO AMAZONAS;YURIMAGUAS;3500;3636310.95;Transferencia;Indirecta;OBRA;Concluido;;;;;;;;;
1220;PE;12695;PNSU;48810;2050376;CONSTRUCCION DEL SISTEMA DE DESAGUE EN LOS AA.HH. BELAUNDE TERRY Y MIRAFLORES -YURIMAGUAS, PROVINCIA DE ALTO AMAZONAS - LORETO;MUNICIPALIDAD PROVINCIAL DE ALTO AMAZONAS;LORETO;ALTO AMAZONAS;YURIMAGUAS;851;528073;Transferencia;Directa;OBRA;Concluido;;;;;;;;;
1221;PE;12696;PNSU;59038;2050371;CONSTRUCCION DEL SISTEMA DE DESAGUE EN EL AA.HH. INDEPENDENCIA - YURIMAGUAS, PROVINCIA DE ALTO AMAZONAS - LORETO;MUNICIPALIDAD PROVINCIAL DE ALTO AMAZONAS;LORETO;ALTO AMAZONAS;YURIMAGUAS;2596;4455674;Transferencia;Directa;OBRA;Concluido;;;;;;;;;
1222;PE;12697;PNSU;59890;2050344;CONSTRUCCION DEL SISTEMA DE ALCANTARILLADO EN EL BARRIO LA UNION CALLES JEBEROS, PUCALLPA, LAMAS, TARAPOTO, LAGUNAS, PAMPAHERMOSA Y PASAJE PAMPAHERMOSA - YURIMAGUAS, PROVINCIA DE ALTO AMAZONAS - LORETO;MUNICIPALIDAD PROVINCIAL DE ALTO AMAZONAS;LORETO;ALTO AMAZONAS;YURIMAGUAS;1100;2441126;Transferencia;Directa;OBRA;Concluido;;;;;;;;;
1223;PE;12698;PNSU;337545;2310161;MEJORAMIENTO DEL SISTEMA DE ALCANTARILLADO EN EL PASAJE AEROPUERTO DE LA CIUDAD DE YURIMAGUAS - DISTRITO DE YURIMAGUAS, PROVINCIA DE ALTO AMAZONAS - LORETO;MUNICIPALIDAD PROVINCIAL DEL ALTO AMAZONAS - YURIMAGUAS;LORETO;ALTO AMAZONAS;YURIMAGUAS;4500;502154.44;Transferencia;Indirecta;OBRA;Concluido;;;;;;;;;
1224;PE;12699;PNSU;2446673;2446673;MEJORAMIENTO DEL SISTEMA DE DRENAJE PLUVIAL EN LOS SECTORES DEL AA.HH. LA MOLINA,AA.HH. SAN JUAN VELASCO ALVARADO,AA.HH.DANIEL ALCIDES CARRION Y AA.HH.LOS MADEROS DE LA CIUDAD DE YURIMAGUAS DEL DISTRITO DE YURIMAGUAS - PROVINCIA DE ALTO AMAZONAS - DEPARTAMENTO DE LORETO;MUNICIPALIDAD PROVINCIAL DEL ALTO AMAZONAS - YURIMAGUAS;LORETO;ALTO AMAZONAS;YURIMAGUAS;7232;7992211.98;Transferencia;Indirecta;OBRA;Concluido;;;;;;;;;
1225;PE;12700;PNSU;111080;2095204;MEJORAMIENTO Y AMPLIACIÓN DEL SISTEMA DE AGUA POTABLE Y ALCANTARILLADO DE LA CIUDAD DE YURIMAGUAS, DISTRITO DE YURIMAGUAS, PROVINCIA DE ALTO AMAZONAS, DEPARTAMENTO DE LORETO;MUNICIPALIDAD PROVINCIAL DEL ALTO AMAZONAS - YURIMAGUAS;LORETO;ALTO AMAZONAS;YURIMAGUAS;58524;210384435;Transferencia;Indirecta;OBRA;En Ejecución;;;;;;;;;
1226;PE;12701;PNSU;67007;2067833;CONSTRUCCION DEL SISTEMA DE AGUA POTABLE Y ALCANTARILLADO DE LA LOCALIDAD DE SAN LORENZO, PROVINCIA DE DATEM DEL MARANON - LORETO;MUNICIPALIDAD PROVINCIAL DE DATEM DEL MARAÑON;LORETO;DATEM DEL MARAÑON;BARRANCA;12598;35517882;Transferencia;Indirecta;OBRA;Concluido;;;;;;;;;
1227;PE;12702;PNSU;55054;2050291;CONSTRUCCION DEL SISTEMA DE AGUA POTABLE Y DESAGUE DE VILLA SARAMIRIZA, DISTRITO DE MANSERICHE - DATEM DEL MARANON - LORETO;MUNICIPALIDAD DISTRITAL DE MANSERICHE;LORETO;DATEM DEL MARAÑON;MANSERICHE;2255;2744928;Transferencia;Indirecta;EXPEDIENTE TECNICO;Concluido;;;;;;;;;
1228;PE;12703;PNSU;116997;2092287;CONSTRUCCION DEL SISTEMA DE ABASTECIMIENTO DE AGUA POTABLE Y ALCANTARILLADO SANITARIO EN LA LOCALIDAD DE VILLA SARAMIRIZA, DISTRITO DE MANSERICHE - DATEM DEL MARANON - LORETO;MUNICIPALIDAD DISTRITAL DE MANSERICHE;LORETO;DATEM DEL MARAÑON;MANSERICHE;1791;6078975.44;Transferencia;Indirecta;OBRA;Concluido;;;;;;;;;
1229;PE;12704;PNSU;14204;2021768;INSTALACION AGUA POTABLE Y DESAGUE PUERTO AMERICA;INSTITUTO NACIONAL DE DESARROLLO;LORETO;DATEM DEL MARAÑON;MORONA;900;1390426;Transferencia;Indirecta;OBRA;Concluido;;;;;;;;;
1230;PE;12705;PNSU;94470;2077519;INSTALACION DEL SISTEMA DE ALCANTARILLADO, AMPLIACION Y MEJORAMIENTO DEL SISTEMA DE AGUA POTABLE EN LA LOCALIDAD DE ULLPAYACU, DISTRITO DE PASTAZA - DATEM DEL MARANON - LORETO;MUNICIPALIDAD DISTRITAL DE PASTAZA;LORETO;DATEM DEL MARAÑON;PASTAZA;1265;2574624.36;Transferencia;Indirecta;OBRA;Concluido;;;;;;;;;
1231;PE;12706;PNSU;200248;2226478;MEJORAMIENTO, AMPLIACION SISTEMA DE AGUA POTABLE, SANEAMIENTO Y TRATAMIENTO DE AGUAS SERVIDAS DE LA CIUDAD DE NAUTA, PROVINCIA DE LORETO - LORETO;MUNICIPALIDAD PROVINCIAL DE LORETO - NAUTA;LORETO;LORETO;NAUTA;35232;185548432.7;Transferencia;Indirecta;OBRA;En Ejecución;;;;;;;;;
1232;PE;12707;PNSU;1292;2030536;MEJORAMIENTO Y AMPLIACION DEL SISTEMA DE AGUA POTABLE E INSTALACION DEL ALCANTARILLADO DE VILLA TROMPETEROS - TROMPETEROS;GOBIERNO REGIONAL LORETO;LORETO;LORETO;TROMPETEROS;2050;1620704;Transferencia;Indirecta;OBRA;Concluido;;;;;;;;;
1233;PE;12708;PNSU;293653;2244454;MEJORAMIENTO, AMPLIACION DEL SISTEMA DE AGUA POTABLE Y SANEAMIENTO DE LA LOCALIDAD DE VILLA TROMPETEROS - DISTRITO DE TROMPETEROS, PROVINCIA DE LORETO - LORETO;MUNICIPALIDAD DISTRITAL DE TROMPETEROS;LORETO;LORETO;TROMPETEROS;3773;28209902.77;Transferencia;Indirecta;OBRA (Expediente Saldo);Convenio Resuelto;;;;;;;;;
1234;PE;12709;PNSU;7048;2021885;AMPLIACION, REHABILITACION Y MEJORAMIENTO DEL AGUA POTABLE Y DESAGUE DE PEVAS;PROYECTO ESPECIAL BINACIONAL DE DESARROLLO INTEGRAL DE LA CUENCA DEL RIO PUTUMAYO-PEDICP;LORETO;MARISCAL RAMON CASTILLA;PEBAS;4194;9365050.36;Transferencia;Indirecta;OBRA;Concluido;;;;;;;;;
1235;PE;12710;PNSU;903;2029936;MEJORAMIENTO Y AMPLIACION DEL SISTEMA DE AGUA POTABLE Y ALCANTARILLADO DE CABALLOCOCHA;GOBIERNO REGIONAL LORETO;LORETO;MARISCAL RAMON CASTILLA;RAMON CASTILLA;9205;5449353.35;Transferencia;Indirecta;OBRA;Concluido;;;;;;;;;
1236;PE;12711;PNSU;55745;2052106;INSTALACION DEL SISTEMA DE AGUA POTABLE Y DISPOSICIÓN SANITARIA DE EXCRETAS EN LA LOCALIDAD DE CUSHILLO COCHA, DISTRITO DE RAMÓN CASTILLA, PROVINCIA DE MARISCAL RAMON CASTILLA - LORETO;MUNICIPALIDAD PROVINCIAL DE MARISCAL RAMON CASTILLA;LORETO;MARISCAL RAMON CASTILLA;RAMON CASTILLA;1630;3618866;Transferencia;Indirecta;OBRA;Concluido;;;;;;;;;
1237;PE;12712;PNSU;276568;2309531;REHABILITACION DEL SISTEMA DE AGUA Y DESAGUE DEL DISTRITO DE CONTAMANA , PROVINCIA DE UCAYALI - LORETO;GOBIERNO REGIONAL LORETO;LORETO;MARISCAL RAMON CASTILLA;RAMON CASTILLA;12538;214669930.8;Transferencia;Indirecta;EXPEDIENTE TECNICO;Concluido;;;;;;;;;
1238;PE;12713;PNSU;287485;2309532;MEJORAMIENTO Y AMPLIACION DEL SISTEMA DE AGUA POTABLE Y ALCANTARILLADO DE CABALLO COCHA , PROVINCIA DE MARISCAL RAMON CASTILLA - LORETO;GOBIERNO REGIONAL LORETO;LORETO;MARISCAL RAMON CASTILLA;RAMON CASTILLA;16961;96410633.19;Transferencia;Indirecta;EXPEDIENTE TECNICO;Concluido;;;;;;;;;
1239;PE;12714;PNSU;51313;2051105;CONSTRUCCION SISTEMA DE ALCANTARILLADO DE DE ISLANDIA, DISTRITO DE YAVARI - MARISCAL RAMON CASTILLA - LORETO;MUNICIPALIDAD DISTRITAL DE YAVARI;LORETO;MARISCAL RAMON CASTILLA;YAVARI;2160;1723614;Transferencia;Indirecta;EXPEDIENTE TECNICO;Concluido;;;;;;;;;
1240;PE;12715;PNSU;51246;2051075;CONSTRUCCION SISTEMA DE AGUA POTABLE DE ISLANDIA, DISTRITO DE YAVARI - MARISCAL RAMON CASTILLA - LORETO;MUNICIPALIDAD DISTRITAL DE YAVARI;LORETO;MARISCAL RAMON CASTILLA;YAVARI;2160;1921140;Transferencia;Indirecta;OBRA;Concluido;;;;;;;;;
1241;PE;12716;PNSU;31050;2030549;CONSTRUCCION DE UNA PLANTA DE TRATAMIENTO DE AGUA Y CONEXIONES DOMICILIARIAS EN LAS COMUNIDADES DE SAN FRANCISCO, SAN JOSE Y SAN ANDRES, DISTRITO DE BELEN - MAYNAS - LORETO;MUNICIPALIDAD DISTRITAL DE BELEN;LORETO;MAYNAS;BELEN;3081;1333264;Transferencia;Indirecta;OBRA;Concluido;;;;;;;;;
1242;PE;12717;PNSU;252131;2199688;MEJORAMIENTO DEL SISTEMA DE EVACUACION DE AGUAS PLUVIALES DEL AA.HH. SANTO CRISTO DE BAGAZAN, DISTRITO DE BELEN - MAYNAS - LORETO;MUNICIPALIDAD DISTRITAL DE BELEN;LORETO;MAYNAS;BELEN;8765;511333.32;Transferencia;Indirecta;OBRA;Concluido;;;;;;;;;
1243;PE;12718;PNSU;272438;2199689;MEJORAMIENTO DEL SISTEMA DE AGUA POTABLE Y RESIDUAL DE LA CALLE ATAHUALPA (AA.HH. SACHACHORRO), CA. NAZARENO, PSJE. ROSAURA Y PSJE, MIRAFLORES (PP.JJ. STO CRISTO DE BAGAZAN), DISTRITO DE BELEN - MAYNAS - LORETO;MUNICIPALIDAD DISTRITAL DE BELEN;LORETO;MAYNAS;BELEN;4483;564272.54;Transferencia;Indirecta;OBRA;Concluido;;;;;;;;;
1244;PE;12719;PNSU;283435;2199690;INSTALACION DE AGUA POTABLE Y DESAGUE DE LA CALLE PENJAMO CDRA 09,10 Y 11 DEL PP.JJ. SANTO CRISTO DE BAGAZAN, DISTRITO DE BELEN - MAYNAS - LORETO;MUNICIPALIDAD DISTRITAL DE BELEN;LORETO;MAYNAS;BELEN;231;584468;Transferencia;Indirecta;OBRA;Concluido;;;;;;;;;
1245;PE;12720;PNSU;292686;2199694;MEJORAMIENTO SISTEMA DE AGUAS PLUVIALES DE LA CALLE ATAHUALPA (AA.HH. SACHACHORRO), CA. 15, CA. NAZARENO, PSJE. ROSAURA Y PSJE. MIRAFLORES (PP.JJ. STO. CRISTO DE BAGAZAN), DISTRITO DE BELEN - MAYNAS - LORETO;MUNICIPALIDAD DISTRITAL DE BELEN;LORETO;MAYNAS;BELEN;1343;8202756.6;Transferencia;Indirecta;OBRA;Concluido;;;;;;;;;
1246;PE;12721;PNSU;251530;2182572;MEJORAMIENTO DEL SISTEMA DE EVACUACION DE AGUAS PLUVIALES DE LA CALLE CARDOZO DEL AA.HH. VIOLETA CORREA, DISTRITO DE BELEN - MAYNAS - LORETO;MUNICIPALIDAD DISTRITAL DE BELEN;LORETO;MAYNAS;BELEN;9508;2662983.25;Transferencia;Indirecta;OBRA;Concluido;;;;;;;;;
1247;PE;12722;PNSU;299996;2235792;MEJORAMIENTO DEL SISTEMA DE AGUAS PLUVIALES DE LA CALLE 6 URB. RIO MAR, DISTRITO DE BELEN - MAYNAS - LORETO;MUNICIPALIDAD DISTRITAL DE BELEN;LORETO;MAYNAS;BELEN;10000;1765528.69;Transferencia;Indirecta;OBRA;Concluido;;;;;;;;;
1248;PE;12723;PNSU;297989;2245553;MEJORAMIENTO DEL SISTEMA DE AGUA POTABLE Y DESAGUE DE LA CA. PENJAMO Y LA CA. VENECIA (ENTRE LA CA. JOSE GALVEZ/ PROLONG. 9 DE DICIEMBRE), ANEXO PSJE. ORELLANA / CALLE PALCAZU DEL PP. JJ. BELEN I ETAPA, DISTRITO DE BELEN - MAYNAS - LORETO;MUNICIPALIDAD DISTRITAL DE BELEN;LORETO;MAYNAS;BELEN;9166;2085491;Transferencia;Indirecta;OBRA;Concluido;;;;;;;;;
1249;PE;12724;PNSU;378177;2339314;MEJORAMIENTO DEL SISTEMA DE AGUAS PLUVIALES DE LA CALLE B, CALLE H, CALLE 2, Y PASAJE PARAISO DE LA URBANIZACION RIO MAR, DISTRITO DE BELEN - MAYNAS - LORETO;MUNICIPALIDAD DISTRITAL DE BELEN;LORETO;MAYNAS;BELEN;2545;2237138.2;Transferencia;Indirecta;OBRA;Concluido;;;;;;;;;
1250;PE;12725;PNSU;32316;2030740;MEJORAMIENTO, AMPLIACION DEL SISTEMA DE AGUA POTABLE Y SANEAMIENTO DE LA LOCALIDAD DE TAMSHIYACU - DISTRITO FERNANDO LORES, PROVINCIA DE MAYNAS - LORETO;MUNICIPALIDAD DISTRITAL DE FERNANDO LORES;LORETO;MAYNAS;FERNANDO LORES;6200;4617463.01;Transferencia;Indirecta;OBRA;Concluido;;;;;;;;;
1251;PE;12726;PNSU;14760;2064804;REHABILITACIÓN Y AMPLIACIÓN DEL AGUA POTABLE Y DESAGUE DE INDIANA;MUNICIPALIDAD DISTRITAL DE INDIANA;LORETO;MAYNAS;INDIANA;3310;4727873.73;Transferencia;Indirecta;OBRA;Concluido;;;;;;;;;
1252;PE;12727;PNSU;227315;2194616;MEJORAMIENTO, AMPLIACION DEL SISTEMA DE DRENAJE PLUVIAL DE LA CIUDAD DE IQUITOS;GOBIERNO REGIONAL LORETO;LORETO;MAYNAS;IQUITOS;315195;492827320;Transferencia;Indirecta;PREINVERSION;Convenio Resuelto;;;;;;;;;
1253;PE;12728;PNSU;25559;2027825;MEJORAMIENTO DEL SISTEMA DE AGUA POTABLE Y ALCANTARILLADO DE LOS PP.JJ. ELMER FAUCETT Y SANTA ROSA DE LIMA - IQUITOS;MUNICIPALIDAD PROVINCIAL DE MAYNAS;LORETO;MAYNAS;IQUITOS;1236;1067190;Transferencia;Indirecta;OBRA;Concluido;;;;;;;;;
1254;PE;12729;PNSU;27077;2030546;MEJORAMIENTO DEL SISTEMA DE CAPTACION DE LA PLANTA DE TRATAMIENTO DE AGUA POTABLE DE LA CIUDAD DE IQUITOS;SERVICIOS DE SANEAMIENTO DE AGUA POTABLE Y ALCANTARILLADO DE LORETO S.A.;LORETO;MAYNAS;IQUITOS;254056;1989170;Transferencia;Indirecta;OBRA;Concluido;;;;;;;;;
1255;PE;12730;PNSU;31148;2030607;MEJORAMIENTO DEL P.J. JULIO PONCE ANTUNEZ DE MAYOLO - IQUITOS, PROVINCIA DE MAYNAS - LORETO;MUNICIPALIDAD PROVINCIAL DE MAYNAS;LORETO;MAYNAS;IQUITOS;1188;1864542;Transferencia;Indirecta;OBRA;Concluido;;;;;;;;;
1256;PE;12731;PNSU;35652;2030547;MEJORAMIENTO DE LA LINEA DE IMPULSION DE AGUA POTABLE L3 - IQUITOS;SERVICIOS DE SANEAMIENTO DE AGUA POTABLE Y ALCANTARILLADO DE LORETO S.A.;LORETO;MAYNAS;IQUITOS;48890;1480807;Transferencia;Indirecta;OBRA;Concluido;;;;;;;;;
1257;PE;12732;PNSU;23644;2124193;CONSTRUCCION DEL SISTEMA DE ALCANTARILLADO CALLE LOS GIRASOLES Y ANEXOS DEL A.H. FERNANDO LORES - IQUITOS;MUNICIPALIDAD PROVINCIAL DE MAYNAS;LORETO;MAYNAS;IQUITOS;7168;12427249;Transferencia;Indirecta;OBRA;Concluido;;;;;;;;;
1258;PE;12733;PNSU;318493;2268097;MEJORAMIENTO DE LOS SISTEMAS DE AGUA POTABLE Y ALCANTARILLADO EN LOS SECTORES A, B Y C DEL  AA.HH. JUAN CARLOS DEL ÁGUILACARDENAS, SECTOR NOR OESTE DEL  DISTRITO DE IQUITOS, PROVINCIA DE MAYNAS - LORETO;MUNICIPALIDAD PROVINCIAL DE MAYNAS;LORETO;MAYNAS;IQUITOS;1758;1617748.73;Transferencia;Indirecta;OBRA;Concluido;;;;;;;;;
1259;PE;12734;PNSU;315404;2280472;MEJORAMIENTO DEL SISTEMA DE AGUA POTABLE DEL JR. AREQUIPA (ENTRE LA AV. AUGUSTO FREYRE Y AV. NAVARRO CAUPER)  DISTRITO DE IQUITOS , PROVINCIA DE MAYNAS - LORETO;MUNICIPALIDAD PROVINCIAL DE MAYNAS;LORETO;MAYNAS;IQUITOS;4400;826962.82;Transferencia;Indirecta;OBRA;Concluido;;;;;;;;;
1260;PE;12735;PNSU;323632;2296215;MEJORAMIENTO DEL SISTEMA DE AGUA POTABLE DEL AA.HH. MUNICH DISTRITO DE IQUITOS, PROVINCIA DE MAYNAS - LORETO;MUNICIPALIDAD PROVINCIAL DE MAYNAS;LORETO;MAYNAS;IQUITOS;2988;985400.12;Transferencia;Indirecta;OBRA;Concluido;;;;;;;;;
1261;PE;12736;PNSU;331357;2289777;MEJORAMIENTO DEL SISTEMA DE DRENAJE PLUVIAL DEL JR. AREQUIPA (ENTRE LA AV. AUGUSTO FREYRE Y AV. NAVARRO CAUPER) DISTRITO DE IQUITOS , PROVINCIA DE MAYNAS - LORETO;MUNICIPALIDAD PROVINCIAL DE MAYNAS;LORETO;MAYNAS;IQUITOS;2231;4453970;Transferencia;Indirecta;OBRA;Concluido;;;;;;;;;
1262;PE;12737;PNSU;331717;2296747;MEJORAMIENTO DEL SISTEMA DE SANEAMIENTO DE AGUA POTABLE Y AGUAS RESIDUALES DE LOS AA.HH. 1RO. DE ENERO, CÉSAR L. SILVA, RONY VALERA Y JUAN ISERN CÓRDOVA DISTRITO DE IQUITOS, PROVINCIA DE MAYNAS - LORETO;MUNICIPALIDAD PROVINCIAL DE MAYNAS;LORETO;MAYNAS;IQUITOS;3540;2161929.37;Transferencia;Indirecta;OBRA;Concluido;;;;;;;;;
1263;PE;12738;PNSU;14181;2021767;INSTALACION DE AGUA POTABLE Y DESAGUE EN ORAN;INSTITUTO NACIONAL DE DESARROLLO;LORETO;MAYNAS;LAS AMAZONAS;1050;1180170;Transferencia;Indirecta;OBRA;Concluido;;;;;;;;;
1264;PE;12739;PNSU;197062;2215745;MEJORAMIENTO Y AMPLIACION DEL SISTEMA DE AGUA POTABLE Y SANEAMIENTO DE LA LOCALIDAD DE MAZAN - DISTRITO DE MAZAN, PROVINCIA DE MAYNAS - LORETO;MUNICIPALIDAD DISTRITAL DE MAZAN;LORETO;MAYNAS;MAZAN;5268;9439366.72;Transferencia;Indirecta;OBRA;Concluido;;;;;;;;;
1265;PE;12740;PNSU;8501;2045541;AMPLIACIÓN DEL SISTEMA DE AGUA POTABLE Y ALCANTARILLADO DE SANTA CLOTILDE - RÍO NAPO;MUNICIPALIDAD DISTRITAL DE NAPO;LORETO;MAYNAS;NAPO;2892;8739741.01;Transferencia;Indirecta;OBRA;Concluido;;;;;;;;;
1266;PE;12741;PNSU;159040;2166707;AMPLIACIÓN DEL SISTEMA DE REDES DE DISTRIBUCIÓN DE AGUA POTABLE EN LA ZONA NORTE DE LA CIUDAD DE IQUITOS -PUNCHACANA-MAYNAS-LORETO;MUNICIPALIDAD DISTRITAL DE PUNCHANA;LORETO;MAYNAS;PUNCHANA;20442;3732486;Transferencia;Indirecta;OBRA;Concluido;;;;;;;;;
1267;PE;12742;PNSU;65479;2059631;MEJORAMIENTO Y AMPLIACION DEL AGUA POTABLE Y CONSTRUCCION DEL SISTEMA INTEGRAL DE DESAGUE DE SAN ANTONIO DEL ESTRECHO;MUNICIPALIDAD DISTRITAL DE PUTUMAYO;LORETO;MAYNAS;PUTUMAYO;2940;7060664;Transferencia;Indirecta;OBRA;Concluido;;;;;;;;;
1268;PE;12743;PNSU;43248;2045147;CONSTRUCCION DE ALCANTARILLADO AA.HH. SAN LORENZO - PACAYA SAMIRIA Y JOAQUIN ABENSUR AA.HH. SAN LORENZO - PACAYA SAMIRIA Y JOAQUIN ABENSUR, DISTRITO DE SAN JUAN BAUTISTA - MAYNAS - LORETO;MUNICIPALIDAD DISTRITAL DE SAN JUAN BAUTISTA;LORETO;MAYNAS;SAN JUAN BAUTISTA;3181;2729048.04;Transferencia;Indirecta;OBRA;Concluido;;;;;;;;;
1269;PE;12744;PNSU;44967;2044615;CONSTRUCCION DEL SISTEMA DE ALCANTARILLADO DEL AA.HH AEROPUERTO, DISTRITO DE SAN JUAN BAUTISTA - MAYNAS - LORETO;MUNICIPALIDAD DISTRITAL DE SAN JUAN BAUTISTA;LORETO;MAYNAS;SAN JUAN BAUTISTA;2355;1793320.28;Transferencia;Indirecta;OBRA;Concluido;;;;;;;;;
1270;PE;12745;PNSU;44972;2044613;CONSTRUCCION DEL SISTEMA DE ALCANTARILLADO DEL AA.HH LAS MERCEDES, DISTRITO DE SAN JUAN BAUTISTA - MAYNAS - LORETO;MUNICIPALIDAD DISTRITAL DE SAN JUAN BAUTISTA;LORETO;MAYNAS;SAN JUAN BAUTISTA;4950;1968834.23;Transferencia;Indirecta;OBRA;Concluido;;;;;;;;;
1271;PE;12746;PNSU;45344;2044612;CONSTRUCCION DEL SISTEMA DE ALCANTARILLADO DEL CENTRO POBLADO DE SANTO TOMAS, DISTRITO DE SAN JUAN BAUTISTA - MAYNAS - LORETO;MUNICIPALIDAD DISTRITAL DE SAN JUAN BAUTISTA;LORETO;MAYNAS;SAN JUAN BAUTISTA;1781;1954057;Transferencia;Indirecta;OBRA;Concluido;;;;;;;;;
1272;PE;12747;PNSU;45361;2044611;CONSTRUCCION SISTEMA DE DESAGUE EN LA COMUNIDAD DE SANTA CLARA, DISTRITO DE SAN JUAN BAUTISTA - MAYNAS - LORETO;MUNICIPALIDAD DISTRITAL DE SAN JUAN BAUTISTA;LORETO;MAYNAS;SAN JUAN BAUTISTA;1258;1929438;Transferencia;Indirecta;OBRA;Concluido;;;;;;;;;
1273;PE;12748;PNSU;144437;2118098;AMPLIACION DEL SISTEMA DE REDES DE DISTRIBUCION DE AGUA POTABLE EN EL AREA DE INFLUENCIA DE LOS RESERVORIOS R6, R9, R10 Y R11, DISTRITO DE SAN JUAN BAUTISTA - MAYNAS - LORETO;MUNICIPALIDAD DISTRITAL DE SAN JUAN BAUTISTA;LORETO;MAYNAS;SAN JUAN BAUTISTA;16184;6204679.78;Transferencia;Indirecta;OBRA;Concluido;;;;;;;;;
1274;PE;12749;PNSU;45408;2050240;CONSTRUCCION DEL SISTEMA ABASTECIMIENTO DE AGUA POTABLE Y DESAGUE DEL CENTRO POBLADO RUMOCOCHA, DISTRITO DE SAN JUAN BAUTISTA - MAYNAS - LORETO;MUNICIPALIDAD DISTRITAL DE SAN JUAN BAUTISTA;LORETO;MAYNAS;SAN JUAN BAUTISTA;2958;2849442.69;Transferencia;Indirecta;OBRA;Concluido;;;;;;;;;
1275;PE;12750;PNSU;264747;2190051;INSTALACION DEL SISTEMA DE ALCANTARILLADO EN LOS ASENTAMIENTOS HUMANOS INCA MANKO KALI Y AMÉRICA, DISTRITO DE SAN JUAN BAUTISTA - MAYNAS - LORETO;MUNICIPALIDAD DISTRITAL DE SAN JUAN BAUTISTA;LORETO;MAYNAS;SAN JUAN BAUTISTA;1230;2173985.25;Transferencia;Indirecta;OBRA;Concluido;;;;;;;;;
1276;PE;12751;PNSU;343125;2304231;INSTALACION DEL SISTEMA DE ALCANTARILLADO DE AGUAS PLUVIALES, AA.HH. TRES UNIDOS, AMPLIACION INCA MANCO KALI, NUEVA JERUSALEN, VILLA SELVA, DISTRITO DE SAN JUAN BAUTISTA - MAYNAS - LORETO;MUNICIPALIDAD DISTRITAL DE SAN JUAN BAUTISTA ;LORETO;MAYNAS;SAN JUAN BAUTISTA;5237;5003593.72;Transferencia;Indirecta;OBRA;Concluido;;;;;;;;;
1277;PE;12752;PNSU;371206;2331898;MEJORAMIENTO E INSTALACION DEL SISTEMA DE ALCANTARILLADO DE AGUAS PLUVIALES EN EL AA.HH. VIRGEN DE LOURDES, DISTRITO DE SAN JUAN BAUTISTA - MAYNAS - LORETO;MUNICIPALIDAD DISTRITAL DE SAN JUAN BAUTISTA;LORETO;MAYNAS;SAN JUAN BAUTISTA;3229;4600854.4;Transferencia;Indirecta;OBRA;Concluido;;;;;;;;;
1278;PE;12753;PNSU;337890;2300694;INSTALACION DEL SISTEMA DE ALCANTARILLADO DE AGUAS PLUVIALES, EN LAS CALLES BELLO HORIZONTE, LOS HUAYRUROS, GUEPPI Y LOS PAUJILES, A.H. BELLO HORIZONTE, DISTRITO DE SAN JUAN BAUTISTA - MAYNAS - LORETO;MUNICIPALIDAD DISTRITAL DE SAN JUAN BAUTISTA;LORETO;MAYNAS;SAN JUAN BAUTISTA;2522;7457960.75;Transferencia;Indirecta;OBRA;Concluido;;;;;;;;;
1279;PE;12754;PNSU;341578;2302223;INSTALACION DEL SISTEMA DE ALCANTARILLADO DE AGUAS PLUVIALES, AA. HH. BELLA LUZ, DISTRITO DE SAN JUAN BAUTISTA - MAYNAS - LORETO;MUNICIPALIDAD DISTRITAL DE SAN JUAN BAUTISTA;LORETO;MAYNAS;SAN JUAN BAUTISTA;5653;21666545.7;Transferencia;Indirecta;OBRA;Concluido;;;;;;;;;
1280;PE;12755;PNSU;346098;2307452;INSTALACION DEL SISTEMA DE ALCANTARILLADO DE AGUAS PLUVIALES DE LAS CALLES LOS AGUANOS, (LA PRTICIPACION/HEROES DEL CENEPA), LOS FRUTALES, (LA PARTICIPACION/HEROES DEL CENEPA) Y HEROES DEL CENEPA, (FRUTALES/LOS AGUANOS), AA.HH. PROGRESO, DISTRITO DE SAN JUAN BAUTISTA - MAYNAS - LORETO;MUNICIPALIDAD DISTRITAL DE SAN JUAN BAUTISTA;LORETO;MAYNAS;SAN JUAN BAUTISTA;1380;2571488.45;Transferencia;Indirecta;OBRA;Concluido;;;;;;;;;
1281;PE;12756;PNSU;346941;2308426;CREACION DEL SISTEMA DE ALCANTARILLADO DE AGUAS PLUVIALES EN EL ASENTAMIENTO HUMANO  JESSICA INCHAUSTEGUI, DISTRITO DE SAN JUAN BAUTISTA - MAYNAS - LORETO;MUNICIPALIDAD DISTRITAL DE SAN JUAN BAUTISTA;LORETO;MAYNAS;SAN JUAN BAUTISTA;3596;4874208.42;Transferencia;Indirecta;OBRA;En Ejecución;;;;;;;;;
1282;PE;12757;PNSU;14766;2021766;INSTALACION AGUA POTABLE Y DESAGUE MONTERRICO ANGOTEROS;INSTITUTO NACIONAL DE DESARROLLO;LORETO;MAYNAS;TORRES CAUSANA;846;1158341;Transferencia;Indirecta;OBRA;Concluido;;;;;;;;;
1283;PE;12758;PNSU;31493;2033291;CONSTRUCCION DE LA RED DE ALCANTARILLADO DEL A.H. JUAN CARLOS DEL AGUILA CARDENAS - SAN ANTONIO, PROVINCIA DE MAYNAS - LORETO;MUNICIPALIDAD PROVINCIAL DE MAYNAS - IQUITOS;LORETO;MAYNAS ;IQUITOS;2595;788852;Transferencia;Indirecta;EXPEDIENTE TECNICO;Concluido;;;;;;;;;
1284;PE;12759;PNSU;264459;2186753;AMPLIACION, MEJORAMIENTO DEL SISTEMA DE AGUA POTABLE Y DESAGUE DE LA LOCALIDAD DE SAN ANTONIO DE EL ESTRECHO, DISTRITO DE PUTUMAYO - MAYNAS - LORETO;MUNICIPALIDAD DISTRITAL DE PUTUMAYO;LORETO;PUTUMAYO;PUTUMAYO;3746;8997806.03;Transferencia;Indirecta;OBRA;Concluido;;;;;;;;;
1285;PE;12760;PNSU;83192;2143694;AMPLIACION Y MEJORAMIENTO DEL SISTEMA DE AGUA POTABLE Y ALCANTARILLADO DE LA LOCALIDAD DE JENARO HERRERA - LORETO;MUNICIPALIDAD DISTRITAL DE JENARO HERRERA;LORETO;REQUENA;JENARO HERRERA;3520;9745994.56;Transferencia;Indirecta;OBRA;Paralizada;;;;;;;;;
1286;PE;12761;PNSU;6337;2087531;REHABILITACIÓN Y AMPLIACIÓN DEL SISTEMA DE AGUA POTABLE Y ALCANTARILLADO DE LA LOCALIDAD DE REQUENA - LORETO;MUNICIPALIDAD PROVINCIAL DE REQUENA;LORETO;REQUENA;REQUENA;22761;53156521.51;Transferencia;Indirecta;OBRA;Paralizada;;;;;;;;;
1287;PE;12762;PNSU;74936;2070608;CONSTRUCCION DEL SISTEMA DE AGUA POTABLE Y ALCANTARILLADO, CON POZO SEPTICO Y PERCOLADOR DE LA COMUNIDAD COLONIA ANGAMOS, DISTRITO DE YAQUERANA - REQUENA - LORETO;MUNICIPALIDAD DISTRITAL DE YAQUERANA;LORETO;REQUENA;YAQUERANA;2020;4915324.32;Transferencia;Indirecta;OBRA;Concluido;;;;;;;;;
1288;PE;12763;PNSU;1872;2030537;AMPLIACION Y MEJORAMIENTO DEL SISTEMA DE AGUA POTABLE Y ALCANTARILLADO DE CONTAMANA;GOBIERNO REGIONAL LORETO;LORETO;UCAYALI;CONTAMANA;13591;8645797;Transferencia;Indirecta;OBRA;Concluido;;;;;;;;;
1289;PE;12764;PNSU;14428;2017927;CONSTRUCCION DEL SISTEMA DE AGUA POTABLE Y ALCANTARILLADO DE ALTO PERILLO;GOBIERNO REGIONAL LORETO;LORETO;UCAYALI;PAMPA HERMOSA;703;1012703;Transferencia;Indirecta;OBRA;Concluido;;;;;;;;;
1290;PE;12765;PNSU;1550;2022434;INSTALACION DEL SISTEMA DE AGUA POTABLE Y ALCANTARILLADO DE TIERRA BLANCA-SARAYACU;GOBIERNO REGIONAL LORETO;LORETO;UCAYALI;SARAYACU;2353;1994107;Transferencia;Indirecta;OBRA;Concluido;;;;;;;;;
1291;PE;12766;PNSU;14941;2029429;AMPLIACION Y MEJORAMIENTO DE AGUA Y DESAGUE EN VILLA SALVACION;GOBIERNO REGIONAL MADRE DE DIOS;MADRE DE DIOS;MANU;MANU;1498;2459749.45;Transferencia;Indirecta;OBRA;Concluido;;;;;;;;;
1292;PE;12767;PNSU;2380882;2380882;MEJORAMIENTO Y AMPLIACION DEL SERVICIO DE AGUA POTABLE Y ALCANTARILLADO SANITARIO EN LA CIUDAD DE HUEPETUHE, DISTRITO DE HUEPETUHE, PROVINCIA DEL MANU - MADRE DE DIOS;MUNICIPALIDAD DISTRITAL DE HUEPETUHE;MADRE DE DIOS;MANU ;HUEPETUHE;12137;45241858.57;Transferencia;Indirecta;EXPEDIENTE TECNICO;En elaboración;;;;;;;;;
1293;PE;12768;PNSU;17157;2090494;MEJORAMIENTO Y AMPLIACION DE LOS SISTEMAS DE AGUA POTABLE Y ALCANTARILLADO E INSTALACION DEL SISTEMA DE TRATAMIENTO DE AGUAS SERVIDAS EN LA CIUDAD DE IBERIA- MADRE DE DIOS;MUNICIPALIDAD DISTRITAL DE IBERIA;MADRE DE DIOS;TAHUAMANU;IBERIA;4409;8315197.81;Transferencia;Indirecta;OBRA;Concluido;;;;;;;;;
1294;PE;12769;PNSU;2379150;2379150;MEJORAMIENTO Y AMPLIACION DEL SISTEMA DE AGUA POTABLE, ALCANTARILLADO Y TRATAMIENTO DE AGUAS SERVIDAS DE LA CIUDAD DE IBERIA, DISTRITO DE IBERIA, PROVINCIA DE TAHUAMANU, REGION DE MADRE DE DIOS;GOBIERNO REGIONAL MADRE DE DIOS;MADRE DE DIOS;TAHUAMANU;IBERIA;0;32384793.52;Transferencia;Indirecta;EXPEDIENTE TECNICO;Convenio Resuelto;;;;;;;;;
1295;PE;12770;PNSU;42617;2090495;MEJORAMIENTO Y AMPLIACION DE LOS SISTEMAS DE AGUA POTABLE Y ALCANTARILLADO E INSTALACION DEL SISTEMA DE TRATAMIENTO DE AGUAS SERVIDAS EN LA CIUDAD DE IÑAPARI - MADRE DE DIOS;MUNICIPALIDAD PROVINCIAL DE TAHUAMANU;MADRE DE DIOS;TAHUAMANU;IÑAPARI;2966;2530259.34;Transferencia;Directa;OBRA;Concluido;;;;;;;;;
1296;PE;12771;PNSU;2375732;2375732;AMPLIACION Y MEJORAMIENTO DE LOS SERVICIOS DE AGUA POTABLE Y ALCANTARILLADO SANITARIO DE LA CIUDAD DE MAZUKO, DISTRITO DE INAMBARI - PROVINCIA DE TAMBOPATA - DEPARTAMENTO MADRE DE DIOS;REGION MADRE DE DIOS-SEDE CENTRAL;MADRE DE DIOS;TAMBOPATA;INAMBARI;0;35966013.65;Transferencia;Indirecta;EXPEDIENTE TECNICO;Concluido;;;;;;;;;
1297;PE;12772;PNSU;35364;2040386;MEDIDAS DE RÁPIDO IMPACTO PARA MEJORAR LA COBERTURA Y CALIDAD DE AGUA POTABLE DE LA CIUDAD DE PUERTO MALDONADO, EPS EMAPAT SRL.: Construccion de sistema de captacion lineas de impulsion planta de tratamiento de agua potable y tanque elevado en Puerto Mald;EMPRESA MUNICIPAL DE AGUA POTABLE Y ALCANTARILLADO DE TAMBOPATA S.R.L;MADRE DE DIOS;TAMBOPATA;LABERINTO;100796;30428257;Transferencia;Indirecta;OBRA;Concluido;;;;;;;;;
1298;PE;12773;PNSU;280701;2194019;AMPLIACION, MEJORAMIENTO DEL SERVICIO DE AGUA POTABLE Y SANEAMIENTO DEL DISTRITO DE LABERINTO - TAMBOPATA - MADRE DE DIOS;MUNICIPALIDAD DISTRITAL DE LABERINTO;MADRE DE DIOS;TAMBOPATA;LABERINTO;3295;11259948.09;Transferencia;Indirecta;OBRA;Convenio Resuelto;;;;;;;;;
1299;PE;12774;PNSU;190884;2224540;MEJORAMIENTO DEL SERVICIO DE AGUA E INSTALACIÓN DEL SERVICIO DE SANEAMIENTO EN LA URBANIZACIÓN MUNICIPAL VILLA TOLEDO - LABERINTO, PROVINCIA DE TAMBOPATA - MADRE DE DIOS;REGION MADRE DE DIOS-SEDE CENTRAL;MADRE DE DIOS;TAMBOPATA;LABERINTO;2388;12957865.76;Transferencia;Directa;OBRA (SALDO);Paralizada;;;;;;;;;
1300;PE;12775;PNSU;289225;2353631;AMPLIACION Y MEJORAMIENTO DEL SISTEMA DE AGUA POTABLE E INSTALACION DEL SISTEMA DE ALCANTARILLADO DE LA LOCALIDAD DE ALEGRIA , DISTRITO DE LAS PIEDRAS - TAMBOPATA - MADRE DE DIOS;REGION MADRE DE DIOS-SEDE CENTRAL;MADRE DE DIOS;TAMBOPATA;LAS PIEDRAS;2427;20621337.58;Transferencia;Indirecta;EXPEDIENTE TECNICO;En elaboración;;;;;;;;;
1301;PE;12776;PNSU;156697;2234766;MEJORAMIENTO DEL SISTEMA DE ALCANTARILLADO Y TRATAMIENTO DE AGUAS SERVIDAS DE LA CIUDAD DE PUERTO MALDONADO.;MUNICIPALIDAD PROVINCIAL DE TAMBOPATA;MADRE DE DIOS;TAMBOPATA ;TAMBOPATA;109282;490232024.1;Transferencia;Indirecta;EXPEDIENTE TECNICO;Concluido;;;;;;;;;
1302;PE;12777;PNSU;201631;2155170;MEJORAMIENTO DEL SERVICIO DE AGUA POTABLE Y DESAGUE EN EL DISTRITO DE CHOJATA - GENERAL SANCHEZ CERRO - MOQUEGUA;MUNICIPALIDAD DISTRITAL DE CHOJATA;MOQUEGUA;GENERAL SANCHEZ CERRO;CHOJATA;2425;2839538.38;Transferencia;Indirecta;OBRA;Concluido;;;;;;;;;
1303;PE;12778;PNSU;238540;2195001;MEJORAMIENTO DE LOS SISTEMAS DE AGUA PARA CONSUMO HUMANO Y ALCANTARILLADO EN OMATE Y ANEXOS, DISTRITO DE OMATE, PROVINCIA DE GENERAL SANCHEZ CERRO - MOQUEGUA;MUNICIPALIDAD PROVINCIAL DE SANCHEZ CERRO - OMATE;MOQUEGUA;GENERAL SANCHEZ CERRO;OMATE;4769;35812021.32;Transferencia;Indirecta;OBRA;Paralizada;;;;;;;;;
1304;PE;12779;PNSU;2431973;2431973;CREACION DE LOS SERVICIOS DE DRENAJE PLUVIAL EN LA QUEBRADA PRINCIPAL Y PASAJE NUMERO TRES DE LA LOCALIDAD LA CAPILLA  DISTRITO DE LA CAPILLA - PROVINCIA DE GENERAL SANCHEZ CERRO - DEPARTAMENTO DE MOQUEGUA;MUNICIPALIDAD DISTRITAL DE LA CAPILLA;MOQUEGUA;GENERAL SANCHEZ CERRO;PUQUINA;3396;3815816.43;Transferencia;Indirecta;OBRA;Concluido;;;;;;;;;
1305;PE;12780;PNSU;321853;2276837;INSTALACION DE LAS REDES DE AGUA POTABLE, ALCANTARILLADO Y CONEXIONES DOMICILIARIAS DEL PROGRAMA MUNICIPAL DE VIVIENDA PROMUVI I DEL DISTRITO EL ALGARROBAL, PROVINCIA DE ILO, REGION MOQUEGUA;MUNICIPALIDAD DISTRITAL DE EL ALGARROBAL;MOQUEGUA;ILO;EL ALGARROBAL;6603;28466846;Transferencia;Indirecta;OBRA;Concluido;;;;;;;;;
1306;PE;12781;PNSU;29132;2042758;REHABILITACION Y MEJORAMIENTO DE LOS SISTEMAS DE AGUA POTABLE Y ALCANTARILLADO DE LAS ZONAS PERIFERICAS DEL CASCO URBANO, PROVINCIA DE ILO, REGION MOQUEGUA;MUNICIPALIDAD PROVINCIAL DE ILO;MOQUEGUA;ILO;ILO;35547;37288991.44;Transferencia;Directa;OBRA;Concluido;;;;;;;;;
1307;PE;12782;PNSU;126642;2110531;AMPLIACION DE LAS REDES DE AGUA POTABLE Y ALCANTARILLADO DE LA ZONA DEL PROMUVI X SECTOR B Y C DEL DISTRITO Y PROVINCIA DE ILO, REGION MOQUEGUA;MUNICIPALIDAD PROVINCIAL DE ILO;MOQUEGUA;ILO;ILO;5165;12578223.17;Transferencia;Directa;OBRA;Concluido;;;;;;;;;
1308;PE;12783;PNSU;106536;2089286;AMPLIACION Y MEJORAMIENTO DE LA CONDUCCIÓN DE AGUAS SERVIDAS DE LA URB. VILLA DEL MAR HASTA LA PLANTA DE TRATAMIENTO DE AGUAS SERVIDAS DE LA PLAYA MEDIA LUNA DEL DISTRITO Y PROVINCIA DE ILO. REGION MOQUEGUA.;MUNICIPALIDAD PROVINCIAL DE ILO;MOQUEGUA;ILO;ILO;57576;9379402.68;Transferencia;Directa;OBRA;Concluido;;;;;;;;;
1309;PE;12784;PNSU;258813;2183033;REHABILITACION Y MEJORAMIENTO DE LAS REDES DE AGUA POTABLE, ALCANTARILLADO Y CONEXIONES DOMICILIARIAS DEL AA.HH. NUEVA ESPERANZA, DISTRITO Y PROVINCIA DE ILO, REGION MOQUEGUA;MUNICIPALIDAD PROVINCIAL DE ILO;MOQUEGUA;ILO;ILO;634;1608061.31;Transferencia;Indirecta;OBRA;Concluido;;;;;;;;;
1310;PE;12785;PNSU;361938;2325237;CREACION DE LOS SERVICIOS BASICOS DE AGUA POTABLE Y ALCANTARILLADO EN LOS ASENTAMIENTOS HUMANOS MIRAFLORES Y CIUDAD DE LA JUVENTUD DEL PROMUVI XI DISTRITO, PROVINCIA DE ILO - MOQUEGUA;MUNICIPALIDAD PROVINCIAL DE ILO;MOQUEGUA;ILO;ILO;2925;7082313.28;Transferencia;Indirecta;OBRA;Concluido;;;;;;;;;
1311;PE;12786;PNSU;362914;2326388;MEJORAMIENTO DE REDES DE AGUA Y ALCANTARILLADO DE LOS AA.HH. INTEGRACIÓN LATINOAMERICANA, LAS GARDENIAS, TREN AL SUR Y SIGLO XXI, DISTRITO Y PROVINCIA DE ILO, REGION MOQUEGUA;E.P.S. ILO S.A.;MOQUEGUA;ILO;ILO;3235;5570923.14;Transferencia;Indirecta;OBRA;Concluido;;;;;;;;;
1312;PE;12787;PNSU;2436439;2436439;CREACION DE LOS SERVICIOS BÁSICOS DE AGUA POTABLE Y ALCANTARILLADO DEL PROMUVI XII DEL DISTRITO Y PROVINCIA DE ILO, REGIÓN MOQUEGUA ILO DEL DISTRITO DE ILO - PROVINCIA DE ILO - DEPARTAMENTO DE MOQUEGUA;E.P.S. ILO S.A.;MOQUEGUA;ILO;ILO;3755;5372307.72;Transferencia;Indirecta;OBRA;Concluido;;;;;;;;;
1313;PE;12788;PNSU;352124;2314553;MEJORAMIENTO DE LOS SERVICIOS DE AGUA POTABLE Y ALCANTARILLADO DE LA ASOCIACION DE VIVIENDA 7 DE MAYO, DISTRITO Y PROVINCIA DE ILO, MOQUEGUA;E.P.S. ILO S.A.;MOQUEGUA;ILO;ILO;631;1854378.03;Transferencia;Indirecta;OBRA;Paralizada;;;;;;;;;
1314;PE;12789;PNSU;2565120;2565120;CREACION DE LOS SERVICIOS BASICOS DE AGUA POTABLE Y ALCANTARILLADO DE LA AMPLIACION PROMUVI XII  DISTRITO DE ILO - PROVINCIA DE ILO - DEPARTAMENTO DE MOQUEGUA;E.P.S. ILO S.A.;MOQUEGUA;ILO;ILO;2040;8672337.92;Transferencia;Indirecta;OBRA;Concluido;;;;;;;;;
1315;PE;12790;PNSU;62937;2066645;CONSTRUCCION DEL SISTEMA DE AGUA POTABLE Y ALCANTARILLADO DEL ANEXO DE YOJO, DISTRITO DE CUCHUMBAYA - MARISCAL NIETO - MOQUEGUA;MUNICIPALIDAD DISTRITAL DE CUCHUMBAYA;MOQUEGUA;MARISCAL NIETO;CUCHUMBAYA;321;1264826.39;Transferencia;Indirecta;OBRA;Concluido;;;;;;;;;
1316;PE;12791;PNSU;117166;2104243;MEJORAMIENTO DEL SISTEMA DE AGUA POTABLE, ALCANTARILLADO Y PLANTA DE TRATAMIENTO DE AGUAS RESIDUALES EN LA LOCALIDAD DE CUCHUMBAYA, DISTRITO DE CUCHUMBAYA - MARISCAL NIETO - MOQUEGUA;MUNICIPALIDAD DISTRITAL DE CUCHUMBAYA;MOQUEGUA;MARISCAL NIETO;CUCHUMBAYA;653;2153792.76;Transferencia;Indirecta;OBRA;Concluido;;;;;;;;;
1317;PE;12792;PNSU;76102;2058467;AMPLIACION Y MEJORAMIENTO DEL SISTEMA DE AGUA POTABLE Y ALCANTARILLADO DEL DISTRITO DE MOQUEGUA, PROVINCIA DE MARISCAL NIETO - MOQUEGUA;MUNICIPALIDAD PROVINCIAL DE MARISCAL NIETO;MOQUEGUA;MARISCAL NIETO;MOQUEGUA;50075;33645352;Transferencia;Indirecta;OBRA;Concluido;;;;;;;;;
1318;PE;12793;PNSU;35944;2035464;CONSTRUCCION, INSTALACION ,DE RESERVORIO , DE LINEA DE CONDUCCION Y ADUCCION EN EL CENTRO POBLADO SAN ANTONIO, PROVINCIA DE MARISCAL NIETO - MOQUEGUA;MUNICIPALIDAD PROVINCIAL DE MARISCAL NIETO;MOQUEGUA;MARISCAL NIETO;MOQUEGUA;22929;1711832;Transferencia;Indirecta;OBRA;Concluido;;;;;;;;;
1319;PE;12794;PNSU;51753;2062751;MEJORAMIENTO E INSTALACION DEL SISTEMA DE AGUA POTABLE Y ALCANTARILLADO C.P. LOS ANGELES, DISTRITO DE MOQUEGUA, PROVINCIA DE MARISCAL NIETO - MOQUEGUA;MUNICIPALIDAD PROVINCIAL DE MARISCAL NIETO - MOQUEGUA;MOQUEGUA;MARISCAL NIETO;MOQUEGUA;4939;42035491.43;Transferencia;Indirecta;OBRA;Concluido;;;;;;;;;
1320;PE;12795;PNSU;251157;2338414;MEJORAMIENTO Y AMPLIACION DE LOS SERVICIOS DE AGUA POTABLE Y SISTEMA DE DISPOSICIÓN DE EXCRETAS EN LAS JUNTAS VECINALES DE: SANTA ROSA, OMO Y LA RINCONADA  DEL VALLE DE MOQUEGUA, PROVINCIA DE MARISCAL NIETO - MOQUEGUA;MUNICIPALIDAD PROVINCIAL DE MARISCAL NIETO - MOQUEGUA;MOQUEGUA;MARISCAL NIETO;MOQUEGUA;1888;25558357.85;Transferencia;Indirecta;OBRA;Paralizada;;;;;;;;;
1321;PE;12796;PNSU;40898;2057821;MEJORAMIENTO DEL SISTEMA DE AGUA POTABLE Y ALCANTARILLADO DEL, DISTRITO DE SAMEGUA - MARISCAL NIETO - MOQUEGUA;MUNICIPALIDAD DISTRITAL DE SAMEGUA;MOQUEGUA;MARISCAL NIETO;SAMEGUA;7138;25361681.41;Transferencia;Directa;OBRA;Concluido;;;;;;;;;
1322;PE;12797;PNSU;74899;2084975;MEJORAMIENTO, AMPLIACION DEL SISTEMA DE AGUA POTABLE Y DESAGÜE DEL AREA URBANA, DISTRITO DE TORATA - MARISCAL NIETO - MOQUEGUA;MUNICIPALIDAD DISTRITAL DE TORATA;MOQUEGUA;MARISCAL NIETO;TORATA;3118;8425374.13;Transferencia;Directa;OBRA;Concluido;;;;;;;;;
1323;PE;12798;PNSU;5750;2040559;AMPLIACION Y MEJORAMIENTO DE LOS SISTEMAS DE AGUA POTABLE Y SISTEMA DE ALCANTARILLADO DE LA LOCALIDAD DE CHACAYAN;GOBIERNO REGIONAL PASCO;PASCO;DANIEL ALCIDES CARRION;CHACAYAN;1412;943415;Transferencia;Indirecta;OBRA;Concluido;;;;;;;;;
1324;PE;12799;PNSU;37678;2085810;AMPLIACION Y MEJORAMIENTO DE LOS SISTEMAS DE AGUA Y DESAGUE DE LOS BARRIOS ASUNCION Y SAN PEDRO DE CHANGO-CHACAYAN;GOBIERNO REGIONAL PASCO;PASCO;DANIEL ALCIDES CARRION;CHACAYAN;1639;828897;Transferencia;Indirecta;OBRA;Concluido;;;;;;;;;
1325;PE;12800;PNSU;7033;2030589;MEJORAMIENTO Y REHABILITACION DE LOS SISTEMAS DE AGUA Y DESAGUE EN LA LOCALIDAD DE PAUCAR;GOBIERNO REGIONAL PASCO;PASCO;DANIEL ALCIDES CARRION;PAUCAR;0;167568;Transferencia;Indirecta;OBRA;Concluido;;;;;;;;;
1326;PE;12801;PNSU;52937;2052246;INSTALACION DEL SISTEMA DE DESAGUE EN LA LOCALIDAD DE YACAN DISTRITO DE PAUCAR, PROVINCIA DE DANIEL ALCIDES CARRION - PASCO;MUNICIPALIDAD PROVINCIAL DE DANIEL CARRION;PASCO;DANIEL ALCIDES CARRION;PAUCAR;2293;888434.2;Transferencia;Indirecta;OBRA;Concluido;;;;;;;;;
1327;PE;12802;PNSU;5781;2030587;AMPLIACION Y REHABILITACION DEL SISTEMA DE AGUA POTABLE Y DISPOSICION DE EXCRETAS DEL CENTRO POBLADO DE HUAYO;GOBIERNO REGIONAL PASCO;PASCO;DANIEL ALCIDES CARRION;SANTA ANA DE TUSI;0;95931.24;Transferencia;Indirecta;OBRA;Concluido;;;;;;;;;
1328;PE;12803;PNSU;104652;2101916;INSTALACION DEL SISTEMA DE AGUA POTABLE Y DISPOSICION DE EXCRETAS EN LAS LOCALIDADES DE PUCUNAN,HUAGAYOG,ANTAGASHA,PUTAJA,POCOBAMBA Y UCRO SANTA ANA DE TUSI, DISTRITO DE SANTA ANA DE TUSI - DANIEL ALCIDES CARRION - PASCO;MUNICIPALIDAD DISTRITAL SANTA ANA DE TUSI;PASCO;DANIEL ALCIDES CARRION;SANTA ANA DE TUSI;810;3244099.2;Transferencia;Indirecta;OBRA;Concluido;;;;;;;;;
1329;PE;12804;PNSU;6845;2030588;MEJORAMIENTO Y AMPLIACION DE LOS SISTEMAS DE AGUA Y ALCANTARILLADO DE LA LOCALIDAD DE YANAHUANCA;GOBIERNO REGIONAL PASCO;PASCO;DANIEL ALCIDES CARRION;YANAHUANCA;3861;1957796;Transferencia;Indirecta;OBRA;Concluido;;;;;;;;;
1330;PE;12805;PNSU;51379;2052244;INSTALACION DEL SISTEMA DE DESAGUE EN ASTOBAMBA - HUARAUTAMBO -YANAHUANCA, PROVINCIA DE DANIEL ALCIDES CARRION - PASCO;MUNICIPALIDAD PROVINCIAL DE DANIEL CARRION;PASCO;DANIEL ALCIDES CARRION;YANAHUANCA;1065;854361.22;Transferencia;Indirecta;OBRA;Concluido;;;;;;;;;
1331;PE;12806;PNSU;53482;2051097;MEJORAMIENTO DEL SISTEMA DE AGUA Y CONSTRUCCION DEL SISTEMA DE DESAGUE EN LA LOCALIDAD DE CHINCHE RABI, DISTRITO DE YANAHUANCA, PROVINCIA DE DANIEL ALCIDES CARRION - PASCO;MUNICIPALIDAD PROVINCIAL DE DANIEL CARRION;PASCO;DANIEL ALCIDES CARRION;YANAHUANCA;556;887950.28;Transferencia;Indirecta;OBRA;Concluido;;;;;;;;;
1332;PE;12807;PNSU;52887;2054331;AMPLIACION Y MEJORAMIENTO DEL SISTEMA DE AGUA Y CONSTRUCCION DEL SISTEMA DE DESAGUE DEL CENTRO POBLADO CHINCHE YANAHUANCA, DISTRITO DE YANAHUANCA, PROVINCIA DANIEL ALCIDES CARRION - PASCO;MUNICIPALIDAD PROVINCIAL DE DANIEL CARRION;PASCO;DANIEL ALCIDES CARRION;YANAHUANCA;607;960905;Transferencia;Indirecta;OBRA;Concluido;;;;;;;;;
1333;PE;12808;PNSU;50326;2054460;MEJORAMIENTO Y AMPLIACION DEL SISTEMA DE AGUA E INSTALACION DEL SISTEMA DE DESAGUE EN EL CENTRO POBLADO DE UCHUMARCA, DISTRITO DE YANAHUANCA, PROVINCIA DANIEL ALCIDES CARRION - PASCO;MUNICIPALIDAD PROVINCIAL DE DANIEL CARRION;PASCO;DANIEL ALCIDES CARRION;YANAHUANCA;705;965915.63;Transferencia;Indirecta;OBRA;Concluido;;;;;;;;;
1334;PE;12809;PNSU;50499;2047189;AMPLIACION DEL SISTEMA DE AGUA Y CONSTRUCCION DEL SISTEMA DE DESAGUE DE SAN JUAN DE YANACOCHA, PROVINCIA DE DANIEL ALCIDES CARRION - PASCO;MUNICIPALIDAD PROVINCIAL DE DANIEL CARRION;PASCO;DANIEL ALCIDES CARRION;YANAHUANCA;1910;1416790;Transferencia;Indirecta;OBRA;Concluido;;;;;;;;;
1335;PE;12810;PNSU;54116;2054950;REHABILITACION Y MEJORAMIENTO DEL SISTEMA DEL AGUA, CONSTRUCCION DEL SISTEMA DE DESAGUE DEL CENTRO POBLADO DE HUAYLASJIRCA -YANAHUANCA, PROVINCIA DE DANIEL ALCIDES CARRION - PASCO;MUNICIPALIDAD PROVINCIAL DE DANIEL CARRION;PASCO;DANIEL ALCIDES CARRION;YANAHUANCA;1742;1826431.01;Transferencia;Indirecta;OBRA;Concluido;;;;;;;;;
1336;PE;12811;PNSU;54058;2050355;MEJORAMIENTO Y AMPLIACIÓN DEL SISTEMA DE AGUA POTABLE E INSTALACIÓN DEL SISTEMA DE ALCANTARILLADO Y TRATAMIENTO DE AGUAS RESIDUALES EN LA LOCALIDAD DE ROCCO, DISTRITO DE YANAHUANCA, PROVINCIA DE DANIEL ALCIDES CARRION - PASCO;MUNICIPALIDAD PROVINCIAL DE DANIEL CARRION - YANAHUANCA;PASCO;DANIEL ALCIDES CARRION;YANAHUANCA;1282;3235792.31;Transferencia;Indirecta;OBRA;Concluido;;;;;;;;;
1337;PE;12812;PNSU;360161;2323266;CREACION DEL SERVICIO DE AGUA POTABLE Y SANEAMIENTO EN LOS SECTORES, CARTAGENA,BELLAS ARTES, JUAN VELASCO ALVARADO I,II,III,IV Y V ETAPA DE LA LOCALIDAD DE CONSTITUCION, DISTRITO DE CONSTITUCION - OXAPAMPA - PASCO;MUNICIPALIDAD DISTRITAL DE CONSTITUCION;PASCO;OXAPAMPA;CONSTITUCION;10440;222837692.8;Transferencia;Indirecta;EXPEDIENTE TECNICO;En elaboración;;;;;;;;;
1338;PE;12813;PNSU;121592;2116411;MEJORAMIENTO Y AMPLIACION DEL SISTEMA DE AGUA POTABLE Y ALCANTARILLADO DE LA LOCALIDAD DE HUANCABAMBA , DISTRITO DE HUANCABAMBA - OXAPAMPA - PASCO;MUNICIPALIDAD DISTRITAL DE HUANCABAMBA;PASCO;OXAPAMPA;HUANCABAMBA;714;1679125.75;Transferencia;Indirecta;OBRA;Concluido;;;;;;;;;
1339;PE;12814;PNSU;355776;2318784;AMPLIACION Y MEJORAMIENTO DE SISTEMAS DE AGUA POTABLE, ALCANTARILLADO Y CONSTRUCCIÓN DE PLANTA DE TRATAMIENTO DE AGUAS RESIDUALES DE LA LOCALIDAD NAVARRA, DISTRITO DE HUANCABAMBA - OXAPAMPA - PASCO;MUNICIPALIDAD DISTRITAL DE HUANCABAMBA;PASCO;OXAPAMPA;HUANCABAMBA;641;4213057.42;Transferencia;Indirecta;OBRA;Concluido;;;;;;;;;
1340;PE;12815;PNSU;2936;2030182;MEJORAMIENTO Y AMPLIACION DE LOS SISTEMAS DE ABASTECIMIENTO DE AGUA POTABLE Y ALCANTARILLADO DE OXAPAMPA - OXAPAMPA;GOBIERNO REGIONAL PASCO;PASCO;OXAPAMPA;OXAPAMPA;8944;47336903.84;Transferencia;Indirecta;OBRA;Concluido;;;;;;;;;
1341;PE;12816;PNSU;278102;2309153;INSTALACION DEL SISTEMA DE EVACUACIÓN DE AGUAS PLUVIALES DE LA ZONA URBANA DEL DISTRITO DE OXAPAMPA, PROVINCIA DE OXAPAMPA - PASCO;MUNICIPALIDAD PROVINCIAL DE OXAPAMPA;PASCO;OXAPAMPA;OXAPAMPA;11253;59290196.45;Transferencia;Indirecta;OBRA;En Ejecución;;;;;;;;;
1342;PE;12817;PNSU;63717;2066901;MEJORAMIENTO, AMPLIACION SISTEMA DE AGUA Y ALCANTARILLADO SANITARIO POZUZO, PROVINCIA DE OXAPAMPA - PASCO;MUNICIPALIDAD DISTRITAL DE DE POZUZO;PASCO;OXAPAMPA;POZUZO;1754;4897108;Transferencia;Directa;OBRA;Concluido;;;;;;;;;
1343;PE;12818;PNSU;8042;2030594;CONSTRUCCION DE LOS SISTEMAS DE AGUA Y DESAGÜE DE CIUDAD CONSTITUCION;GOBIERNO REGIONAL PASCO;PASCO;OXAPAMPA;PUERTO BERMUDEZ;4107;4709418;Transferencia;Indirecta;OBRA;Concluido;;;;;;;;;
1344;PE;12819;PNSU;49905;2166996;CONSTRUCCION Y MEJORAMIENTO DE LOS SISTEMAS DE AGUA Y DESAGUE DE PUERTO BERMUDEZ;MUNICIPALIDAD DISTRITAL DE PUERTO BERMUDEZ;PASCO;OXAPAMPA;PUERTO BERMUDEZ;3883;39636021.8;Transferencia;Indirecta;OBRA;Convenio Resuelto;;;;;;;;;
1345;PE;12820;PNSU;36932;2085792;AMPLIACION Y MEJORAMIENTO DE LAS OBRAS PRIMARIAS DE LOS SISTEMAS DE AGUA POTABLE Y ALCANTARILLADO DEL AA.HH. TAHUANTINSUYO DE CHAUPIMARCA;GOBIERNO REGIONAL PASCO;PASCO;PASCO;CHAUPIMARCA;3594;1971315;Transferencia;Indirecta;OBRA;Concluido;;;;;;;;;
1346;PE;12821;PNSU;40856;2085793;AMPLIACION Y MEJORAMIENTO DE LAS OBRAS PRIMARIAS DE LOS SISTEMAS DE AGUA Y ALCANTARILLADO DEL PUEBLO JOVEN ULIACHIN;GOBIERNO REGIONAL PASCO;PASCO;PASCO;CHAUPIMARCA;4582;1955298;Transferencia;Indirecta;OBRA;Concluido;;;;;;;;;
1347;PE;12822;PNSU;36702;2040084;AMPLIACION Y MEJORAMIENTO DE LAS OBRAS PRIMARIAS DE AGUA Y DESAGUE DEL AA.HH. TUPAC AMARU;GOBIERNO REGIONAL PASCO;PASCO;PASCO;CHAUPIMARCA;10100;1999828;Transferencia;Indirecta;OBRA;Concluido;;;;;;;;;
1348;PE;12823;PNSU;31304;2030599;MEJORAMIENTO Y AMPLIACION DEL SISTEMA DE DESAGUE Y TRATAMIENTO DE AGUAS RESIDUALES DE LA LOCALIDAD DE JATUNPAMPA EN EL DISTRITO DE HUACHON;GOBIERNO REGIONAL PASCO;PASCO;PASCO;HUACHON;250;701283;Transferencia;Indirecta;OBRA;Concluido;;;;;;;;;
1349;PE;12824;PNSU;30727;2029613;AMPLIACION Y MEJORAMIENTO DEL SISTEMA DE DESAGUE CON TRATAMIENTO DE AGUAS RESIDUALES DE LA LOCALIDAD DE HUAYLLAY;GOBIERNO REGIONAL PASCO;PASCO;PASCO;HUAYLLAY;2705;1404561;Transferencia;Indirecta;OBRA;Paralizada;;;;;;;;;
1350;PE;12825;PNSU;252715;2181009;MEJORAMIENTO, AMPLIACION DEL SISTEMA DE AGUA POTABLE Y ALCANTARILLADO DE LA LOCALIDAD DE SAN PEDRO DE CARHUAC, DISTRITO DE NINACACA - PASCO - PASCO;MUNICIPALIDAD DISTRITAL DE NINACACA;PASCO;PASCO;NINACACA;6676;2146831.81;Transferencia;Indirecta;OBRA;Concluido;;;;;;;;;
1351;PE;12826;PNSU;65094;2067266;AMPLIACION YMEJORAMIENTO DEL SISTEMA DE AGUA Y ALCANTARILLADO EN LOS BARRIOS DE PAUCARTAMBO, DISTRITO DE PAUCARTAMBO - PASCO - PASCO;MUNICIPALIDAD DISTRITAL DE PAUCARTAMBO;PASCO;PASCO;PAUCARTAMBO;2774;2692348;Transferencia;Directa;OBRA;Concluido;;;;;;;;;
1352;PE;12827;PNSU;37168;2087374;AMPLIACION Y MEJORAMIENTO DE LOS SISTEMAS DE AGUA POTABLE Y ALCANTARILLADO DEL CENTRO POBLADO SAN JUAN DE MILPO - DISTRITO SAN FRANCISCO DE YARUSYACAN;GOBIERNO REGIONAL PASCO;PASCO;PASCO;SAN FRANCISCO DE ASIS DE YARUSYACAN;1585;4084708.73;Transferencia;Otra Modalidad;OBRA;Concluido;;;;;;;;;
1353;PE;12828;PNSU;8418;2021879;MEJORAMIENTO Y AMPLIACION DE LOS SISTEMAS DE AGUA Y DESAGÜE DEL ASENTAMIENTO HUMANO JOSE CARLOS MARIATEGUI;GOBIERNO REGIONAL PASCO;PASCO;PASCO;SIMON BOLIVAR;0;2592025;Transferencia;Indirecta;OBRA;Concluido;;;;;;;;;
1354;PE;12829;PNSU;23168;2030596;MEJORAMIENTO Y AMPLIACION DEL SISTEMA DE AGUA Y ALCANTARILLADO DE LA LOCALIDAD DE QUIULACOCHA;MUNICIPALIDAD PROVINCIAL DE CERRO DE PASCO;PASCO;PASCO;SIMON BOLIVAR;679;925319;Transferencia;Indirecta;OBRA;Concluido;;;;;;;;;
1355;PE;12830;PNSU;114893;2104648;MEJORAMIENTO Y AMPLIACION DE LOS SERVICIOS DE AGUA Y DESAGUE EN EL CENTRO POBLADO DE SACRAFAMILIA, DISTRITO DE SIMON BOLIVAR - PASCO - PASCO;MUNICIPALIDAD DISTRITAL DE SIMON BOLIVAR;PASCO;PASCO;SIMON BOLIVAR;824;2834590.7;Transferencia;Indirecta;OBRA;Concluido;;;;;;;;;
1356;PE;12831;PNSU;7672;2016436;AMPLIACION SISTEMA DE DESAGUE DE COLQUIJIRCA;GOBIERNO REGIONAL PASCO;PASCO;PASCO;TINYAHUARCO;0;490932.29;Transferencia;Indirecta;OBRA;Concluido;;;;;;;;;
1357;PE;12832;PNSU;20249;2029267;AMPLIACION Y MEJORAMIENTO DEL SISTEMA DE AGUA POTABLE Y ALCANTARILLADO INTEGRAL DE LA LOCALIDAD DE VILLA DE PASCO;GOBIERNO REGIONAL PASCO;PASCO;PASCO;TINYAHUARCO;717;1512178;Transferencia;Indirecta;OBRA;Concluido;;;;;;;;;
1358;PE;12833;PNSU;7008;2017265;MEJORAMIENTO Y AMPLIACION DE LOS SISTEMAS DE AGUA Y DESAGUE DE VICCO;GOBIERNO REGIONAL PASCO;PASCO;PASCO;VICCO;0;1893011.8;Transferencia;Indirecta;OBRA;Concluido;;;;;;;;;
1359;PE;12834;PNSU;43461;2045568;AMPLIACION Y MEJORAMIENTO DE LOS SISTEMAS DE AGUA Y DESAGUE DEL ASENTAMIENTO HUMANO TECHO PROPIO - YANACANCHA;GOBIERNO REGIONAL PASCO;PASCO;PASCO;YANACANCHA;1312;983265;Transferencia;Indirecta;OBRA;Concluido;;;;;;;;;
1360;PE;12835;PNSU;74176;2084815;MEJORAMIENTO Y AMPLIACIÓN DE LOS SERVICIOS DE SANEAMIENTO Y FORTALECIMIENTO INSTITUCIONAL INTEGRAL DE LA EMAPA PASCO, PROVINCIA DE PASCO - PASCO (COMPONENTE I);GOBIERNO REGIONAL DE PASCO;PASCO;PASCO;YANACANCHA;70334;696746124.4;Transferencia;Directa;OBRA (SALDO);Convenio Resuelto;;;;;;;;;
1361;PE;12836;PNSU;96561;2134396;MEJORAMIENTO Y AMPLIACION DEL SISTEMA DE AGUA POTABLE Y ALCANTARILLADO DE LA LOCALIDAD DE HUARIACA;MUNICIPALIDAD DISTRITAL DE HUARIACA;PASCO;PASCO ;HUARIACA;5946;118919682.5;Transferencia;Indirecta;EXPEDIENTE TECNICO;En elaboración;;;;;;;;;
1362;PE;12837;PNSU;49538;2043362;AMPLIACION Y MEJORAMIENTO DEL SISTEMA DE AGUA Y SANEAMIENTO EN LA CIUDAD DE  AYABACA, PROVINCIA DE AYABACA - PIURA;REGION PIURA-GERENCIA LUCIANO CASTILLO COLONNA;PIURA;AYABACA;AYABACA;5506;68484872.24;Transferencia;Indirecta;OBRA (SALDO);Contrato Resuelto;;;;;;;;;
1363;PE;12838;PNSU;56325;2054315;MEJORAMIENTO Y AMPLIACION DEL SISTEMA DE AGUA POTABLE Y ALCANTARILADO DE LA CIUDAD DE FRIAS – PRIMERA ETAPA – FRIAS- PROVINCIA DE AYABACA-PIURA;MUNICIPALIDAD DISTRITAL DE FRIAS;PIURA;AYABACA;FRIAS;2970;4541901;Transferencia;Indirecta;OBRA;Concluido;;;;;;;;;
1364;PE;12839;PNSU;56326;2047403;AMPLIACION Y MEJORAMIENTO DEL SISTEMA DE AGUA Y ALCANTARILLADO DE PACAIPAMPA - DISTRITO DE PACAIPAMPA, PROVINCIA DE AYABACA - PIURA;MUNICIPALIDAD DISTRITAL DE PACAIPAMPA;PIURA;AYABACA;PACAIPAMPA;2100;6738055.92;Transferencia;Indirecta;OBRA (SALDO);Concluido;;;;;;;;;
1365;PE;12840;PNSU;111862;2148935;MEJORAMIENTO Y AMPLIACION DE LOS SISTEMAS DE AGUA POTABLE Y SANEAMIENTO DE LA LOCALIDAD DE SAPILLICA , DISTRITO DE SAPILLICA - AYABACA - PIURA;MUNICIPALIDAD DISTRITAL DE SAPILLICA;PIURA;AYABACA;SAPILLICA;1592;4487879.9;Transferencia;Indirecta;OBRA;Concluido;;;;;;;;;
1366;PE;12841;PNSU;54713;2056430;CONSTRUCCION DEL SISTEMA DE ALCANTARILLADO DEL CENTRO POBLADO DE OXAHUAY-SICCHEZ-AYABACA-PIURA;MUNICIPALIDAD DISTRITAL DE SICCHEZ;PIURA;AYABACA;SICCHEZ;1045;1905144.82;Transferencia;Indirecta;OBRA;Concluido;;;;;;;;;
1367;PE;12842;PNSU;78012;2108163;MEJORAMIENTO Y AMPLIACIÓN DEL SISTEMA DE AGUA POTABLE Y ALCANTARILLADO EN LA LOCALIDAD DE SAPALACHE, DISTRITO DE CARMEN DE LA FRONTERA, PROVINCIA DE HUANCABAMBA;MUNICIPALIDAD DISTRITAL CARMEN DE LA FRONTERA;PIURA;HUANCABAMBA;EL CARMEN DE LA FRONTERA;719;2002756.26;Transferencia;Indirecta;OBRA;Concluido;;;;;;;;;
1368;PE;12843;PNSU;1879;2030752;AMPLIACION Y MEJORAMIENTO DE LOS SISTEMAS DE AGUA POTABLE Y ALCANTARILLADO DE HUARMACA;GOBIERNO REGIONAL PIURA;PIURA;HUANCABAMBA;HUARMACA;4235;5448656;Transferencia;Indirecta;OBRA;Concluido;;;;;;;;;
1369;PE;12844;PNSU;169002;2225290;MEJORAMIENTO DEL SISTEMA DE AGUA POTABLE E INSTALACION DEL SISTEMA DE ALCANTARILLADO DEL CASERIO CARRASQUILLO - DISTRITO DE BUENOS AIRES, PROVINCIA DE MORROPON - PIURA;MUNICIPALIDAD PROVINCIAL DE MORROPON - CHULUCANAS;PIURA;MORROPON;BUENOS AIRES;2398;15036664.86;Transferencia;Indirecta;OBRA;Concluido;;;;;;;;;
1370;PE;12845;PNSU;24848;2030553;AMPLIACION Y MEJORAMIENTO DEL SISTEMA DE AGUA POTABLE Y ALCANTARILLADO EN LA VILLA DE CHALACO, SECTOR ABELARDO QUIÑONEZ Y CASERIO LOS PINOS, DISTRITO DE CHALACO, PROVINCIA DE MORROPON;GOBIERNO REGIONAL PIURA;PIURA;MORROPON;CHALACO;1609;1972133;Transferencia;Indirecta;OBRA;Concluido;;;;;;;;;
1371;PE;12846;PNSU;31693;2034693;CONSTRUCCION DEL SISTEMA DE AGUA POTABLE Y ELIMINACIÓN DE EXCRETAS DE LA COMUNIDAD CAMPESINA JOSÉ IGNACIO TAVARA PASAPERA KM. 41, 44 Y 48, PROVINCIA DE MORROPON - PIURA;MUNICIPALIDAD PROVINCIAL DE MORROPON;PIURA;MORROPON;CHULUCANAS;994;1477462;Transferencia;Indirecta;OBRA;Concluido;;;;;;;;;
1372;PE;12847;PNSU;34043;2035265;CONSTRUCCION SISTEMA DE AGUA POTABLE Y LETRINAS CASERIO CASANAS, PROVINCIA DE MORROPON - PIURA;MUNICIPALIDAD PROVINCIAL DE MORROPON;PIURA;MORROPON;CHULUCANAS;403;494516;Transferencia;Indirecta;OBRA;Concluido;;;;;;;;;
1373;PE;12848;PNSU;36585;2035263;CONSTRUCCION SISTEMA DE AGUA POTABLE Y AMPLIACION DE LETRINAS CASERIO HUAPALAS, PROVINCIA DE MORROPON - PIURA;MUNICIPALIDAD PROVINCIAL DE MORROPON;PIURA;MORROPON;CHULUCANAS;1267;1177864;Transferencia;Indirecta;OBRA;Concluido;;;;;;;;;
1374;PE;12849;PNSU;38130;2051091;CONSTRUCCION SISTEMA DE AGUA POTABLE Y LETRINAS CASERIOS LA PEÑA, SANCOR Y LAS PAMPAS, PROVINCIA DE MORROPON - PIURA;MUNICIPALIDAD PROVINCIAL DE MORROPON;PIURA;MORROPON;CHULUCANAS;1959;1541124.44;Transferencia;Indirecta;OBRA;Concluido;;;;;;;;;
1375;PE;12850;PNSU;304672;2401051;"ESTUDIO DE PRE INVERSION A NIVEL DE PERFIL ""INSTALACION DE UNA PLANTA DE TRATAMIENTO DE AGUA POTABLE EN CHULUCANAS - CHULUCANAS - MORROPON """;EPS GRAU;PIURA;MORROPON;CHULUCANAS;0;13672498;Transferencia;Indirecta;PREINVERSION;Concluido;;;;;;;;;
1376;PE;12851;PNSU;331528;2289975;AMPLIACION DE LOS SERVICIOS DE AGUA POTABLE Y ALCANTARILLADO EN LOS ASENTAMIENTOS HUMANOS DE LA LOCALIDAD DE CHULUCANAS, PROVINCIA DE MORROPON - DEPARTAMENTO DE PIURA;EPS GRAU;PIURA;MORROPON;CHULUCANAS;0;67359130.23;Transferencia;Indirecta;PREINVERSION;Concluido;;;;;;;;;
1377;PE;12852;PNSU;72041;2081275;INSTALACION DEL SERVICIO DE ALCANTARILLADO EN EL CENTRO POBLADO SOL SOL, PROVINCIA DE MORROPON - PIURA;MUNICIPALIDAD PROVINCIAL DE MORROPON - CHULUCANAS;PIURA;MORROPON;CHULUCANAS;2975;8195559.02;Transferencia;Indirecta;OBRA;Concluido;;;;;;;;;
1378;PE;12853;PNSU;84900;2084768;MEJORAMIENTO Y AMPLIACION DEL SISTEMA DE AGUA POTABLE Y ALCANTARILLADO DE LOS AA.HH. VATE MANRIQUE Y MICAELA BASTIDAS DEL DISTRITO DE CHULUCANAS, PROVINCIA DE MORROPON - PIURA;MUNICIPALIDAD PROVINCIAL DE MORROPON;PIURA;MORROPON;CHULUCANAS;3885;5258953;Transferencia;Directa;OBRA (SALDO);Concluido;;;;;;;;;
1379;PE;12854;PNSU;34889;2037616;MEJORAMIENTO Y AMPLIACIÓN DEL SERVICIO DE AGUA POTABLE  E INSTALACION DEL SERVICIO DE ALCANTARILLADO  VILLA BATANES, DISTRITO DE  CHULUCANAS, PROVINCIA DE MORROPON - PIURA;MUNICIPALIDAD PROVINCIAL DE MORROPON - CHULUCANAS;PIURA;MORROPON;CHULUCANAS;2908;19082432.11;Transferencia;Indirecta;OBRA;Concluido;;;;;;;;;
1380;PE;12855;PNSU;24835;2030552;AMPLIACION Y MEJORAMIENTO SISTEMA DE AGUA POTABLE Y ALCANTARILLADO DE MARAY, LINDEROS DE MARAY, PUEBLO NUEVO DE MARAY E HIGUERONES;GOBIERNO REGIONAL PIURA;PIURA;MORROPON;MORROPON;2645;1717976;Transferencia;Indirecta;OBRA;Concluido;;;;;;;;;
1381;PE;12856;PNSU;128300;2127870;MEJORAMIENTO DEL SISTEMA DE AGUA POTABLE Y ALCANTARILLADO EN EL SECTOR 02 DE LA CIUDAD DE CHULUCANAS, PROVINCIA DE MORROPON - PIURA;MUNICIPALIDAD PROVINCIAL DE MORROPON;PIURA;MORROPON;MORROPON;1115;1388116.5;Transferencia;Indirecta;OBRA;Concluido;;;;;;;;;
1382;PE;12857;PNSU;303697;2284861;MEJORAMIENTO Y AMPLIACIÓN DEL SERVICIO DE AGUA POTABLE Y ALCANTARILLADO DEL AA.HH 09 DE OCTUBRE DE LA LOCALIDAD DE MORROPON, PROVINCIA DE MORROPON - PIURA;MUNICIPALIDAD DISTRITAL DE MORROPON;PIURA;MORROPON;MORROPON;1024;3243555;Transferencia;Indirecta;OBRA;Concluido;;;;;;;;;
1383;PE;12858;PNSU;15725;2030753;AMPLIACION Y MEJORAMIENTO SISTEMA DE AGUA POTABLE Y CONSTRUCCION DEL SISTEMA DE ALCANTARILLADO DEL CENTRO POBLADO DE MALACASI, DISTRITO DE SALITRAL, PROVINCIA DE MORROPON;GOBIERNO REGIONAL PIURA;PIURA;MORROPON;SALITRAL;2448;4982879;Transferencia;Indirecta;OBRA;Concluido;;;;;;;;;
1384;PE;12859;PNSU;854;2030754;AMPLIACION Y MEJORAMIENTO DEL SISTEMA DE AGUA POTABLE, Y CONSTRUCCION DEL ALCANTARILLADO EN LA LOCALIDAD DE SERRAN;GOBIERNO REGIONAL PIURA;PIURA;MORROPON;SALITRAL;2231;3787219;Transferencia;Indirecta;OBRA;Concluido;;;;;;;;;
1385;PE;12860;PNSU;66087;2086798;CONSTRUCCION DE LINEA DE CONDUCCION DE AGUA CRUDA CANAL CHIRA A CAPTACION EL ARENAL PAITA - PIURA.;ENTIDAD PRESTADORA DE SERVICIOS DE SANEAMIENTO GRAU S.A.;PIURA;PAITA;ARENAL;195959;1773754;Transferencia;Indirecta;OBRA;Concluido;;;;;;;;;
1386;PE;12861;PNSU;371312;2332007;AMPLIACION DE LA CAPACIDAD DE PRODUCCIÓN DE AGUA POTABLE DE LA PTAP DE EL ARENAL PROVINCIA DE PAITA, DEPARTAMENTO DE PIURA;EPS GRAU;PIURA;PAITA;ARENAL;0;490256809;Transferencia;Indirecta;PREINVERSION;Concluido;;;;;;;;;
1387;PE;12862;PNSU;74250;2070374;INSTALACION DEL SISTEMA DE ALCANTARILLADO EN LA ESMERALDA, LOCALIDAD DE SAN LUCAS DE COLAN, DISTRITO DE COLAN, PROVINCIA DE PAITA - PIURA;MUNICIPALIDAD DISTRITAL DE COLAN;PIURA;PAITA;COLAN;3553;9254620.63;Transferencia;Indirecta;OBRA (SALDO);Convenio Resuelto;;;;;;;;;
1388;PE;12863;PNSU;702;2021877;AMPLIACION Y MEJORAMIENTO SISTEMA SANEAMIENTO BASICO LA HUACA - PAITA;GOBIERNO REGIONAL PIURA;PIURA;PAITA;LA HUACA;9055;6804821;Transferencia;Indirecta;OBRA;Concluido;;;;;;;;;
1389;PE;12864;PNSU;53371;2047475;INSTALACION, AMPLIACION, MEJORAMIENTO DEL SERVICIO DE AGUA POTABLE Y ALCANTARILLADO EN LOS AA.HH. ASENTADOS EN LAS CUENCAS 1, 2, Y 3 DE LA ZONA ALTA DE LA CIUDAD DE PAITA, PROVINCIA DE PAITA - PIURA;MUNICIPALIDAD PROVINCIAL DE PAITA;PIURA;PAITA;PAITA;52674;143756846.3;Transferencia;Indirecta;OBRA;Concluido;;;;;;;;;
1390;PE;12865;PNSU;75125;2085556;MEJORAMIENTO DE LA ESTACIÓN DE BOMBEO EL ARENAL DEL EJE ARENAL- PAITA, PAITA;ENTIDAD PRESTADORA DE SERVICIOS DE SANEAMIENTO GRAU S.A.;PIURA;PAITA;PAITA;54808;3459981;Transferencia;Indirecta;OBRA;Concluido;;;;;;;;;
1391;PE;12866;PNSU;103926;2088106;MEJORAMIENTO DE SOPORTES DE LA LINEA DE IMPULSION Ø 800 MM CAPTACION EL ARENAL - PAITA - DEPARTAMENTO DE PIURA;ENTIDAD PRESTADORA DE SERVICIOS DE SANEAMIENTO GRAU S.A.;PIURA;PAITA;PAITA;170485;244324.72;Transferencia;Indirecta;OBRA;Concluido;;;;;;;;;
1392;PE;12867;PNSU;317862;2266068;MEJORAMIENTO Y AMPLIACION DEL SISTEMA DE AGUA POTABLE, ALCANTARILLADO Y SISTEMAS DE TRATAMIENTO DE AGUAS RESIDUALES DE LA ZONA INDUSTRIAL Y EL SECTOR EL TABLAZO DEL DISTRITO Y PROVINCIA DE PAITA - DEPARTAMENTO DE PIURA;EPS GRAU;PIURA;PAITA;PAITA;0;231450437;Transferencia;Indirecta;PREINVERSION;Concluido;;;;;;;;;
1393;PE;12868;PNSU;373489;2334329;AMPLIACION , REHABILITACIÓN Y MEJORAMIENTO DEL SERVICIO DE AGUA POTABLE Y ALCANTARILLADO DE LAS CALLES MANCO CAPAC, MANCO CAPAC 2, MANCO CAPAC 3, CALLE GRAU, PASAJE S/N, SECHURITA 4, SECHURITA 3, SECHURITA 2, CALLE S/N, SECHURITA, SAN MARTÍN Y TRANSVERSALES, MARISCAL CASTILLA, CALLE SAN COSME DEL SECTOR TAMARINDO Y SECHURITA Y CALLES PAC, DISTRITO DE TAMARINDO - PAITA - PIURA;MUNICIPALIDAD DISTRITAL DE TAMARINDO;PIURA;PAITA;TAMARINDO;2993;3370678.79;Transferencia;Indirecta;OBRA;Concluido;;;;;;;;;
1394;PE;12869;PNSU;347;2021871;AMPLIACION Y MEJORAMIENTO DEL SISTEMA DE AGUA POTABLE Y ALCANTARILLADO DE VICHAYAL-PAITA;GOBIERNO REGIONAL PIURA;PIURA;PAITA;VICHAYAL;2932;3709941;Transferencia;Indirecta;OBRA;Concluido;;;;;;;;;
1395;PE;12870;PNSU;234100;2167367;MEJORAMIENTO DEL SERVICIO DE AGUA POTABLE EN LA ZONAL PAITA DE LA EPS GRAU S.A.;Entidad Prestadora de Servicio de Saneamiento Grau S.A.;PIURA;PAITA ;PAITA;103615;8062944;Transferencia;Indirecta;EXPEDIENTE TECNICO;Concluido;;;;;;;;;
1396;PE;12871;PNSU;187918;2150944;REHABILITACION DEL SERVICIO DE AGUA POTABLE Y ALCANTARILLADO EN EL SECTOR CORPAC DEL CERCADO DE CASTILLA, DISTRITO DE CASTILLA - PIURA - PIURA;MUNICIPALIDAD DISTRITAL DE CASTILLA;PIURA;PIURA;CASTILLA;1957;1814157.32;Transferencia;Indirecta;OBRA;Concluido;;;;;;;;;
1397;PE;12872;PNSU;222882;2224605;MEJORAMIENTO DEL SERVICIO DE AGUA POTABLE Y ALCANTARILLADO DE LA AVENIDA PROGRESO, DISTRITO DE CASTILLA - PIURA - PIURA;MUNICIPALIDAD DISTRITAL DE CASTILLA;PIURA;PIURA;CASTILLA;3015;5055953.56;Transferencia;Indirecta;OBRA;Concluido;;;;;;;;;
1398;PE;12873;PNSU;230331;2164061;MEJORAMIENTO DEL SERVICIO DE AGUA POTABLE Y ALCANTARILLADO EN EL AA.HH.CAMPO POLO, DISTRITO DE CASTILLA - PIURA - PIURA;MUNICIPALIDAD DISTRITAL DE CASTILLA;PIURA;PIURA;CASTILLA;11455;6324014.79;Transferencia;Indirecta;OBRA;Concluido;;;;;;;;;
1399;PE;12874;PNSU;83555;2167035;MEJORAMIENTO Y AMPLIACIÓN DEL SISTEMA DE AGUA POTABLE Y ALCANTARILLADO DE LOS ASENTAMIENTOS HUMANOS LA PRIMAVERA I, II Y III ETAPA, URB. SAN ANTONIO, SAGRADO CORAZÓN DE JESÚS Y ALMIRANTE MIGUEL GRAU DEL DISTRITO DE CASTILLA - PIURA;EPS GRAU S.A.;PIURA;PIURA;CASTILLA;14196;13958754;Transferencia;Indirecta;OBRA;Concluido;;;;;;;;;
1400;PE;12875;PNSU;225831;2164060;MEJORAMIENTO DEL SERVICIO DE AGUA POTABLE Y ALCANTARILLADO EN EL ASENTAMIENTO HUMANO CHICLAYITO, DISTRITO DE CASTILLA - PIURA - PIURA;MUNICIPALIDAD DISTRITAL DE CASTILLA;PIURA;PIURA;CASTILLA;6844;4820042.02;Transferencia;Indirecta;OBRA;Concluido;;;;;;;;;
1401;PE;12876;PNSU;26583;2030555;AMPLIACION Y MEJORAMIENTO DEL SISTEMA DE AGUA POTABLE DEL AAHH CIUDAD DEL NIÑO-LOS MEDANOS-LAS MERCEDES CASTILLA PIURA;ENTIDAD PRESTADORA DE SERVICIOS DE SANEAMIENTO GRAU S.A.;PIURA;PIURA;CASTILLA;38643;1805329;Transferencia;Indirecta;OBRA;Concluido;;;;;;;;;
1402;PE;12877;PNSU;22023;2025091;MEJORAMIENTO DE LA CALLE AMAZONAS CERCADO CASTILLA;MUNICIPALIDAD DISTRITAL DE CASTILLA;PIURA;PIURA;CASTILLA;900;1103939;Transferencia;Indirecta;OBRA;Concluido;;;;;;;;;
1403;PE;12878;PNSU;31260;2030560;AMPLIACION DEL SISTEMA DE REDES DE AGUA POTABLE DE LA URBANIZACION FELIPE COSSIO DEL POMAR CASTILLA PIURA;ENTIDAD PRESTADORA DE SERVICIOS DE SANEAMIENTO GRAU S.A.;PIURA;PIURA;CASTILLA;5782;1429802;Transferencia;Indirecta;OBRA;Concluido;;;;;;;;;
1404;PE;12879;PNSU;37702;2045322;AMPLIACION Y MEJORAMIENTO DEL SISTEMA DE ALCANTARILLADO DEL A.H FELIPE COSSIO DEL POMAR - CASTILLA - PIURA;ENTIDAD PRESTADORA DE SERVICIOS DE SANEAMIENTO GRAU S.A.;PIURA;PIURA;CASTILLA;6780;1973386;Transferencia;Indirecta;OBRA;Concluido;;;;;;;;;
1405;PE;12880;PNSU;115859;2105922;MEJORAMIENTO DEL SISTEMA DE EVACUACION DE AGUAS SERVIDAS HACIA LAS LAGUNAS DE OXIDACION TACALA - CASTILLA - DPTO. DE PIURA;ENTIDAD PRESTADORA DE SERVICIOS DE SANEAMIENTO GRAU S.A.;PIURA;PIURA;CASTILLA;53540;8640180;Transferencia;Indirecta;OBRA;Concluido;;;;;;;;;
1406;PE;12881;PNSU;177520;2147403;REHABILITACION DE LAS REDES DE AGUA POTABLE Y ALCANTARILLADO EN EL SECTOR COMPRENDIDO EN LAS AVENIDAS RAMÓN CASTILLA, PROGRESO Y JUNÍN DEL CERCADO DE CASTILLA, DISTRITO DE CASTILLA - PIURA - PIURA;MUNICIPALIDAD DISTRITAL DE CASTILLA;PIURA;PIURA;CASTILLA;2696;2015961.41;Transferencia;Indirecta;OBRA;Concluido;;;;;;;;;
1407;PE;12882;PNSU;81876;2089836;AMPLIACIÓN Y MEJORAMIENTO DE LAS REDES DE AGUA POTABLE Y ALCANTARILLADO DEL ASENTAMIENTO HUMANO EL INDIO CASTILLA - PIURA;EPS GRAU S.A.;PIURA;PIURA;CASTILLA;10419;22637954;Transferencia;Indirecta;OBRA;Concluido;;;;;;;;;
1408;PE;12883;PNSU;230841;2167369;MEJORAMIENTO DEL SISTEMA DE EVACUACION DE AGUAS SERVIDAS EN EL SECTOR OPERATIVO DEL SECTOR 07 DEL DISTRITO DE CASTILLA - PIURA;EPS GRAU S.A.;PIURA;PIURA;CASTILLA;62658;1609621.11;Transferencia;Indirecta;OBRA;Concluido;;;;;;;;;
1409;PE;12884;PNSU;30294;2059966;AMPLIACION Y MEJORAMIENTO DEL SISTEMA INTEGRAL DE AGUA POTABLE Y ALCANTARILLADO DE LOS ASENTAMIENTOS HUMANOS DEL SECTOR NORESTE DE CASTILLA -PIURA;MUNICIPALIDAD DISTRITAL DE CASTILLA;PIURA;PIURA;CASTILLA;54168;37367539.8;Transferencia;Indirecta;OBRA (SALDO);Concluido;;;;;;;;;
1410;PE;12885;PNSU;222507;2224615;MEJORAMIENTO DEL SERVICIO DE AGUA POTABLE Y ALCANTARILLADO EN LA URBANIZACION MIRAFLORES, DISTRITO DE CASTILLA - PIURA - PIURA;MUNICIPALIDAD DISTRITAL DE CASTILLA;PIURA;PIURA;CASTILLA;7052;14065477.66;Transferencia;Indirecta;OBRA (SALDO);Concluido;;;;;;;;;
1411;PE;12886;PNSU;81927;2091417;MEJORAMIENTO Y AMPLIACION DEL SISTEMA DE AGUA POTABLE Y ALCANTARILLADO DE LOS ASENTAMIENTOS HUMANOS TACALA, PECUARIO NUEVO HORIZONTE, VALLE LA ESPERANZA Y TERESA DE CALCUTA DEL DISTRITO DE CASTILLA - PIURA;EPS GRAU S.A.;PIURA;PIURA;CASTILLA;18852;12174817.99;Transferencia;Directa;OBRA (SALDO);Concluido;;;;;;;;;
1412;PE;12887;PNSU;2553124;2553124;MEJORAMIENTO DEL SERVICIO DE AGUA POTABLE Y ALCANTARILLADO DE URBANIZACION EL BOSQUE DEL DISTRITO DE CASTILLA - PROVINCIA DE PIURA - DEPARTAMENTO DE PIURA;MUNICIPALIDAD DISTRITAL DE CASTILLA;PIURA;PIURA;CASTILLA;4889;6957439.17;Transferencia;Indirecta;OBRA;En Ejecución;;;;;;;;;
1413;PE;12888;PNSU;20333;2025665;MEJORAMIENTO INTEGRAL DEL SISTEMA DE AGUA POTABLE Y ALCANTARILLADO MONTECASTILLO;MUNICIPALIDAD PROVINCIAL DE PIURA;PIURA;PIURA;CATACAOS;3772;1997962;Transferencia;Indirecta;OBRA;Concluido;;;;;;;;;
1414;PE;12889;PNSU;28492;2030558;MEJORAMIENTO INTEGRAL SISTEMA DE AGUA POTABLE Y CONSTRUCCION ALCANTARILLADO CASERIO NARIHUALA;MUNICIPALIDAD PROVINCIAL DE PIURA;PIURA;PIURA;CATACAOS;1426;1526122;Transferencia;Indirecta;OBRA;Concluido;;;;;;;;;
1415;PE;12890;PNSU;23451;2025666;MEJORAMIENTO INTEGRAL DEL SISTEMA DE AGUA POTABLE Y ALCANTARILLADO PEDREGAL GRANDE Y ANEXOS;MUNICIPALIDAD PROVINCIAL DE PIURA;PIURA;PIURA;CATACAOS;3929;1617068;Transferencia;Indirecta;OBRA;Convenio Resuelto;;;;;;;;;
1416;PE;12891;PNSU;26787;2030556;CONSTRUCCION DEL SISTEMA DE ALCANTARILLADO AA.HH. LUCAS CUTIVALU II ETAPA - LOS TALLANES, PROVINCIA DE PIURA - PIURA;MUNICIPALIDAD PROVINCIAL DE PIURA;PIURA;PIURA;CATACAOS;2847;1691681;Transferencia;Indirecta;OBRA;Concluido;;;;;;;;;
1417;PE;12892;PNSU;30417;2030744;INSTALACION DE REDES DE AGUA POTABLE Y ALCANTARILLADO DEL AAHH KEIKO SOFIA FUJIMORI DEL DISTRITO DE CATACAOS PIURA;ENTIDAD PRESTADORA DE SERVICIOS DE SANEAMIENTO GRAU S.A.;PIURA;PIURA;CATACAOS;453;174014;Transferencia;Indirecta;OBRA;Concluido;;;;;;;;;
1418;PE;12893;PNSU;35112;2032822;CONSTRUCCION DE ALCANTARILLADO AA.HH. 3 DE OCTUBRE DEL CASERIO SIMBILA, PROVINCIA DE PIURA - PIURA;MUNICIPALIDAD DISTRITAL DE CATACAOS;PIURA;PIURA;CATACAOS;564;486930;Transferencia;Indirecta;OBRA;Concluido;;;;;;;;;
1419;PE;12894;PNSU;89607;2080496;INSTALACION DEL SISTEMA DE AGUA POTABLE Y DE LETRINAS EN EL CASERIO DE SAN PABLO, DISTRITO DE CATACAOS - PIURA - PIURA;MUNICIPALIDAD DISTRITAL DE CATACAOS;PIURA;PIURA;CATACAOS;1040;1457537;Transferencia;Indirecta;OBRA;Concluido;;;;;;;;;
1420;PE;12895;PNSU;56846;2107684;INSTALACION DEL SISTEMA DE ALCANTARILLADO EN LOS CASERIOS LA PIEDRA Y PAREDONES, DISTRITO DE CATACAOS - PIURA - PIURA;MUNICIPALIDAD DISTRITAL DE CATACAOS;PIURA;PIURA;CATACAOS;2875;3403054.28;Transferencia;Indirecta;OBRA;Concluido;;;;;;;;;
1421;PE;12896;PNSU;39877;2047955;CONSTRUCCION DE ALCANTARILLADO SECTOR VIDUQUE - CATACAOS, PROVINCIA DE PIURA - PIURA;MUNICIPALIDAD DISTRITAL DE CATACAOS;PIURA;PIURA;CATACAOS;894;472618;Transferencia;Directa;OBRA;Concluido;;;;;;;;;
1422;PE;12897;PNSU;333149;2309845;AMPLIACION DE LOS SERVICIOS DE AGUA POTABLE Y ALCANTARILLADO EN LOS ASENTAMIENTOS HUMANOS DEL DISTRITO DE CATACAOS, PROVINCIA Y DEPARTAMENTO DE PIURA;EPS GRAU;PIURA;PIURA;CATACAOS;0;119767349;Transferencia;Indirecta;PREINVERSION;Concluido;;;;;;;;;
1423;PE;12898;PNSU;52192;2053819;MEJORAMIENTO DEL SISTEMA DE AGUA POTABLE Y CONSTRUCCION DEL SISTEMA DE ALCANTARILLADO EN LOS CASERIOS DE LA LEGUA, SAN JACINTO, BUENOS AIRES, PALO PARADO Y LOS OLIVOS, EN EL DISTRITO DE CATACAOS, PROVINCIA DE PIURA - PIURA;MUNICIPALIDAD DISTRITAL DE CATACAOS;PIURA;PIURA;CATACAOS;11557;59113592.71;Transferencia;Indirecta;OBRA;Convenio Resuelto;;;;;;;;;
1424;PE;12899;PNSU;35372;2030566;CONSTRUCCION DE SISTEMA DE ALCANTARILLADO EN SINCHAO GRANDE - DISTRITO EL TALLAN, PROVINCIA DE PIURA - PIURA;GOBIERNO REGIONAL PIURA;PIURA;PIURA;EL TALLAN;2201;2280188;Transferencia;Indirecta;OBRA;Concluido;;;;;;;;;
1425;PE;12900;PNSU;1960;2030755;AMPLIACION Y MEJORAMIENTO DE LOS SISTEMAS DE AGUA POTABLE Y ALCANTARILLADO DE LA ARENA - PIURA;GOBIERNO REGIONAL PIURA;PIURA;PIURA;LA ARENA;17656;22726345.75;Transferencia;Indirecta;OBRA;Paralizada;;;;;;;;;
1426;PE;12901;PNSU;714;2031102;AMPLIACION Y MEJORAMIENTO DEL SISTEMA DE AGUA POTABLE Y CONSTRUCCION DEL ALCANTARILLADO LOS TABLAZOS - LA UNION;GOBIERNO REGIONAL PIURA;PIURA;PIURA;LA UNION;9136;19126582.69;Transferencia;Indirecta;OBRA;Concluido;;;;;;;;;
1427;PE;12902;PNSU;62191;2081783;INSTALACION DEL SISTEMA DE AGUA POTABLE Y LETRINAS EN LA LOCALIDAD DE HUACHUMA ALTA DEL DISTRITO DE LAS LOMAS, PROVINCIA DE PIURA - PIURA;MUNICIPALIDAD DISTRITAL DE LAS LOMAS;PIURA;PIURA;LAS LOMAS;570;716270;Transferencia;Indirecta;OBRA;Concluido;;;;;;;;;
1428;PE;12903;PNSU;25707;2038458;REHABILITACION, MEJORAMIENTO Y AMPLIACION DEL SISTEMA DE AGUA POTABLE Y ALCANTARILLADO- DISTRITO DE LAS LOMAS;GOBIERNO REGIONAL DE PIURA;PIURA;PIURA;LAS LOMAS;10747;28666572.54;Transferencia;;OBRA (Expediente Saldo);En elaboración;;;;;;;;;
1429;PE;12904;PNSU;114526;2091389;MEJORAMIENTO DE LA RED COLECTORA DE - 250MM, UBICADA EN LAS CALLES SAN RAMON Y SAN CRISTOBAL DE LA URBANIZACION SANTA INES DEL DISTRITO DE PIURA;EPS GRAU S.A.;PIURA;PIURA;PIURA;14050;594328.54;Transferencia;Indirecta;OBRA;Concluido;;;;;;;;;
1430;PE;12905;PNSU;168705;2150954;AMPLIACION Y MEJORAMIENTO DEL SISTEMA DE AGUA POTABLE Y ALCANTARILLADO EN EL A.H. SAN MARTIN DEL DISTRITO DE PIURA, PROVINCIA DE PIURA - PIURA;MUNICIPALIDAD PROVINCIAL DE PIURA;PIURA;PIURA;PIURA;11096;14146181.94;Transferencia;Indirecta;OBRA;Concluido;;;;;;;;;
1431;PE;12906;PNSU;234095;2167368;MEJORAMIENTO DEL SERVICIO DE AGUA POTABLE EN LA ZONAL PIURA CATACAOS LAS LOMAS DE LA EPS GRAU SA.;EPS GRAU S.A.;PIURA;PIURA;PIURA;422485;10347731;Transferencia;Indirecta;OBRA;Concluido;;;;;;;;;
1432;PE;12907;PNSU;23761;2030551;AMPLIACION Y MEJORAMIENTO DEL ABASTECIMIENTO DE AGUA POTABLE DE LA ZONA NOR ESTE DEL DISTRITO DE PIURA;ENTIDAD PRESTADORA DE SERVICIOS DE SANEAMIENTO GRAU S.A.;PIURA;PIURA;PIURA;13895;1074686;Transferencia;Indirecta;OBRA;Concluido;;;;;;;;;
1433;PE;12908;PNSU;32660;2030563;CONSTRUCCION DE LAGUNAS DE OXIDACION PARA TRATAMIENTO DE AGUAS RESIDUALES DESARROLLO HABITACIONAL AYPATE, PROVINCIA DE PIURA - PIURA;MUNICIPALIDAD PROVINCIAL DE PIURA;PIURA;PIURA;PIURA;11000;1318762;Transferencia;Indirecta;OBRA;Concluido;;;;;;;;;
1434;PE;12909;PNSU;35544;2041208;MEJORAMIENTO DE COLECTOR DE ALCANTARILLADO DIAMETRO 600 MM. EN AV. MARCAVELICA ENTRE AV. SANCHEZ CERRO Y AV. INTEGRACION - PIURA.;ENTIDAD PRESTADORA DE SERVICIOS DE SANEAMIENTO GRAU S.A.;PIURA;PIURA;PIURA;77780;1693401;Transferencia;Indirecta;OBRA;Concluido;;;;;;;;;
1435;PE;12910;PNSU;39288;2041210;AMPLIACION DEL ALCANTARILLADO DE LA URB. POPULAR LUIS PAREDES MACEDA.;ENTIDAD PRESTADORA DE SERVICIOS DE SANEAMIENTO GRAU S.A.;PIURA;PIURA;PIURA;1335;446802;Transferencia;Indirecta;OBRA;Concluido;;;;;;;;;
1436;PE;12911;PNSU;27155;2029021;CONSTRUCCION DEL SISTEMA DE ALCANTARILLADO DE LA URB. POPULAR LUIS PAREDES MACEDA.;MUNICIPALIDAD PROVINCIAL DE PIURA;PIURA;PIURA;PIURA;3902;1997043;Transferencia;Indirecta;OBRA;Concluido;;;;;;;;;
1437;PE;12912;PNSU;26148;2030554;MEJORAMIENTO Y AMPLIACION DEL ABASTECIMIENTO DE AGUA POTABLE DEL SECTOR OESTE DE PIURA, AH SAN SEBASTIAN, URB POPULAR LUIS PAREDES MACEDA Y LUIS ALBERTO SANCHEZ;ENTIDAD PRESTADORA DE SERVICIOS DE SANEAMIENTO GRAU S.A.;PIURA;PIURA;PIURA;26389;1311321;Transferencia;Indirecta;OBRA;Concluido;;;;;;;;;
1438;PE;12913;PNSU;26055;2030745;MEJORAMIENTO DEL ABASTECIMIENTO DE AGUA POTABLE DEL SECTOR 02 DE LA LOCALIDAD DE PIURA;ENTIDAD PRESTADORA DE SERVICIOS DE SANEAMIENTO GRAU S.A.;PIURA;PIURA;PIURA;11625;834203;Transferencia;Indirecta;OBRA;Concluido;;;;;;;;;
1439;PE;12914;PNSU;28929;2037622;MEJORAMIENTO Y AMPLIACION DEL SISTEMA DE REDES DE AGUA POTABLE Y CONSTRUCCION DEL SISTEMA DE ALCANTARILLADO DEL SECTOR NOROESTE DEL DISTRITO DE PIURA;MUNICIPALIDAD PROVINCIAL DE PIURA;PIURA;PIURA;PIURA;24864;25454632;Transferencia;Indirecta;OBRA;Concluido;;;;;;;;;
1440;PE;12915;PNSU;41363;2045162;INSTALACION DE ALCANTARILLADO EN EL A.H. VILLA PERU - CANADA, PROVINCIA DE PIURA - PIURA;MUNICIPALIDAD PROVINCIAL DE PIURA;PIURA;PIURA;PIURA;4537;2982335.46;Transferencia;Indirecta;OBRA;Concluido;;;;;;;;;
1441;PE;12916;PNSU;105434;2114410;MEJORAMIENTO DEL SISTEMA DE AGUA POTABLE Y CONSTRUCCIÓN DEL SISTEMA DE ALCANTARILLADO EN LOS A.H TUPAC AMARU II_TERCERA ETAPA, JESUS DE NAZARETH Y LOS ROBLES, DISTRITO DE PIURA, PROVINCIA DE PIURA - PIURA;MUNICIPALIDAD PROVINCIAL DE PIURA;PIURA;PIURA;PIURA;3728;5206226.78;Transferencia;Indirecta;OBRA;Concluido;;;;;;;;;
1442;PE;12917;PNSU;140506;2129299;REHABILITACION REDES DE AGUA POTABLE Y ALCANTARILLADO EN: CALLE 01, CALLE 02, CALLE 03, CALLE 04, CALLE 05, CALLE 06, CALLE 06A, CALLE 07, CALLE 07A, CALLE 08 Y AV. LOS BANCARIOS- URB. BANCARIA II ETAPA, DISTRITO DE PIURA, PROVINCIA DE PIURA - PIURA;MUNICIPALIDAD PROVINCIAL DE PIURA;PIURA;PIURA;PIURA;1050;1523154.5;Transferencia;Indirecta;OBRA;Concluido;;;;;;;;;
1443;PE;12918;PNSU;130579;2117985;AMPLIACION DEL SERVICIO DE AGUA POTABLE A NIVEL DE PILETAS E INSTALACION DE LETRINAS EN LOS CASERIOS: LA MARIPOSA, EJIDOS DE HUAN, DISTRITO DE PIURA , PROVINCIA DE PIURA - PIURA;MUNICIPALIDAD PROVINCIAL DE PIURA;PIURA;PIURA;PIURA;2574;1292287.04;Transferencia;Indirecta;OBRA;Concluido;;;;;;;;;
1444;PE;12919;PNSU;101026;2125261;INSTALACION DEL SISTEMA DE AGUA Y ALCANTARILLADO DEL AH. VILLA KURT BEER - DISTRITO DE PIURA, PROVINCIA DE PIURA - PIURA;MUNICIPALIDAD PROVINCIAL DE PIURA;PIURA;PIURA;PIURA;1075;1962884.87;Transferencia;Indirecta;OBRA;Concluido;;;;;;;;;
1445;PE;12920;PNSU;141308;2130667;CONSTRUCCION DEL SISTEMA DE AGUA POTABLE Y ALCANTARILLADO EN LOS ASENTAMIENTOS HUMANOS LOS PINOS, SAN ISIDRO Y LOS ANGELES DEL DISTRITO DE PIURA, PIURA;ENTIDAD PRESTADORA DE SERVICIOS DE SANEAMIENTO GRAU S.A.;PIURA;PIURA;PIURA;4380;4399287.7;Transferencia;Indirecta;OBRA;Concluido;;;;;;;;;
1446;PE;12921;PNSU;135315;2134283;MEJORAMIENTO DEL COLECTOR PRINCIPAL DE ALCANTARILLADO EN LA AV. CHULUCANAS ENTRE LAS AVENIDAS CIRCUNVALACION Y EL TALLAN Y DESDE EL DREN PETRO PERU HACIA LA CAMARA SAN MARTIN, DEL DISTRITO DE PIURA, PIURA;EPS GRAU S.A.;PIURA;PIURA;PIURA;271626;4917128.88;Transferencia;Indirecta;OBRA;Concluido;;;;;;;;;
1447;PE;12922;PNSU;58032;2056438;AMPLIACION Y MEJORAMIENTO DEL SISTEMA DE AGUA POTABLE Y ALCANTARILLADO DE LA UPIS LUIS ANTONIO EGUIGUREN DEL DISTRITO DE PIURA;MUNICIPALIDAD PROVINCIAL DE PIURA;PIURA;PIURA;PIURA;9895;26864446.49;Transferencia;Indirecta;OBRA;Paralizada;;;;;;;;;
1448;PE;12923;PNSU;296861;2400725;MEJORAMIENTO Y AMPLIACION DEL SISTEMA DE TRATAMIENTO DE AGUAS RESIDUALES DEL SECTOR NOROESTE DE PIURA, EN EL DISTRITO,PROVINCIA Y DEPARTAMENTO DE PIURA;EPS GRAU;PIURA;PIURA;PIURA;0;77024543;Transferencia;Indirecta;PREINVERSION;Concluido;;;;;;;;;
1449;PE;12924;PNSU;220671;2216535;REHABILITACION DE LAS REDES DE AGUA POTABLE Y ALCANTARILLADO EN EL A.H. 18 DE MAYO DEL DISTRITO DE PIURA, PROVINCIA DE PIURA - PIURA;MUNICIPALIDAD PROVINCIAL DE PIURA;PIURA;PIURA;PIURA;3697;7535239.42;Transferencia;Indirecta;OBRA;Concluido;;;;;;;;;
1450;PE;12925;PNSU;207669;2226642;REHABILITACION DE LAS REDES DE AGUA POTABLE Y ALCANTARILLADO EN LA URBANIZACIN LOS SAUCES EN EL DISTRITO DE PIURA, PROVINCIA DE PIURA - PIURA;MUNICIPALIDAD PROVINCIAL DE PIURA;PIURA;PIURA;PIURA;1191;1399886.36;Transferencia;Indirecta;OBRA;Concluido;;;;;;;;;
1451;PE;12926;PNSU;232798;2327661;MEJORAMIENTO DEL SERVICIO DE AGUA POTABLE Y ALCANTARILLADO EN LA AV. JUAN BOSCO TRAMO PROLONGACION TACNA - MARIO GALAN PIURA - PIURA;EPS GRAU S.A.;PIURA;PIURA;PIURA;50755;19145275.85;Transferencia;Indirecta;OBRA;Concluido;;;;;;;;;
1452;PE;12927;PNSU;354697;2317546;CREACION DE LOS SERVICIOS DE AGUA POTABLE Y ALCANTARILLADO EN EL ASENTAMIENTO HUMANO LAS DALIAS II Y III ETAPA DEL DISTRITO 26 DE OCTUBRE,PROVINCIA Y DEPARTAMENTO DE PIURA;EPS GRAU S.A.;PIURA;PIURA;PIURA;3862;10141935.81;Transferencia;Indirecta;OBRA;Concluido;;;;;;;;;
1453;PE;12928;PNSU;323194;2278597;INSTALACION DE LOS SERVICIOS DE AGUA POTABLE Y ALCANTARILLADO EN EL ASENTAMIENTO HUMANO OLLANTA HUMALA TASSO DEL DISTRITO, PROVINCIA Y DEPARTAMENTO DE PIURA;EPS GRAU S.A.;PIURA;PIURA;PIURA;2038;13348803;Transferencia;Indirecta;OBRA;Concluido;;;;;;;;;
1454;PE;12929;PNSU;171498;2143323;REHABILITACION DE REDES DE AGUA POTABLE Y ALCANTARILLADO EN EL A.H. SAN PEDRO, DISTRITO DE PIURA, PROVINCIA DE PIURA - PIURA;EPS GRAU S.A.;PIURA;PIURA;PIURA;3920;8571881.35;Transferencia;Indirecta;OBRA;Contrato Resuelto;;;;;;;;;
1455;PE;12930;PNSU;2436053;2436053;MEJORAMIENTO DEL SERVICIO DE ALCANTARILLADO EN LOS A.H. LOS MEDANOS, A.H. LAS MERCEDES Y LOS ALMENDROS DEL DISTRITO DE CASTILLA - PROVINCIA DE PIURA - DEPARTAMENTO DE PIURA;Entidad Prestadora de Servicio de Saneamiento Grau S.A.;PIURA;PIURA;PIURA;2522;1572013.62;Transferencia;Indirecta;OBRA;Concluido;;;;;;;;;
1456;PE;12931;PNSU;282848;2241776;MEJORAMIENTO DE REDES DE AGUA POTABLE Y ALCANTARILLADO  DEL AA.HH. LAS PALMERAS DEL DISTRITO DE PIURA, PROVINCIA DE PIURA - PIURA;MUNICIPALIDAD PROVINCIAL DE PIURA;PIURA;PIURA;PIURA;1685;4898415.15;Transferencia;Indirecta;OBRA;Concluido;;;;;;;;;
1457;PE;12932;PNSU;2421285;2421285;MEJORAMIENTO DEL SERVICIO DE AGUA POTABLE Y ALCANTARILLADO EN LAS ETAPAS I, II, III Y IV DE LA URB. PIURA, ETAPAS I Y II DE LA URB. LOS FICUS Y URB. LAS MALVINAS DEL DISTRITO DE PIURA - PROVINCIA DE PIURA - DEPARTAMENTO DE PIURA;MUNICIPALIDAD PROVINCIAL DE PIURA;PIURA;PIURA;PIURA;8665;18951527.73;Transferencia;Indirecta;OBRA;En Ejecución;;;;;;;;;
1458;PE;12933;PNSU;191190;2150700;REHABILITACION DEL SISTEMA DE AGUA POTABLE Y ALCANTARILLADO EN EL A.H TUPAC AMARU I Y II ETAPA, EN EL DISTRITO DE PIURA, PROVINCIA DE PIURA - PIURA;MUNICIPALIDAD PROVINCIAL DE PIURA;PIURA;PIURA;PIURA;8223;12608305.73;Transferencia;Indirecta;OBRA (SALDO);En Ejecución;;;;;;;;;
1459;PE;12934;PNSU;65192;2090577;AMPLIACION Y REHABILITACION DE LOS SISTEMAS DE AGUA POTABLE Y SANEAMIENTO DE LA CIUDAD DE TAMBOGRANDE DEL , DISTRITO DE TAMBO GRANDE - PIURA - PIURA;MUNICIPALIDAD DISTRITAL DE TAMBOGRANDE;PIURA;PIURA;TAMBO GRANDE;30036;58302488.2;Transferencia;Indirecta;OBRA;Paralizada;;;;;;;;;
1460;PE;12935;PNSU;130461;2148917;AMPLIACION Y MEJORAMIENTO DE SISTEMA DE AGUA POTABLE Y ALCANTARILLADO EN EL CENTRO POBLADO LA CRUCETA DEL, DISTRITO DE TAMBO GRANDE - PIURA - PIURA;MUNICIPALIDAD DISTRITAL DE TAMBO GRANDE;PIURA;PIURA;TAMBO GRANDE;5088;15392149;Transferencia;Indirecta;OBRA;Concluido;;;;;;;;;
1461;PE;12936;PNSU;126027;2114411;MEJORAMIENTO DEL SERVICIO DE AGUA POTABLE Y ALCANTARILLADO DEL AA.HH. SANTA ROSA, SECTORES 1, 2, 4 Y 5 DISTRITO DE PIURA, PROVINCIA DE PIURA - PIURA;MUNICIPALIDAD DISTRITAL VEINTISEIS DE OCTUBRE;PIURA;PIURA;VEINTISEIS DE OCTUBRE;5732;8289591;Transferencia;Indirecta;OBRA;Contrato Resuelto;;;;;;;;;
1462;PE;12937;PNSU;323745;2302072;REHABILITACION DE REDES DE AGUA Y ALCANTARILLADO EN EL SECTOR A DEL A.H. SANTA JULIA EN EL DISTRITO DE 26 DE OCTUBRE, PROVINCIA DE PIURA - PIURA;MUNICIPALIDAD DISTRITAL VEINTISEIS DE OCTUBRE;PIURA;PIURA;VEINTISEIS DE OCTUBRE;2890;5118573.84;Transferencia;Indirecta;OBRA;Concluido;;;;;;;;;
1463;PE;12938;PNSU;230114;2175949;MEJORAMIENTO DEL SERVICIO DE AGUA POTABLE Y ALCANTARILLADO EN EL AA.HH. MICAELA BASTIDAS I, II, III Y IV ETAPA EN EL DISTRITO DE PIURA, PROVINCIA DE PIURA - PIURA;MUNICIPALIDAD DISTRITAL VEINTISEIS DE OCTUBRE;PIURA;PIURA;VEINTISEIS DE OCTUBRE;3859;6294757.43;Transferencia;Indirecta;OBRA;Concluido;;;;;;;;;
1464;PE;12939;PNSU;270852;2328427;RECUPERACION  DEL SERVICIO DE AGUA POTABLE Y    ALCANTARILLADO EN LA URBANIZACION POPULAR SAN JOSE, DISTRITO DE VEINTISEIS DE OCTUBRE - PIURA - PIURA;MUNICIPALIDAD DISTRITAL VEINTISEIS DE OCTUBRE;PIURA;PIURA;VEINTISEIS DE OCTUBRE;7192;16043397;Transferencia;Indirecta;OBRA;Contrato Resuelto;;;;;;;;;
1465;PE;12940;PNSU;234817;2167371;INSTALACION DEL SERVICIO DE AGUA POTABLE Y ALCANTARILLADO EN LOS A.H. DE MIRAMAR, CONSUELO DE VELASCO, MARIA PARADO BELLIDO, AMPLIACION 2 DE AGOSTO, LOS LAURELES DEL DISTRITO DE PAITA PROVINCIA DE PAITA DEPARTAMENTO DE PIURA;Entidad Prestadora de Servicio de Saneamiento Grau S.A.;PIURA;PIURA ;PIURA;8350;23123597;Transferencia;Indirecta;EXPEDIENTE TECNICO;Concluido;;;;;;;;;
1466;PE;12941;PNSU;42511;2047410;AMPLIACION Y MEJORAMIENTO DEL SISTEMA DE ALCANTARILLADO EN EL CASERIO MIRAFLORES DEL DISTRITO DE BELLAVISTA DE LA UNION, PROVINCIA DE SECHURA - PIURA (POR ANULAR;MUNICIPALIDAD PROVINCIAL DE SECHURA;PIURA;SECHURA;BELLAVISTA DE LA UNION;511;498602;Transferencia;Indirecta;OBRA;Concluido;;;;;;;;;
1467;PE;12942;PNSU;21982;2023392;AMPLIACION Y MEJORAMIENTO DEL SISTEMA DE AGUA POTABLE Y ALCANTARILLADO DEL CENTRO POBLADO DE SAN CLEMENTE-SECHURA;MUNICIPALIDAD PROVINCIAL DE SECHURA;PIURA;SECHURA;BELLAVISTA DE LA UNION;3815;2115412;Transferencia;Indirecta;OBRA;Concluido;;;;;;;;;
1468;PE;12943;PNSU;88063;2075485;CONSTRUCCION DEL SISTEMA DE LAGUNAS DE OXIDACION PARA AGUAS RESIDUALES EN EL DISTRITO DE BELLAVISTA DE LA UNION, PROVINCIA DE SECHURA - PIURA;MUNICIPALIDAD DISTRITAL DE BELLAVISTA DE LA UNION;PIURA;SECHURA;BELLAVISTA DE LA UNION;1624;1018282.01;Transferencia;Indirecta;OBRA;Concluido;;;;;;;;;
1469;PE;12944;PNSU;119202;2274607;MEJORAMIENTO Y AMPLIACION DEL SERVICIO DE AGUA POTABLE Y SANEAMIENTO DEL DISTRITO DE BERNAL, PROVINCIA DE SECHURA - PIURA;MUNICIPALIDAD DISTRITAL DE BERNAL;PIURA;SECHURA;BERNAL;13860;129930783.2;Transferencia;;OBRA (Expediente Saldo);En elaboración;;;;;;;;;
1470;PE;12945;PNSU;19791;2024436;CONSTRUCCION DEL SISTEMA DE ALCANTARILLADO Y AMPLIACION DEL SISTEMA DE AGUA POTABLE EN LOS ASENTAMIENTOS HUMANOS DE SECHURA-PIURA;MUNICIPALIDAD PROVINCIAL DE SECHURA;PIURA;SECHURA;SECHURA;24213;13479302.26;Transferencia;Indirecta;OBRA;Concluido;;;;;;;;;
1471;PE;12946;PNSU;27562;2032267;AMPLIACION Y MEJORAMIENTO DEL SISTEMA DE AGUA POTABLE Y CONSTRUCCION DEL SISTEMA DE ALCANTARILLADO DEL CENTRO POBLADO TAJAMAR - DISTRITO DE SECHURA;MUNICIPALIDAD PROVINCIAL DE SECHURA;PIURA;SECHURA;SECHURA;1321;1062024;Transferencia;Indirecta;OBRA;Concluido;;;;;;;;;
1472;PE;12947;PNSU;43144;2054323;MEJORAMIENTO Y AMPLIACION DEL SISTEMA DE AGUA POTABLE Y CONSTRUCCION DEL SISTEMA DE ALCANTARILLADO EN LA CIUDAD DEL PESCADOR - SECHURA, PROVINCIA DE SECHURA - PIURA (POR ANULAR;MUNICIPALIDAD PROVINCIAL DE SECHURA;PIURA;SECHURA;SECHURA;3211;4018107.62;Transferencia;Otra Modalidad;OBRA;Concluido;;;;;;;;;
1473;PE;12948;PNSU;2307711;2307711;AMPLIACION Y MEJORAMIENTO DE LOS SERVICIOS DE AGUA POTABLE Y ALCANTARILLADO EN EL CENTRO POBLADO PARACHIQUE - LA BOCANA - DISTRITO DE SECHURA - PROVINCIA DE SECHURA - DEPARTAMENTO DE PIURA;MUNICIPALIDAD PROVINCIAL DE SECHURA;PIURA;SECHURA;SECHURA;25965;63323466.78;Transferencia;;OBRA (SALDO);Paralizada;;;;;;;;;
1474;PE;12949;PNSU;749;2018645;AMPLIACION Y MEJORAMIENTO DE LOS SISTEMAS DE AGUA Y ALCANTARILLADO DE LAS LOCALIDADES DE BECARA Y LETIRA - VICE - SECHURA - PIURA;GOBIERNO REGIONAL PIURA;PIURA;SECHURA;VICE;7608;7030396;Transferencia;Indirecta;OBRA;Concluido;;;;;;;;;
1475;PE;12950;PNSU;9953;2087510;REHABILITACION , MEJORAMIENTO Y AMPLIACION DEL SISTEMA DE AGUA POTABLE Y SANEAMIENTO BASICO DEL DISTRITO DE VICE, PROVINCIA DE SECHURA - PIURA;MUNICIPALIDAD DISTRITAL DE VICE;PIURA;SECHURA;VICE;7922;4515125.03;Transferencia;Indirecta;OBRA;Concluido;;;;;;;;;
1476;PE;12951;PNSU;284323;2197196;MEJORAMIENTO DEL SERVICIO DE AGUA POTABLE Y ALCANTARILLADO EN LOS AA.HH. JOSÉ CARLOS MARIÁTEGUI, NUEVO PORVENIR DEL DISTRITO DE BELLAVISTA, PROVINCIA DE SULLANA - PIURA;MUNICIPALIDAD DISTRITAL DE BELLAVISTA;PIURA;SULLANA;BELLAVISTA;5845;9237534.79;Transferencia;Indirecta;OBRA;Concluido;;;;;;;;;
1477;PE;12952;PNSU;285975;2242540;AMPLIACION Y MEJORAMIENTO DEL SISTEMA DE AGUA POTABLE Y ALCANTARILLADO  EN EL A.H. TUPAC AMARU DEL DISTRITO DE BELLAVISTA, PROVINCIA DE SULLANA - PIURA;MUNICIPALIDAD DISTRITAL DE BELLAVISTA;PIURA;SULLANA;BELLAVISTA;1660;2477215.91;Transferencia;Indirecta;OBRA;Convenio Resuelto;;;;;;;;;
1478;PE;12953;PNSU;2609132;2609132; MEJORAMIENTO DEL SERVICIO DE AGUA POTABLE URBANO Y MEJORAMIENTO DEL SERVICIO DE ALCANTARILLADO EN CALLE MADRE DE DIOS  DE CENTRO POBLADO BELLAVISTA DISTRITO DE BELLAVISTA DE LA PROVINCIA DE SULLANA DEL DEPARTAMENTO DE PIURA;MUNICIPALIDAD DISTRITAL DE BELLAVISTA;PIURA;SULLANA;BELLAVISTA;1518;4050742.16;Transferencia;Indirecta;OBRA;Concluido;;;;;;;;;
1479;PE;12954;PNSU;333;2031690;MEJORAMIENTO Y AMPLIACION DEL SISTEMA DE AGUA POTABLE Y ALCANTARILLADO DEL DISTRITO DE IGNACIO ESCUDERO (Para su anulación;GOBIERNO REGIONAL PIURA;PIURA;SULLANA;IGNACIO ESCUDERO;17556;12802219.67;Transferencia;Indirecta;OBRA;Concluido;;;;;;;;;
1480;PE;12955;PNSU;245493;2217478;AMPLIACION Y MEJORAMIENTO DEL SISTEMA DE AGUA POTABLE Y ALCANTARILLADO EN EL CENTRO POBLADO SAN JUAN DE LA VIRGEN DEL DISTRITO DE IGNACIO ESCUDERO, PROVINCIA DE SULLANA - PIURA;MUNICIPALIDAD DISTRITAL DE IGNACIO ESCUDERO;PIURA;SULLANA;IGNACIO ESCUDERO;23158;11017574;Transferencia;Indirecta;OBRA;Concluido;;;;;;;;;
1481;PE;12956;PNSU;304383;2401052;"ESTUDIO DE PRE INVERSION A NIVEL DE PERFIL ""AMPLIACION Y MEJORAMIENTO DEL SISTEMA DE AGUA POTABLE Y ALCANTARILLADO DE LANCONES - SULLANA - PIURA""";EPS GRAU;PIURA;SULLANA;LANCONES;0;1682869.67;Transferencia;Indirecta;PREINVERSION;Concluido;;;;;;;;;
1482;PE;12957;PNSU;234097;2167372;MEJORAMIENTO DEL SERVICIO DE AGUA POTABLE EN LA ZONAL SULLANA DE LA EPS GRAU S.A.;EPS GRAU S.A.;PIURA;SULLANA;MARCAVELICA;198213;11292756;Transferencia;Indirecta;OBRA;Concluido;;;;;;;;;
1483;PE;12958;PNSU;62345;2084979;MEJORAMIENTO Y AMPLIACIÓN DEL SISTEMA DE AGUA POTABLE Y ALCANTARILLADO DE LA CIUDAD DE MARCAVELICA Y ANEXOS, PROVINCIA DE SULLANA - PIURA;MUNICIPALIDAD PROVINCIAL DE SULLANA;PIURA;SULLANA;MARCAVELICA;23538;46308138.94;Transferencia;Indirecta;OBRA;Concluido;;;;;;;;;
1484;PE;12959;PNSU;9992;2022945;PROYECTO DE REHABILITACION, MEJORAMIENTO Y/O AMPLIACION DE LOS SISTEMAS DE AGUA Y SANEAMIENTO DE LA LOCALIDAD DE SOJO, DISTRITO DE MIGUEL CHECA, PROVINCIA DE SULLANA, DEPARTAMENTO DE PIURA;MUNICIPALIDAD DISTRITAL DE MIGUEL CHECA;PIURA;SULLANA;MIGUEL CHECA;6987;9814397.7;Transferencia;Indirecta;OBRA;Concluido;;;;;;;;;
1485;PE;12960;PNSU;198509;2214953;MEJORAMIENTO DEL SISTEMA DE AGUA Y ALCANTARILLADO DEL CASERIO SANTA CRUZ DEL DISTRITO DE QUERECOTILLO, PROVINCIA DE SULLANA- PIURA, PROVINCIA DE SULLANA - PIURA;MUNICIPALIDAD DISTRITAL DE QUERECOTILLO;PIURA;SULLANA;QUERECOTILLO;3435;9189777.1;Transferencia;Indirecta;OBRA;Concluido;;;;;;;;;
1486;PE;12961;PNSU;62328;2056440;MEJORAMIENTO Y AMPLIACIÓN DEL SISTEMA DE AGUA POTABLE Y ALCANTARILLADO DE LA CIUDAD DE QUÉRECOTILLO - SULLANA - PIURA;MUNICIPALIDAD PROVINCIAL DE SULLANA;PIURA;SULLANA;QUERECOTILLO;13477;39758247.66;Transferencia;Indirecta;OBRA;Paralizada;;;;;;;;;
1487;PE;12962;PNSU;1953;2030550;AMPLIACION Y MEJORAMIENTO DEL SISTEMA DE AGUA POTABLE Y ALCANTARILLADO DEL DISTRITO DE SALITRAL-SULLANA;GOBIERNO REGIONAL PIURA;PIURA;SULLANA;SALITRAL;4631;3985907.03;Transferencia;Indirecta;OBRA;Concluido;;;;;;;;;
1488;PE;12963;PNSU;281442;2241435;INSTALACION DEL SERVICIO DE SANEAMIENTO DEL SECTOR BUENOS AIRES DEL DISTRITO DE SALITRAL, PROVINCIA DE SULLANA - PIURA;MUNICIPALIDAD DISTRITAL DE SALITRAL;PIURA;SULLANA;SALITRAL;1440;2517886.85;Transferencia;Indirecta;OBRA;Concluido;;;;;;;;;
1489;PE;12964;PNSU;230441;2177145;MEJORAMIENTO Y REHABILITACION DEL SERVICIO DE AGUA POTABLE Y ALCANTARILLADO DE LA AVENIDA JOSE DE LAMA DEL DISTRITO DE SULLANA, PROVINCIA DE SULLANA - PIURA;MUNICIPALIDAD PROVINCIAL DE SULLANA;PIURA;SULLANA;SULLANA;4064;10188929.97;Transferencia;Indirecta;OBRA;Concluido;;;;;;;;;
1490;PE;12965;PNSU;205965;2214162;MEJORAMIENTO DEL SERVICIO DE AGUA POTABLE Y ALCANTARILLADO EN LA URBANIZACION JARDIN DEL DISTRITO DE SULLANA, PROVINCIA DE SULLANA - PIURA;MUNICIPALIDAD PROVINCIAL DE SULLANA;PIURA;SULLANA;SULLANA;3521;4679965;Transferencia;Indirecta;OBRA;Concluido;;;;;;;;;
1491;PE;12966;PNSU;263676;2178816;INSTALACION Y AMPLIACION DE LOS SISTEMAS DE AGUA POTABLE Y ALCANTARILLADO EN LOS AA.HH.VILLA MARIA,NUEVA ESPERANZA,LOS OLIVOS,VILLA LA PAZ,PILAR NORES,JESUS MARIA Y 15 DE MARZO DEL DISTRITO Y PROVINCIA DE SULLANA,DEPARTAMENTO DE PIURA;EPS GRAU S.A.;PIURA;SULLANA;SULLANA;19620;21166351.36;Transferencia;Indirecta;OBRA;Concluido;;;;;;;;;
1492;PE;12967;PNSU;235992;2167366;INSTALACION DEL SERVICIO DE AGUA POTABLE Y ALCANTARILLADO EN LOS A.H. JESUS MARIA, VILLA LA PAZ, LOS OLIVOS, NUEVA ESPERANZA, VILLA MARIA Y 15 DE MARZO DE SULLANA PROVINCIA DE SULLANA DEPARTAMENTO DE PIURA;ENTIDAD PRESTADORA DE SERVICIOS DE SANEAMIENTO GRAU S.A.;PIURA;SULLANA;SULLANA;11343;9927210.58;Transferencia;Indirecta;EXPEDIENTE TECNICO;Concluido;;;;;;;;;
1493;PE;12968;PNSU;97139;2156704;MEJORAMIENTO Y REHABILITACION DEL COLECTOR PRINCIPAL DE Ø 24” A Ø 28” DE LA AV. FELIX JARAMILLO DEL DISTRITO DE SULLANA – PROVINCIA SULLANA – DEPARTAMENTO DE PIURA;ENTIDAD PRESTADORA DE SERVICIOS DE SANEAMIENTO GRAU S.A.;PIURA;SULLANA;SULLANA;57095;7480924;Transferencia;Indirecta;OBRA;Concluido;;;;;;;;;
1494;PE;12969;PNSU;182696;2148111;MEJORAMIENTO DEL SERVICIO DE AGUA POTABLE EN LOMA DE TEODOMIRO Y NUEVA ESPERANZA DEL DISTRITO DE SULLANA, PROVINCIA DE SULLANA - PIURA;MUNICIPALIDAD PROVINCIAL DE SULLANA;PIURA;SULLANA;SULLANA;62290;24932419.91;Transferencia;Indirecta;OBRA;Concluido;;;;;;;;;
1495;PE;12970;PNSU;186346;2148113;MEJORAMIENTO DEL COLECTOR SAN MIGUEL DESDE LA CALLE FELIX JARAMILLO HASTA LA CAMARA DE BOMBEO DEL DISTRITO DE SULLANA, PROVINCIA DE SULLANA - PIURA;MUNICIPALIDAD PROVINCIAL DE SULLANA;PIURA;SULLANA;SULLANA;73089;18764626.74;Transferencia;Indirecta;OBRA;Paralizada;;;;;;;;;
1496;PE;12971;PNSU;38017;2041209;PROTECCION DE COLECTOR SAN MIGUEL DE 24 PULGADAS - AV. FELIX JARAMILLO - AA.HH. EL OBRERO - SULLANA - PIURA.;ENTIDAD PRESTADORA DE SERVICIOS DE SANEAMIENTO GRAU S.A.;PIURA;SULLANA;SULLANA;250000;33266;Transferencia;Directa;OBRA;Concluido;;;;;;;;;
1497;PE;12972;PNSU;259071;2179044;MEJORAMIENTO DEL SERVICIO  DE AGUA POTABLE Y ALCANTARILLADO EN LA URB. LOPEZ ALBUJAR  I ETAPA DE LA CIUDAD DE SULLANA, PROVINCIA DE SULLANA - PIURA;MUNICIPALIDAD PROVINCIAL DE SULLANA;PIURA;SULLANA;SULLANA;2443;2427285.69;Transferencia;Indirecta;OBRA;Concluido;;;;;;;;;
1498;PE;12973;PNSU;272658;2186612;REHABILITACION DEL SISTEMA DE REDES DE AGUA POTABLE Y ALCANTARILLADO EN LOS AH PILAR NORES DE GARCIA Y FRANCISCO BOLOGNESI DEL DISTRITO DE SULLANA, PROVINCIA DE SULLANA - PIURA;MUNICIPALIDAD PROVINCIAL DE SULLANA;PIURA;SULLANA;SULLANA;875;798666.54;Transferencia;Indirecta;OBRA;Concluido;;;;;;;;;
1499;PE;12974;PNSU;245710;2197343;INSTALACION DE LOS SERVICIOS DE AGUA POTABLE Y ALCANTARILLADO EN EL A.H. VENCEDORES 15 DE ABRIL, DISTRITO Y PROVINCIA DE SULLANA, DEPARTAMENTO DE PIURA;ENTIDAD PRESTADORA DE SERVICIO DE SANEAMIENTO GRAU S.A.;PIURA;SULLANA;SULLANA;1408;1411634.54;Transferencia;Indirecta;OBRA;Concluido;;;;;;;;;
1500;PE;12975;PNSU;246677;2200508;INSTALACION DE LOS SERVICIOS DE AGUA POTABLE Y ALCANTARILLADO EN LA URB.POPULAR VILLAS PERU CANADA,DISTRITO Y PROVINCIA DE SULLANA , DEPARTAMENTO PIURA;ENTIDAD PRESTADORA DE SERVICIO DE SANEAMIENTO GRAU S.A.;PIURA;SULLANA;SULLANA;1828;1959645.98;Transferencia;Indirecta;OBRA;Concluido;;;;;;;;;
1501;PE;12976;PNSU;249948;2167716;MEJORAMIENTO DEL SERVICIO DE AGUA POTABLE Y ALCANTARILLADO DEL BARRIO BUENOS AIRES DEL DISTRITO DE SULLANA, PROVINCIA DE SULLANA - PIURA;MUNICIPALIDAD PROVINCIAL DE SULLANA;PIURA;SULLANA;SULLANA;2450;3577901.47;Transferencia;Indirecta;OBRA;Concluido;;;;;;;;;
1502;PE;12977;PNSU;265390;2197334;AMPLIACION Y MEJORAMIENTO DEL SISTEMA DE ALCANTARILLADO DEL PARQUE INDUSTRIAL Y ZONA INDUSTRIAL- DISTRITO DE SULLANA, PROVINCIA DE SULLANA, DEPARTAMENTO DE PIURA;ENTIDAD PRESTADORA DE SERVICIO DE SANEAMIENTO GRAU S.A.;PIURA;SULLANA;SULLANA;48730;8106918;Transferencia;Indirecta;OBRA;Concluido;;;;;;;;;
1503;PE;12978;PNSU;269537;2188346;MEJORAMIENTO Y REHABILITACIÓN DEL SISTEMA DE REDES DE AGUA POTABLE Y ALCANTARILLADO EN A.H. CESAR VALLEJO  DEL DISTRITO DE SULLANA, PROVINCIA DE SULLANA - PIURA;MUNICIPALIDAD PROVINCIAL DE SULLANA;PIURA;SULLANA;SULLANA;2565;3183911.75;Transferencia;Indirecta;OBRA;Concluido;;;;;;;;;
1504;PE;12979;PNSU;296878;2197197;AMPLIACION Y MEJORAMIENTO DE LOS  SERVICIOS DE AGUA POTABLE Y ALCANTARILLADO SECTOR OESTE DEL DISTRITO DE SULLANA, PROVINCIA DE SULLANA - PIURA;MUNICIPALIDAD PROVINCIAL DE SULLANA;PIURA;SULLANA;SULLANA;16060;63958225.01;Transferencia;Indirecta;OBRA;Concluido;;;;;;;;;
1505;PE;12980;PNSU;280939;2200990;MEJORAMIENTO DEL SISTEMA  DE REDES DE AGUA POTABLE Y ALCANTARILLADO EN EL BARRIO LETICIA  DISTRITO SULLANA, PROVINCIA DE SULLANA - PIURA;MUNICIPALIDAD PROVINCIAL DE SULLANA;PIURA;SULLANA;SULLANA;4735;8008651.21;Transferencia;Indirecta;OBRA;Concluido;;;;;;;;;
1506;PE;12981;PNSU;286255;2198556;MEJORAMIENTO DEL SERVICIO DE AGUA POTABLE Y ALCANTARILLADO EN LOS AA.HH. LUIS M. SÁNCHEZ CERRO Y JOSÉ CARLOS MARIÁTEGUI DEL DISTRITO SULLANA, PROVINCIA DE SULLANA - PIURA;MUNICIPALIDAD PROVINCIAL DE SULLANA;PIURA;SULLANA;SULLANA;8469;9760702.26;Transferencia;Indirecta;OBRA;Concluido;;;;;;;;;
1507;PE;12982;PNSU;227344;2217400;AMPLIACION Y MEJORAMIENTO DEL SERVICIO DE AGUA POTABLE Y ALCANTARILLADO DEL BARRIO NORTE Y BARRIO SUR DEL CASCO URBANO DE LA CIUDAD DE SULLANA -DISTRITO DE SULLANA, PROVINCIA DE SULLANA - PIURA;MUNICIPALIDAD PROVINCIAL DE SULLANA;PIURA;SULLANA;SULLANA;2220;2609342.45;Transferencia;Indirecta;OBRA (SALDO);Concluido;;;;;;;;;
1508;PE;12983;PNSU;297421;2252137;MEJORAMIENTO DEL ALMACENAMIENTO DE AGUA POTABLE EN LA ESTACION 74, DISTRITO DE EL ALTO, PROVINCIA DE TALARA, DEPARTAMENTO DE PIURA;EPS GRAU S.A.;PIURA;TALARA;EL ALTO;7417;3046157.17;Transferencia;Indirecta;OBRA;Concluido;;;;;;;;;
1509;PE;12984;PNSU;301867;2401048;"ESTUDIO DE PRE INVERSION A NIVEL DE PERFIL ""MEJORAMIENTO DEL SERVICIO DE AGUA POTABLE EN LA LOCALIDAD DE LOBITOS - TALARA - PIURA""";EPS GRAU;PIURA;TALARA;LOBITOS;0;12722114;Transferencia;Indirecta;PREINVERSION;Concluido;;;;;;;;;
1510;PE;12985;PNSU;318925;2268952;RECUPERACION DEL ALMACENAMIENTO DE AGUA POTABLE DE LA LOCALIDAD DE BARRANCOS,DISTRITO DE MANCORA,PROVINCIA DE TALARA,DEPARTAMENTO DE PIURA;ENTIDAD PRESTADORA DE SERVICIO DE SANEAMIENTO GRAU S.A.;PIURA;TALARA;MANCORA;21150;2438937.37;Transferencia;Indirecta;OBRA;Concluido;;;;;;;;;
1511;PE;12986;PNSU;31318;2030561;REHABILITACION DE SISTEMA DE AGUA Y ALCANTARILLADO EN LOS PARQUES 63 AL 69 Y COOP. VIVIENDA SANTA ROSA, PROVINCIA DE TALARA - PIURA;MUNICIPALIDAD PROVINCIAL DE TALARA;PIURA;TALARA;PARIÑAS;799;1514009;Transferencia;Indirecta;OBRA;Concluido;;;;;;;;;
1512;PE;12987;PNSU;32008;2029729;MEJORAMIENTO DE LOS SERVICIOS DE AGUA POTABLE Y ALCANTARILLADO DE LA CALLE PRINCIPAL Y PASAJES 1, 2, 3 DE LA URBANIZACION FONAVI Y URBANIZACION APROVISER, PROVINCIA DE TALARA - PIURA;MUNICIPALIDAD PROVINCIAL DE TALARA;PIURA;TALARA;PARIÑAS;1420;1135895;Transferencia;Indirecta;OBRA;Concluido;;;;;;;;;
1513;PE;12988;PNSU;26793;2030557;CONSTRUCCION DE RESERVORIO ELEVADO DE 1000 M3 URB SALAVERRY - ENACE TALARA;ENTIDAD PRESTADORA DE SERVICIOS DE SANEAMIENTO GRAU S.A.;PIURA;TALARA;PARIÑAS;13380;1954997;Transferencia;Indirecta;OBRA;Concluido;;;;;;;;;
1514;PE;12989;PNSU;19876;2025635;MEJORAMIENTO DEL SISTEMA DE AGUA POTABLE Y ALCANTARILLADO DEL AA.HH. SAN PEDRO;MUNICIPALIDAD PROVINCIAL DE TALARA;PIURA;TALARA;PARIÑAS;4698;1557666;Transferencia;Indirecta;OBRA;Concluido;;;;;;;;;
1515;PE;12990;PNSU;32430;2030562;MEJORAMIENTO DE REDES DE AGUA Y ALCANTARILLADO DE LAS CALLES E, F Y G, PROVINCIA DE TALARA - PIURA;MUNICIPALIDAD PROVINCIAL DE TALARA;PIURA;TALARA;PARIÑAS;1188;1534985;Transferencia;Indirecta;OBRA;Concluido;;;;;;;;;
1516;PE;12991;PNSU;33253;2038373;REHABILITACION DEL SISTEMA DE AGUA POTABLE Y ALCANTARILLADO EN EL AA.HH. 28 DE JULIO, PROVINCIA DE TALARA - PIURA;MUNICIPALIDAD PROVINCIAL DE TALARA;PIURA;TALARA;PARIÑAS;880;605277;Transferencia;Indirecta;OBRA;Concluido;;;;;;;;;
1517;PE;12992;PNSU;30494;2029728;AMPLIACION Y MEJORAMIENTO DEL SERVICIO DE AGUA POTABLE Y ALCANTARILLADO EN EL AA.HH. VICTOR RAUL HAYA DE LA TORRE;MUNICIPALIDAD PROVINCIAL DE TALARA;PIURA;TALARA;PARIÑAS;860;611386;Transferencia;Indirecta;OBRA;Concluido;;;;;;;;;
1518;PE;12993;PNSU;34179;2036188;INSTALACION DE REDES DE AGUA POTABLE Y ALCANTARILLADO EN LOS AAHH NUEVO PARAISO Y CESAR VALLEJO, PROVINCIA DE TALARA - PIURA;MUNICIPALIDAD PROVINCIAL DE TALARA;PIURA;TALARA;PARIÑAS;486;326039;Transferencia;Indirecta;OBRA;Concluido;;;;;;;;;
1519;PE;12994;PNSU;39095;2044693;MEJORAMIENTO DE REDES DE AGUA POTABLE Y ALCANTARILLADO EN LA URBANIZACION SACOBSA, PROVINCIA DE TALARA - PIURA;MUNICIPALIDAD PROVINCIAL DE TALARA;PIURA;TALARA;PARIÑAS;1782;1214506;Transferencia;Indirecta;OBRA;Concluido;;;;;;;;;
1520;PE;12995;PNSU;41562;2044694;AMPLIACION Y MEJORAMIENTO DE REDES DE AGUA POTABLE Y ALCANTARILLADO EN EL AH. LUIS ALBERTO SANCHEZ, PROVINCIA DE TALARA - PIURA;MUNICIPALIDAD PROVINCIAL DE TALARA;PIURA;TALARA;PARIÑAS;490;348571;Transferencia;Indirecta;OBRA;Concluido;;;;;;;;;
1521;PE;12996;PNSU;24750;2032127;AMPLIACION DE SISTEMA DE AGUA POTABLE PARA LOS AA.HH. CASTRO POZO II Y LOS CLAVELES;MUNICIPALIDAD PROVINCIAL DE TALARA;PIURA;TALARA;PARIÑAS;350;59548;Transferencia;Indirecta;OBRA;Concluido;;;;;;;;;
1522;PE;12997;PNSU;27454;2034689;CONSTRUCCION DEL SISTEMA DE AGUA POTABLE Y ALCANTARILLADO DEL AAHH JOSE GALVEZ Y ALBERTO FUJIMORI EN EL CONO SUR;MUNICIPALIDAD PROVINCIAL DE TALARA;PIURA;TALARA;PARIÑAS;562;367980;Transferencia;Indirecta;OBRA;Concluido;;;;;;;;;
1523;PE;12998;PNSU;35419;2036857;MEJORAMIENTO DE LA RED DE DISTRIBUCION DE AGUA POTABLE Y ALCANTARILLADO DE LA ASOCIACION DE VIVIENDA GUIDBERTO HERRERA CARLIN, PROVINCIA DE TALARA - PIURA;MUNICIPALIDAD PROVINCIAL DE TALARA;PIURA;TALARA;PARIÑAS;514;324451;Transferencia;Indirecta;OBRA;Concluido;;;;;;;;;
1524;PE;12999;PNSU;41567;2044692;AMPLIACION Y MEJORAMIENTO DE REDES DE AGUA POTABLE Y ALCANTARILLADO EN EL AH. SANCHEZ CERRO, PROVINCIA DE TALARA - PIURA;MUNICIPALIDAD PROVINCIAL DE TALARA;PIURA;TALARA;PARIÑAS;215;1217375;Transferencia;Indirecta;OBRA;Concluido;;;;;;;;;
1525;PE;13000;PNSU;34561;2036186;INSTALACION DE REDES DE AGUA POTABLE Y ALCANTARILLADO EN EL AH. NUEVA TALARA, PROVINCIA DE TALARA - PIURA;MUNICIPALIDAD PROVINCIAL DE TALARA;PIURA;TALARA;PARIÑAS;763;1522502;Transferencia;Indirecta;OBRA;Concluido;;;;;;;;;
1526;PE;13001;PNSU;19736;2025630;MEJORAMIENTO DEL SISTEMA DE AGUA POTABLE Y ALCANTARILLADO AA.HH. SAN JUDAS - TALARA;MUNICIPALIDAD PROVINCIAL DE TALARA;PIURA;TALARA;PARIÑAS;2095;870922;Transferencia;Indirecta;OBRA;Concluido;;;;;;;;;
1527;PE;13002;PNSU;26153;2034162;CONSTRUCCION DE UN SISTEMA DE DRENAJE PLUVIAL EN EL AH 9 DE OCTUBRE TALARA;MUNICIPALIDAD PROVINCIAL DE TALARA;PIURA;TALARA;PARIÑAS;10746;5921460;Transferencia;Indirecta;OBRA;Concluido;;;;;;;;;
1528;PE;13003;PNSU;53188;2088104;MEJORAMIENTO DE LA LINEA DE CONDUCCION DE AGUA POTABLE DE DIAMETRO 600 MM -TRAMO CAMARA DE CARGA-MILLA 6 DEL EJE PAITA TALARA-TALARA;ENTIDAD PRESTADORA DE SERVICIOS DE SANEAMIENTO GRAU S.A.;PIURA;TALARA;PARIÑAS;106799;9490269.78;Transferencia;Indirecta;OBRA;Concluido;;;;;;;;;
1529;PE;13004;PNSU;37791;2092708;MEJORAMIENTO DE LA LINEA DE CONDUCCION DE AGUA POTABLE DE DIAMETRO 24 PULGADAS PLANTA EL ARENAL - TALARA, TRAMO MILLA 6 - EL ACHOLADO - TALARA - PIURA;EPS GRAU S.A.;PIURA;TALARA;PARIÑAS;97952;2368300;Transferencia;Indirecta;OBRA;Concluido;;;;;;;;;
1530;PE;13005;PNSU;47697;2048188;CONSTRUCCION DE COLECTOR PRINCIPAL TRAMO VILLA FAP - CAMARA DE BOMBEO DE DESAGUE, PROVINCIA DE TALARA - PIURA;MUNICIPALIDAD PROVINCIAL DE TALARA;PIURA;TALARA;PARIÑAS;5085;4477805;Transferencia;Indirecta;OBRA;Concluido;;;;;;;;;
1531;PE;13006;PNSU;179963;2147005;MEJORAMIENTO DEL SISTEMA DE EVACUACION DE LAS AGUAS SERVIDAS DE LA CAMARA CENTRAL TALARA - TALARA - PIURA;MUNICIPALIDAD PROVINCIAL DE TALARA;PIURA;TALARA;PARIÑAS;81658;11751800.23;Transferencia;Indirecta;OBRA;Concluido;;;;;;;;;
1532;PE;13007;PNSU;303728;2252167;"ESTUDIO DE PRE INVERSION A NIVEL DE PERFIL ""MEJORAMIENTO DEL SERVICIO DE AGUA POTABLE EN EL SECTOR SAN PEDRO PARIÑAS - TALARA - PIURA""";EPS GRAU;PIURA;TALARA;PARIÑAS;0;9983058;Transferencia;Indirecta;PREINVERSION;Concluido;;;;;;;;;
1533;PE;13008;PNSU;329029;2287175;INSTALACION , MEJORAMIENTO Y AMPLIACION DEL SISTEMA DE AGUA POTABLE Y ALCANTARILLADO EN LOS ASENTAMIENTOS HUMANOS DE LA LOCALIDAD DE TALARA,DISTRITO DE PARIÑAS,PROVINCIA DE TALARA-DEPARTAMENTO DE PIURA;EPS GRAU;PIURA;TALARA;PARIÑAS;0;171180154;Transferencia;Indirecta;PREINVERSION;Concluido;;;;;;;;;
1534;PE;13009;PNSU;234096;2167373;MEJORAMIENTO DEL SERVICIO DE AGUA POTABLE EN LA ZONAL DE TALARA DE LA EPS GRAU SA;EPS GRAU;PIURA;TALARA;PARIÑAS;125410;7227751.96;Transferencia;Indirecta;OBRA;Concluido;;;;;;;;;
1535;PE;13010;PNSU;227785;2178684;MEJORAMIENTO DEL SERVICIO DE AGUA Y ALCANTARILLADO DEL BARRIO PARTICULAR Y URB. SANTA ROSA DEL DISTRITO DE PARIÑAS, PROVINCIA DE TALARA - PIURA;MUNICIPALIDAD PROVINCIAL DE TALARA;PIURA;TALARA;PARIÑAS;1649;4724484.08;Transferencia;Indirecta;OBRA;Concluido;;;;;;;;;
1536;PE;13011;PNSU;364711;2328351;MEJORAMIENTO DE LAS ESTACIONES DE BOMBEO EB-01 Y EB-02 DEL SISTEMA DE ABASTECIMIENTO DE AGUA POTABLE A LA LOCALIDAD DE TALARA, DISTRITO DE PARIÑAS, PROVINCIA DE TALARA, DEPARTAMENTO DE PIURA;EPS GRAU;PIURA;TALARA;PARIÑAS;0;51075586;Transferencia;Indirecta;PREINVERSION;Concluido;;;;;;;;;
1537;PE;13012;PNSU;287218;2197342;MEJORAMIENTO DE LA LINEA DE CONDUCCION DE AGUA POTABLE DE DIAMETRO 600 MM.TRAMO DESDE LA PTAP EL ARENAL HASTA LA CAMARA DE VALVULAS T-5 DEL EJE PAITA-TALARA DISTRITO Y PROVINCIA DE TALARA,DEPARTAMENTO DE PIURA;EPS GRAU S.A.;PIURA;TALARA;PARIÑAS;124333;2296558.33;Transferencia;Indirecta;OBRA (SALDO);Contrato Resuelto;;;;;;;;;
1538;PE;13013;PNSU;48559;2054302;MEJORAMIENTO Y AMPLIACION DEL SISTEMA DE AGUA POTABLE DEL, DISTRITO DE ARAPA - AZANGARO - PUNO;MUNICIPALIDAD DISTRITAL DE ARAPA;PUNO;AZANGARO;ARAPA;719;1207376;Transferencia;Directa;OBRA;Concluido;;;;;;;;;
1539;PE;13014;PNSU;83195;2090426;MEJORAMIENTO Y AMPLIACION DEL SISTEMA DE AGUA POTABLE Y ALCANTARILLADO DE LA LOCALIDAD DE AZANGARO;MUNICIPALIDAD PROVINCIAL DE AZANGARO;PUNO;AZANGARO;AZANGARO;24828;9210283.3;Transferencia;Indirecta;OBRA (SALDO);Concluido;;;;;;;;;
1540;PE;13015;PNSU;332272;2290748;AMPLIACION Y MEJORAMIENTO DEL SISTEMA DE AGUA POTABLE Y ALCANTARILLADO EN LOS BARRIOS MAGISTERIAL ZONA OESTE Y PANCAQUIA DEL DISTRITO DE AZÁNGARO, PROVINCIA DE AZANGARO - PUNO;MUNICIPALIDAD PROVINCIAL DE AZANGARO;PUNO;AZANGARO;AZANGARO;2632;2394070.72;Transferencia;Indirecta;OBRA;Concluido;;;;;;;;;
1541;PE;13016;PNSU;329275;2287456;AMPLIACION Y MEJORAMIENTO DEL SISTEMA DE AGUA POTABLE Y ALCANTARILLADO EN EL BARRIO RESIDENCIAL PEÑA DORADA Y EL BARRIO MAGISTERIAL ZONA ESTE DEL DISTRITO DE AZÁNGARO, PROVINCIA DE AZANGARO - PUNO;MUNICIPALIDAD PROVINCIAL DE AZANGARO;PUNO;AZANGARO;AZANGARO;1945;3756433.6;Transferencia;Indirecta;OBRA;Concluido;;;;;;;;;
1542;PE;13017;PNSU;2461724;2461724;MEJORAMIENTO Y AMPLIACION DE LOS SISTEMAS DE AGUA POTABLE Y ALCANTARILLADO DEL BARRIO PEDRO VILCAPAZA DEL DISTRITO DE AZANGARO - PROVINCIA DE AZANGARO - DEPARTAMENTO DE PUNO;MUNICIPALIDAD PROVINCIAL DE AZANGARO;PUNO;AZANGARO;AZANGARO;1431;1997515.21;Transferencia;Indirecta;OBRA;Concluido;;;;;;;;;
1543;PE;13018;PNSU;51654;2045452;CONSTRUCCION DEL SISTEMA DE DESAGUE EN LA LOCALIDAD DE CHUPA, DISTRITO DE CHUPA - AZANGARO - PUNO;MUNICIPALIDAD DISTRITAL DE CHUPA;PUNO;AZANGARO;CHUPA;3814;1249170;Transferencia;Directa;OBRA;Concluido;;;;;;;;;
1544;PE;13019;PNSU;26804;2027831;MEJORAMIENTO DE AGUA POTABLE Y RED INTEGRAL DE ALCANTARILLADO Y TRATAMIENTO DE AGUAS RESIDUALES;MUNICIPALIDAD DISTRITAL DE JOSE DOMINGO CHOQUEHUANCA;PUNO;AZANGARO;JOSE DOMINGO CHOQUEHUANCA;6106;1959262;Transferencia;Directa;OBRA;Concluido;;;;;;;;;
1545;PE;13020;PNSU;333380;2291955;MEJORAMIENTO Y AMPLIACION INTEGRAL DEL SERVICIO DE AGUA POTABLE, ALCANTARILLADO Y TRATAMIENTO DE AGUAS RESIDUALES EN EL PUEBLO DE MUÑANI, DISTRITO DE MUNANI - AZANGARO - PUNO;MUNICIPALIDAD DISTRITAL DE MUÑANI;PUNO;AZANGARO;MUÑANI;3658;26186513.16;Transferencia;Indirecta;OBRA;Paralizada;;;;;;;;;
1546;PE;13021;PNSU;91330;2076606;MEJORAMIENTO, AMPLIACION DEL SISTEMA DE AGUA POTABLE, DESAGUE Y PLANTA DE TRATAMIENTO DE AGUAS RESIDUALES EN LA LOCALIDAD DE POTONI, DISTRITO DE POTONI - AZANGARO - PUNO;MUNICIPALIDAD DISTRITAL DE POTONI;PUNO;AZANGARO;POTONI;1458;3123648.9;Transferencia;Indirecta;OBRA;Concluido;;;;;;;;;
1547;PE;13022;PNSU;211471;2156362;MEJORAMIENTO, AMPLIACION DEL SERVICIO DE AGUA POTABLE Y SANEAMIENTO EN EL CENTRO POBLADO CARLOS GUTIERREZ, DISTRITO DE POTONI - AZANGARO - PUNO;MUNICIPALIDAD DISTRITAL DE POTONI;PUNO;AZANGARO;POTONI;2865;4310285;Transferencia;Directa;OBRA;Concluido;;;;;;;;;
1548;PE;13023;PNSU;152717;2118289;AMPLIACION Y MEJORAMIENTO DE SISTEMA DE AGUA POTABLE Y DESAGUE EN EL PUEBLO DE SAN ANTON, DISTRITO DE SAN ANTON - AZANGARO - PUNO;MUNICIPALIDAD DISTRITAL DE SAN ANTON;PUNO;AZANGARO;SAN ANTON;4230;5723790.9;Transferencia;Indirecta;OBRA;Concluido;;;;;;;;;
1549;PE;13024;PNSU;82838;2073507;CONSTRUCCION DEL SISTEMA DE DESAGUE RURAL DE CENTROS POBLADOS DEL, DISTRITO DE SAN ANTON - AZANGARO - PUNO;MUNICIPALIDAD DISTRITAL DE SAN ANTON;PUNO;AZANGARO;SAN ANTON;4028;2380244;Transferencia;Directa;OBRA;Concluido;;;;;;;;;
1550;PE;13025;PNSU;63915;2066947;REHABILITACION Y MEJORAMIENTO DE SISTEMA AGUA POTABLE Y ALCANTARILLADO LOCALIDAD COASA, DISTRITO DE COASA - CARABAYA - PUNO;MUNICIPALIDAD DISTRITAL DE COASA;PUNO;CARABAYA;COASA;4500;5872884.09;Transferencia;Indirecta;OBRA;Concluido;;;;;;;;;
1551;PE;13026;PNSU;177232;2140489;INSTALACION DEL SISTEMA DE DESAGUE DEL CENTRO POBLADO DE AYMAÑA, DISTRITO DE CORANI - CARABAYA - PUNO;MUNICIPALIDAD DISTRITAL DE CORANI;PUNO;CARABAYA;CORANI;1740;3145308.58;Transferencia;Indirecta;OBRA;Concluido;;;;;;;;;
1552;PE;13027;PNSU;176489;2142933;MEJORAMIENTO Y AMPLIACION DEL SISTEMA DE AGUA POTABLE DESAGUE- REDES DISTRIBUICION CONEXIONES DOMICILIARIAS Y PLANTA DE TRATAMIENTO DE AGUAS RESIDUALES LOCALIDAD CRUCERO, DISTRITO DE CRUCERO - CARABAYA - PUNO;MUNICIPALIDAD DISTRITAL DE CRUCERO;PUNO;CARABAYA;CRUCERO;5756;11961393.36;Transferencia;Indirecta;OBRA (SALDO);En Ejecución;;;;;;;;;
1553;PE;13028;PNSU;60558;2054292;MEJORAMIENTO Y AMPLIACION DEL SISTEMA DE DESAGUE EN LA LOCALIDAD DE MACUSANI, PROVINCIA DE CARABAYA - PUNO;MUNICIPALIDAD PROVINCIAL DE CARABAYA;PUNO;CARABAYA;MACUSANI;5308;6422387.97;Transferencia;Indirecta;OBRA;Concluido;;;;;;;;;
1554;PE;13029;PNSU;246531;2190201;MEJORAMIENTO Y AMPLIACIÓN DE LOS SERVICIOS DE AGUA POTABLE Y DESAGÜE EN LA CIUDAD DE MACUSANI, DISTRITO DE MACUSANI, PROVINCIA DE CARABAYA - PUNO;MUNICIPALIDAD PROVINCIAL DE CARABAYA - MACUSANI;PUNO;CARABAYA;MACUSANI;14710;43277682.6;Transferencia;Indirecta;OBRA (SALDO);En Ejecución;;;;;;;;;
1555;PE;13030;PNSU;135320;2118556;AMPLIACION, MEJORAMIENTO DEL SISTEMA INTEGRAL DE AGUA POTABLE Y ALCANTARILLADO DE USICAYOS, DISTRITO DE USICAYOS - CARABAYA - PUNO;MUNICIPALIDAD DISTRITAL DE USICAYOS;PUNO;CARABAYA;USICAYOS;4372;7392300.92;Transferencia;Directa;OBRA;Concluido;;;;;;;;;
1556;PE;13031;PNSU;257607;2178303;AMPLIACION, MEJORAMIENTO DEL SISTEMA DE AGUA POTABLE Y ALCANTARILLADO, DE LA CIUDAD DE DESAGUADERO, DISTRITO DE DESAGUADERO - CHUCUITO - PUNO;MUNICIPALIDAD DISTRITAL DE DESAGUADERO;PUNO;CHUCUITO;DESAGUADERO;20348;54830336.81;Transferencia;Indirecta;OBRA;Paralizada;;;;;;;;;
1557;PE;13032;PNSU;64111;2066983;MEJORAMIENTO, CONSTRUCCIÓN DEL SISTEMA DE AGUA POTABLE EN LA CIUDAD DE HUACULLANI, DISTRITO DE HUACULLANI - CHUCUITO - PUNO;MUNICIPALIDAD DISTRITAL DE HUACULLANI;PUNO;CHUCUITO;HUACULLANI;1156;746376;Transferencia;Indirecta;OBRA;Concluido;;;;;;;;;
1558;PE;13033;PNSU;4319;2018978;PROGRAMA INTEGRAL DE AMPLIACION Y MEJORAMIENTO DEL SISTEMA DE AGUA POTABLE Y ALCANTARILLADO - JULI;GOBIERNO REGIONAL PUNO;PUNO;CHUCUITO;JULI;6625;1999586.28;Transferencia;Directa;OBRA;Concluido;;;;;;;;;
1559;PE;13034;PNSU;58819;2065718;INSTALACION SISTEMA DE AGUA POTABLE LOCALIDAD KELLUYO, DISTRITO DE KELLUYO - CHUCUITO - PUNO;MUNICIPALIDAD DISTRITAL DE KELLUYO;PUNO;CHUCUITO;JULI;625;588121;Transferencia;Directa;OBRA;Concluido;;;;;;;;;
1560;PE;13035;PNSU;319358;2270279;AMPLIACION Y MEJORAMIENTO DE LOS SERVICIOS DE AGUA POTABLE Y ALCANTARILLADO EN LA LOCALIDAD DE JULI, PROVINCIA DE CHUCUITO - PUNO;MUNICIPALIDAD PROVINCIAL DE CHUCUITO - JULI;PUNO;CHUCUITO;JULI;20615;72496457.63;Transferencia;Indirecta;OBRA;Contrato Resuelto;;;;;;;;;
1561;PE;13036;PNSU;125106;2103979;MEJORAMIENTO DEL SERVICIO DE AGUA POTABLE Y ALCANTARILLADO EN LA LOCALIDAD DE KELLUYO, DISTRITO DE KELLUYO - CHUCUITO - PUNO;MUNICIPALIDAD DISTRITAL DE KELLUYO;PUNO;CHUCUITO;KELLUYO;3100;3655279.84;Transferencia;Indirecta;OBRA;Concluido;;;;;;;;;
1562;PE;13037;PNSU;215454;2215909;MEJORAMIENTO Y AMPLIACION INTEGRAL DEL SISTEMA DE DESAGUE EN LA LOCALIDAD DE PISACOMA Y C.P. TANIRI CIRCA CHINGA DEL, DISTRITO DE PISACOMA - CHUCUITO - PUNO;MUNICIPALIDAD DISTRITAL DE PISACOMA;PUNO;CHUCUITO;PISACOMA;3815;4468972.35;Transferencia;Indirecta;OBRA;Concluido;;;;;;;;;
1563;PE;13038;PNSU;67385;2067934;CONSTRUCCION, AMPLIACION DE LAGUNA DE OXIDACION Y SISTEMA DE DESAGUE DE LA CIUDAD DE POMATA, DISTRITO DE POMATA - CHUCUITO - PUNO;MUNICIPALIDAD DISTRITAL DE POMATA;PUNO;CHUCUITO;POMATA;1703;1211714;Transferencia;Directa;OBRA;Concluido;;;;;;;;;
1564;PE;13039;PNSU;258277;2182866;MEJORAMIENTO Y AMPLIAICON DE LOS SISTEMAS DE AGUA POTABLE Y ALCANTARILLADO DE LA LOCALIDAD DE POMATA , DISTRITO DE POMATA - CHUCUITO - PUNO;MUNICIPALIDAD DISTRITAL DE POMATA;PUNO;CHUCUITO;POMATA;2120;5623909.16;Transferencia;Indirecta;OBRA;Concluido;;;;;;;;;
1565;PE;13040;PNSU;247079;2173712;AMPLIACION Y MEJORAMIENTO INTEGRAL DEL SISTEMA DE AGUA POTABLE Y ALCANTARILLADO DE LA LOCALIDAD DE ZEPITA, DISTRITO DE ZEPITA - CHUCUITO - PUNO;MUNICIPALIDAD DISTRITAL DE ZEPITA;PUNO;CHUCUITO;ZEPITA;3049;9047357;Transferencia;Indirecta;OBRA;Paralizada;;;;;;;;;
1566;PE;13041;PNSU;374396;2335302;MEJORAMIENTO Y AMPLIACIÓN DEL SERVICIO DE AGUA POTABLE Y DESAGÜE EN LA LOCALIDAD DE CONDURIRI, DISTRITO DE CONDURIRI - EL COLLAO - PUNO;MUNICIPALIDAD DISTRITAL DE CONDURIRI;PUNO;EL COLLAO;CONDURIRI;2579;8528495.82;Transferencia;Indirecta;OBRA;Concluido;;;;;;;;;
1567;PE;13042;PNSU;30664;2030606;MEJORAMIENTO DEL SISTEMA DE ABASTECIMIENTO DE AGUA MEDIANTE POZOS DE LA SUBZONA RIBEREÑA - LAGO;MUNICIPALIDAD PROVINCIAL DE EL COLLAO;PUNO;EL COLLAO;ILAVE;5335;1195259;Transferencia;Directa;OBRA;Concluido;;;;;;;;;
1568;PE;13043;PNSU;18989;2029764;AMPLIACION Y MEJORAMIENTO DEL SISTEMA DE AGUA POTABLE Y SANEAMIENTO EN LA LOCALIDAD DE ILAVE;GOBIERNO REGIONAL PUNO;PUNO;EL COLLAO;ILAVE;29929;1954384;Transferencia;Directa;OBRA;Concluido;;;;;;;;;
1569;PE;13044;PNSU;36345;2037351;MEJORAMIENTO DEL SISTEMA DE ABASTECIMIENTO DE AGUA MEDIANTE PERFORACION DE POZOS DE LA ZONA MEDIA DISTRITO DE ILAVE, PROVINCIA DE EL COLLAO - PUNO;MUNICIPALIDAD PROVINCIAL DE EL COLLAO-ILAVE;PUNO;EL COLLAO;ILAVE;12185;1864773;Transferencia;Directa;OBRA;Concluido;;;;;;;;;
1570;PE;13045;PNSU;7565;2128422;MEJORAMIENTO Y AMPLIACION DE LOS SISTEMAS DE AGUA POTABLE Y ALCANTARILLADO DE LA LOCALIDAD DE HUANCANE;MUNICIPALIDAD PROVINCIAL DE HUANCANE;PUNO;HUANCANE;HUANCANE;11120;64755262.12;Transferencia;Indirecta;OBRA (SALDO);En Ejecución;;;;;;;;;
1571;PE;13046;PNSU;72248;2069637;REHABILITACION Y MEJORAMIENTO DE LOS SISTEMAS DE AGUA POTABLE Y ALCANTARILLADO LOCALIDAD ROSASPATA, DISTRITO DE ROSASPATA - HUANCANE - PUNO;MUNICIPALIDAD DISTRITAL DE ROSASPATA;PUNO;HUANCANE;ROSASPATA;1850;2308800.88;Transferencia;Directa;OBRA;Concluido;;;;;;;;;
1572;PE;13047;PNSU;11388;2025711;MEJORAMIENTO Y AMPLIACION DEL SISTEMA DE AGUA POTABLE Y ALCANTARILLADO DEL PUEBLO DE TARACO.;MUNICIPALIDAD DISTRITAL DE TARACO;PUNO;HUANCANE;TARACO;2172;1410266;Transferencia;Directa;OBRA;Concluido;;;;;;;;;
1573;PE;13048;PNSU;175779;2139397;CONSTRUCCION SISTEMA DE ABASTECIMIENTO DE AGUA POTABLE Y LETRINAS SANITARIAS ECOLOGICAS EN EL CENTRO POBLADO DE SANTA CRUZ DE HUILACOLLO, DISTRITO DE VILQUE CHICO - HUANCANE - PUNO;MUNICIPALIDAD DISTRITAL DE VILQUE CHICO;PUNO;HUANCANE;VILQUE CHICO;981;1524795;Transferencia;Directa;OBRA;Concluido;;;;;;;;;
1574;PE;13049;PNSU;177142;2139412;CONSTRUCCION SISTEMA DE AGUA POTABLE POR BOMBEO SICTA, DISTRITO DE VILQUE CHICO - HUANCANE - PUNO;MUNICIPALIDAD DISTRITAL DE VILQUE CHICO;PUNO;HUANCANE;VILQUE CHICO;2387;2675802;Transferencia;Directa;OBRA;Concluido;;;;;;;;;
1575;PE;13050;PNSU;60440;2047304;AMPLIACION Y MEJORAMIENTO SISTEMA DE AGUA Y DESAGUE EN LA LOCALIDAD DEL, DISTRITO DE CABANILLA - LAMPA - PUNO;MUNICIPALIDAD DISTRITAL DE CABANILLA;PUNO;LAMPA;CABANILLA;1824;733922.43;Transferencia;Directa;OBRA;Concluido;;;;;;;;;
1576;PE;13051;PNSU;58040;2054245;MEJORAMIENTO Y AMPLIACION DEL SISTEMA INTEGRAL DE AGUA POTABLE Y ALCANTARILLADO DE LAMPA, PROVINCIA DE LAMPA - PUNO;MUNICIPALIDAD PROVINCIAL DE LAMPA;PUNO;LAMPA;LAMPA;4368;9605692;Transferencia;Indirecta;OBRA (SALDO);Concluido;;;;;;;;;
1577;PE;13052;PNSU;81934;2073179;AMPLIACION Y MEJORAMIENTO RED DE DESAGUE EN EL , DISTRITO DE LAMPA - LAMPA - PUNO;MUNICIPALIDAD DISTRITAL DE PALCA;PUNO;LAMPA;PALCA;2170;1252051;Transferencia;Indirecta;OBRA;Concluido;;;;;;;;;
1578;PE;13053;PNSU;113653;2090774;MEJORAMIENTO Y AMPLIACION DEL SERVICIO DE AGUA POTABLE LOCALIDAD SANTA LUCIA, DISTRITO DE SANTA LUCIA - LAMPA - PUNO;MUNICIPALIDAD DISTRITAL DE SANTA LUCIA;PUNO;LAMPA;SANTA LUCIA;3882;4905386.91;Transferencia;Indirecta;EXPEDIENTE TECNICO;Concluido;;;;;;;;;
1579;PE;13054;PNSU;52099;2050306;CONSTRUCCION DEL SISTEMA DE AGUA POTABLE Y SISTEMA DE ALCANTARILLADO DEL C.P. PINAYA, DISTRITO DE SANTA LUCIA - LAMPA - PUNO;MUNICIPALIDAD DISTRITAL DE SANTA LUCIA;PUNO;LAMPA;SANTA LUCIA;1130;1207000;Transferencia;Indirecta;OBRA;Concluido;;;;;;;;;
1580;PE;13055;PNSU;361871;2325168;MEJORAMIENTO Y AMPLIACION DEL SERVICIO DE AGUA POTABLE LOCALIDAD DE SANTA LUCIA, DISTRITO DE SANTA LUCIA - LAMPA - PUNO;MUNICIPALIDAD DISTRITAL DE SANTA LUCIA;PUNO;LAMPA;SANTA LUCIA;9489;11958982.96;Transferencia;Indirecta;OBRA;Concluido;;;;;;;;;
1581;PE;13056;PNSU;245971;2236439;MEJORAMIENTO Y AMPLIACION DE LOS SISTEMAS DE ALCANTARILLADO Y TRATAMIENTO DE AGUAS SERVIDAS DE LA LOCALIDAD DE SANTA LUCÍA - SANTA LUCÍA - LAMPA - PUNO;MUNICIPALIDAD DISTRITAL DE SANTA LUCIA;PUNO;LAMPA;SANTA LUCIA;6550;7952605.16;Transferencia;Indirecta;OBRA;Concluido;;;;;;;;;
1582;PE;13057;PNSU;27525;2029016;MEJORAMIENTO Y AMPLIACION DE AGUA POTABLE (CAPTACION, PLANTA DE TRATAMIENTO, RESERVORIO, LINEA DE IMPULSION, Y RED DE AGUA) EN LA CIUDAD DE AYAVIRI;MUNICIPALIDAD PROVINCIAL DE MELGAR -A AYAVIRI;PUNO;MELGAR;AYAVIRI;26583;4694693;Transferencia;Directa;OBRA;Concluido;;;;;;;;;
1583;PE;13058;PNSU;45220;2043261;MEJORAMIENTO ,AMPLIACION DE SERVICIOS DE AGUA POTABLE Y DESAGUE EN BARRIOS MARGINALES - AYAVIRI, PROVINCIA DE MELGAR - PUNO;MUNICIPALIDAD PROVINCIAL DE MELGAR - AYAVIRI;PUNO;MELGAR;AYAVIRI;14383;7071315.31;Transferencia;Directa;OBRA;Concluido;;;;;;;;;
1584;PE;13059;PNSU;15513;2143692;RECONSTRUCCION DE LA INFRAESTRUCTURA DE SANEAMIENTO DE LA CIUDAD DE AYAVIRI - MELGAR - PUNO;MUNICIPALIDAD PROVINCIAL DE MELGAR - AYAVIRI;PUNO;MELGAR;AYAVIRI;19010;10260215.34;Transferencia;Directa;OBRA;Concluido;;;;;;;;;
1585;PE;13060;PNSU;244231;2225246;MEJORAMIENTO DEL SISTEMA DE ABASTECIMIENTO DE AGUA POTABLE, ALCANTARILLADO Y PTAR EN LA LOCALIDAD DE LLALLI, DISTRITO DE LLALLI - MELGAR - PUNO;MUNICIPALIDAD DISTRITAL DE LLALLI;PUNO;MELGAR;LLALLI;3379;6998490.83;Transferencia;Indirecta;OBRA;Concluido;;;;;;;;;
1586;PE;13061;PNSU;339183;2300989;MEJORAMIENTO Y AMPLIACIÓN DEL SISTEMA DE AGUA POTABLE Y ALCANTARILLADO DE LA LOCALIDAD DE MACARI, DISTRITO DE MACARI - MELGAR - PUNO;MUNICIPALIDAD DISTRITAL DE MACARI;PUNO;MELGAR;MACARI;4634;17214269.31;Transferencia;Indirecta;OBRA (SALDO);En Ejecución;;;;;;;;;
1587;PE;13062;PNSU;72250;2069638;REHABILITACION SISTEMA DE AGUA POTABLE LOCALIDAD CONIMA, DISTRITO DE CONIMA - MOHO - PUNO;MUNICIPALIDAD DISTRITAL DE CONIMA;PUNO;MOHO;CONIMA;1368;1146172;Transferencia;Directa;OBRA;Concluido;;;;;;;;;
1588;PE;13063;PNSU;214913;2215744;MEJORAMIENTO Y AMPLIACION DEL SISTEMA DE AGUA POTABLE Y ALCANTARILLADO DE LA LOCALIDAD DE HUAYRAPATA, DISTRITO DE HUAYRAPATA - MOHO - PUNO;MUNICIPALIDAD DISTRITAL DE HUAYRAPATA;PUNO;MOHO;HUAYRAPATA;2118;6473439;Transferencia;Directa;OBRA;Concluido;;;;;;;;;
1589;PE;13064;PNSU;220695;2212320;MEJORAMIENTO DE LOS SERVICIOS DE AGUA POTABLE, ALCANTARILLADO E INSTALACION DE UNA PLANTA DE TRATAMIENTO DE AGUAS RESIDUALES DE LA CIUDAD DE ACORA, DISTRITO DE ACORA - PUNO - PUNO;MUNICIPALIDAD DISTRITAL DE ACORA;PUNO;PUNO;ACORA;5369;9562426;Transferencia;Indirecta;OBRA;Concluido;;;;;;;;;
1590;PE;13065;PNSU;61253;2066017;CONSTRUCCION, INSTALACION SISTEMA INTEGRAL DE AGUA POTABLE PARA LOS CENTROS POBLADOS Y ANEXOS, DISTRITO DE AMANTANI - PUNO - PUNO;MUNICIPALIDAD DISTRITAL DE AMANTANI;PUNO;PUNO;AMANTANI;4383;1502035;Transferencia;Directa;OBRA;Concluido;;;;;;;;;
1591;PE;13066;PNSU;49890;2051092;CONSTRUCCION SISTEMA DE AGUA POTABLE Y LETRINAS EN EL CENTRO POBLADO DE SORAZA DEL, DISTRITO DE ATUNCOLLA - PUNO - PUNO;MUNICIPALIDAD DISTRITAL DE ATUNCOLLA;PUNO;PUNO;ATUNCOLLA;1492;1208216;Transferencia;Directa;OBRA;Concluido;;;;;;;;;
1592;PE;13067;PNSU;185619;2204402;AMPLIACION Y MEJORAMIENTO DEL SISTEMA DE AGUA Y ALCANTARILLADO DE LA LOCALIDAD DE CHUCUITO, DISTRITO DE CHUCUITO - PUNO - PUNO;MUNICIPALIDAD DISTRITAL DE CHUCUITO;PUNO;PUNO;CHUCUITO;2241;8650470.06;Transferencia;Indirecta;OBRA (SALDO);Concluido;;;;;;;;;
1593;PE;13068;PNSU;104982;2090886;MEJORAMIENTO Y AMPLIACION DEL SISTEMA DE AGUA POTABLE Y ALCANTARILLADO DE LA LOCALIDAD DE MAÑAZO DEL, DISTRITO DE MAÑAZO - PUNO - PUNO;MUNICIPALIDAD DISTRITAL DE MAÑAZO;PUNO;PUNO;MAÑAZO;3312;1693566;Transferencia;Indirecta;OBRA;Concluido;;;;;;;;;
1594;PE;13069;PNSU;21020;2021870;AMPLIACION Y MEJORAMIENTO DEL SISTEMA DE AGUA POTABLE Y ALCANTARILLADO DE LA CIUDAD DE PUNO;EMSAPUNO S.A.;PUNO;PUNO;PUNO;27538;1999807;Transferencia;Directa;OBRA;Concluido;;;;;;;;;
1595;PE;13070;PNSU;24608;2030177;INSTALACION DEL SISTEMA DE ALCANTARILLADO CENTRO POBLADO JALLIHUAYA Y CIUDAD JARDIN;EMSAPUNO S.A.;PUNO;PUNO;PUNO;4000;1920477;Transferencia;Directa;OBRA;Concluido;;;;;;;;;
1596;PE;13071;PNSU;92301;2143884;REHABILITACIÓN DEL SISTEMA DE ABASTECIMIENTO DE AGUA POTABLE, CAPTACIÓN CHIMU DE LA CIUDAD DE PUNO, PROVINCIA DE PUNO - PUNO;EMSAPUNO S.A.;PUNO;PUNO;PUNO;81803;5250373;Transferencia;Directa;OBRA;Concluido;;;;;;;;;
1597;PE;13072;PNSU;165344;2160996;MEJORAMIENTO DEL ABASTECIMIENTO DE AGUA POTABLE DEL CENTRO POBLADO DE JAYLLIHUAYA - DISTRITO DE PUNO, PROVINCIA DE PUNO, DEPARTAMENTO DE PUNO.;EMSAPUNO S.A.;PUNO;PUNO;PUNO;6793;5241867.17;Transferencia;Directa;OBRA;Concluido;;;;;;;;;
1598;PE;13073;PNSU;166105;2160998;AMPLIACION DE REDES DE AGUA POTABLE, INSTALACION DE REDES DE ALCANTARILLADO Y CONEXIONES DOMICILIARIAS EN LA URBANIZACION PORVENIR DEL CENTRO POBLADO DE JAYLLIHUAYA - DISTRITO DE PUNO, PROVINCIA DE PUNO, DEPARTAMENTO DE PUNO;EMSAPUNO S.A.;PUNO;PUNO;PUNO;1790;1872233.38;Transferencia;Directa;OBRA;Concluido;;;;;;;;;
1599;PE;13074;PNSU;165000;2160997;AMPLIACIÓN DE REDES DE AGUA POTABLE, INSTALACIÓN DE REDES DE ALCANTARILLADO Y CONEXIONES DOMICILIARIAS EN LA URBANIZACIÓN MUÑOZ NAJAR DEL CENTRO POBLADO JAYLLIHUAYA - PUNO;EMSAPUNO S.A.;PUNO;PUNO;PUNO;3425;4422992.73;Transferencia;Directa;OBRA;Concluido;;;;;;;;;
1600;PE;13075;PNSU;348590;2311215;AMPLIACION Y CREACIÓN DE LOS SERVICIOS DE AGUA POTABLE Y ALCANTARILLADO SANITARIO EN LAS URBANIZACIONES AZIRUNI III ETAPA (CIUDAD JARDÍN) Y SAN SANTIAGO DEL CENTRO POBLADO DE JAYLLIHUAYA, DISTRITO DE PUNO, PROVINCIA DE PUNO - PUNO;MUNICIPALIDAD PROVINCIAL DE PUNO;PUNO;PUNO;PUNO;1680;4228817.39;Transferencia;Indirecta;OBRA;Concluido;;;;;;;;;
1601;PE;13076;PNSU;358924;2321972;MEJORAMIENTO DEL ABASTECIMIENTO DE AGUA POTABLE EN LOS BARRIOS Y URBANIZACIONES DE LA ZONA NORTE DE LA CIUDAD DE PUNO, DISTRITO DE PUNO, PROVINCIA DE PUNO-PUNO;MUNICIPALIDAD PROVINCIAL DE PUNO;PUNO;PUNO;PUNO;25685;24362583.32;Transferencia;Indirecta;OBRA;Paralizada;;;;;;;;;
1602;PE;13077;PNSU;323637;2279322;CREACION DEL SERVICIO DE AGUA POTABLE Y ALCANTARILLADO EN LA URBANIZACIÓN ROSARIO COÑIRI DEL CENTRO POBLADO JAYLLIHUAYA DEL DISTRITO DE PUNO, PROVINCIA DE PUNO - PUNO;MUNICIPALIDAD PROVINCIAL DE PUNO;PUNO;PUNO;PUNO;1484;5085006.62;Transferencia;Indirecta;OBRA;Concluido;;;;;;;;;
1603;PE;13078;PNSU;20292;2026355;SISTEMA DE DESAGUE LOCALIDAD DE VILQUE;MUNICIPALIDAD DISTRITAL DE VILQUE;PUNO;PUNO;VILQUE;298;687022;Transferencia;Indirecta;OBRA;Concluido;;;;;;;;;
1604;PE;13079;PNSU;176896;2134626;AMPLIACION REHABILITACION SISTEMA AGUA POTABLE Y ALCANTARILLADO LOCALIDAD ANANEA, DISTRITO DE ANANEA - SAN ANTONIO DE PUTINA - PUNO;MUNICIPALIDAD DISTRITAL DE ANANEA;PUNO;SAN ANTONIO DE PUTINA;ANANEA;3500;4139412;Transferencia;Indirecta;OBRA;Concluido;;;;;;;;;
1605;PE;13080;PNSU;16679;2021878;AMPLIACION Y MEJORAMIENTO DEL SISTEMA DE SANEAMIENTO DE LA LOCALIDAD DE PUTINA;MUNICIPALIDAD PROVINCIAL DE SAN ANTONIO DE PUTINA;PUNO;SAN ANTONIO DE PUTINA;PUTINA;17780;8719891;Transferencia;Directa;OBRA;Concluido;;;;;;;;;
1606;PE;13081;PNSU;290429;2202214;MEJORAMIENTO DEL SERVICIO DE ALCANTARILLADO DEL BARRIO UNION MIRAFLORES DE LA CIUDAD DE PUTINA, DISTRITO DE PUTINA, PROVINCIA DE SAN ANTONIO DE PUTINA - PUNO;MUNICIPALIDAD PROVINCIAL DE SAN ANTONIO DE PUTINA;PUNO;SAN ANTONIO DE PUTINA;PUTINA;1941;804385.39;Transferencia;Directa;OBRA;Concluido;;;;;;;;;
1607;PE;13082;PNSU;264154;2237532;AMPLIACION Y MEJORAMIENTO DEL SERVICIO DE SANEAMIENTO BASICO INTEGRAL EN LA LOCALIDAD DE QUILCAPUNCU, DISTRITO DE QUILCAPUNCU - SAN ANTONIO DE PUTINA - PUNO;MUNICIPALIDAD DISTRITAL DE QUILCAPUNCU;PUNO;SAN ANTONIO DE PUTINA;QUILCAPUNCU;3434;10949284.56;Transferencia;Indirecta;OBRA;Concluido;;;;;;;;;
1608;PE;13083;PNSU;75005;2070638;INSTALACION REDES DE AGUA POTABLE, REDES COLECTORAS Y CONEXIONES DOMICILIARIAS EN LA URBANIZACION SANTA ADRIANA II ETAPA ZONA SUR ANEXO VILLA AEROPUERTO DE LA CIUDAD DE JULIACA, PROVINCIA DE SAN ROMAN - PUNO;MUNICIPALIDAD PROVINCIAL DE SAN ROMAN;PUNO;SAN ROMAN;JULIACA;2055;2615436.18;Transferencia;Indirecta;OBRA;Concluido;;;;;;;;;
1609;PE;13084;PNSU;124037;2125025;INSTALACION DE SISTEMA DE AGUA POTABLE EN LA ZONA NOR ESTE DE LA URBANIZACION LOS ROSALES Y SUB DIVISION DE URBANIZACION VILLA SAN JACINTO DE LA CIUDAD DE JULIACA;MUNICIPALIDAD PROVINCIAL DE SAN ROMAN;PUNO;SAN ROMAN;JULIACA;1135;502864.85;Transferencia;Indirecta;OBRA;Concluido;;;;;;;;;
1610;PE;13085;PNSU;126736;2125187;INSTALACION DEL SISTEMA DE AGUA POTABLE Y ALCANTARILLADO EN LA URBANIZACION ANEXO VILLA SAN JACINTO DE LA CIUDAD DE JULIACA;MUNICIPALIDAD PROVINCIAL DE SAN ROMAN;PUNO;SAN ROMAN;JULIACA;435;686909.14;Transferencia;Indirecta;OBRA;Concluido;;;;;;;;;
1611;PE;13086;PNSU;24322;2030174;INSTALACION DE REDES COLECTORAS DE ALCANTARILLADO EN LA URBANIZACION AMPLIACION SAN SANTIAGO DE LA CIUDAD DE JULIACA;ENTIDAD PRESTADORA DE SERVICIOS DE SANEAMIENTO DE JULIACA S.A.;PUNO;SAN ROMAN;JULIACA;1140;733505;Transferencia;Directa;OBRA;Concluido;;;;;;;;;
1612;PE;13087;PNSU;8447;2021043;CONSTRUCCION DEL SISTEMA DE AGUA POTABLE Y ALCANTARILLADO DE LA LOCALIDAD DE CABANA;MUNICIPALIDAD PROVINCIAL DE SAN ROMAN;PUNO;SAN ROMAN;JULIACA;990;1485938;Transferencia;Directa;OBRA;Concluido;;;;;;;;;
1613;PE;13088;PNSU;58659;2052046;INSTALACION DE REDES COLECTORAS DE ALCANTARILLADO EN LAS URBANIZACIONES LOS ROSALES Y VILLA SAN JACINTO DE LA CIUDAD DE JULIACA, PROVINCIA DE SAN ROMAN - PUNO;ENTIDAD PRESTADORA DE SERVICIOS DE SANEAMIENTO DE JULIACA S.A.;PUNO;SAN ROMAN;JULIACA;1317;852982;Transferencia;Directa;OBRA;Concluido;;;;;;;;;
1614;PE;13089;PNSU;58710;2052045;INSTALACION DE REDES COLECTORAS DE ALCANTARILLADO EN LA URBANIZACION AEROPUERTO I ETAPA DE LA CIUDAD DE JULIACA, PROVINCIA DE SAN ROMAN - PUNO;ENTIDAD PRESTADORA DE SERVICIOS DE SANEAMIENTO DE JULIACA S.A.;PUNO;SAN ROMAN;JULIACA;1853;564739;Transferencia;Directa;OBRA;Concluido;;;;;;;;;
1615;PE;13090;PNSU;59200;2052060;INSTALACION DE REDES DE AGUA POTABLE, REDES COLECTORAS REDES SECUNDARIAS Y CONEXIONES DOMICILIARIAS DE LAS URBANIZACIONES SILLUSTANI Y SANTA FLORA DE LA CIUDAD DE JULIACA, PROVINCIA DE SAN ROMAN - PUNO;ENTIDAD PRESTADORA DE SERVICIOS DE SANEAMIENTO DE JULIACA S.A.;PUNO;SAN ROMAN;JULIACA;2060;1495605;Transferencia;Directa;OBRA;Concluido;;;;;;;;;
1616;PE;13091;PNSU;64125;2057312;AMPLIACION RED DE ALCANTARILLADO DE LOS TRAMOS PRINCIPAL (JR. HUAYNA ROQUE A JR. MARIANO NUÑEZ), CABANA Y RAUL PORRAS, ADYACENTE AL CONDUCTO DE EVACUACION DEL RIO TOROCOCHA, EN LA CIUDAD DE JULIACA, PROVINCIA DE SAN ROMAN - PUNO;ENTIDAD PRESTADORA DE SERVICIOS DE SANEAMIENTO DE JULIACA S.A.;PUNO;SAN ROMAN;JULIACA;2985;1291298;Transferencia;Directa;OBRA;Concluido;;;;;;;;;
1617;PE;13092;PNSU;104277;2100309;CONSTRUCCION SISTEMA DE AGUA POTABLE PAMPA YANAMAYO, DISTRITO DE ALTO INAMBARI - SANDIA - PUNO;MUNICIPALIDAD DISTRITAL DE ALTO INAMBARI;PUNO;SANDIA;ALTO INAMBARI;800;254354.84;Transferencia;Directa;OBRA;Concluido;;;;;;;;;
1618;PE;13093;PNSU;175994;2136161;AMPLIACION Y REHABILITACION DE LOS SISTEMAS DE AGUA POTABLE, REDES DE DESAGUE Y TRATAMIENTO DE AGUAS RESIDUALES DE LA LOCALIDAD DE MASSIAPO, DISTRITO DE ALTO INAMBARI - SANDIA - PUNO;MUNICIPALIDAD DISTRITAL DE ALTO INAMBARI;PUNO;SANDIA;ALTO INAMBARI;2225;1716030.73;Transferencia;Directa;OBRA;Concluido;;;;;;;;;
1619;PE;13094;PNSU;107414;2104234;MEJORAMIENTO DEL SISTEMA DE AGUA POTABLE Y DESAGUE EN LA LOCALIDAD DE PATAMBUCO Y LAS COMUNIDADES CAMPESINAS DE SANTA CRUZ DE PUNA AYLLU Y CHAUPI AYLLU CENTRAL, DISTRITO DE PATAMBUCO - SANDIA - PUNO;MUNICIPALIDAD DISTRITAL DE PATAMBUCO;PUNO;SANDIA;PATAMBUCO;1451;4439534.37;Transferencia;Directa;OBRA;Concluido;;;;;;;;;
1620;PE;13095;PNSU;48502;2054942;REHABILITACION Y MEJORAMIENTO DE SISTEMA DE AGUA POTABLE, REDES DE DESAGUE Y PLANTA DE TRATAMIENTO LOCALIDAD PHARA, DISTRITO DE PHARA - SANDIA - PUNO;MUNICIPALIDAD DISTRITAL DE PHARA;PUNO;SANDIA;PHARA;2355;1992764;Transferencia;Directa;OBRA;Concluido;;;;;;;;;
1621;PE;13096;PNSU;167341;2142657;MEJORAMIENTO E INSTALACION DEL SISTEMA DE AGUA POTABLE Y ALCANTARILLADO DEL CENTRO POBLADO DE UNTUCA, DISTRITO DE QUIACA, PROVINCIA DE SANDIA - PUNO;MUNICIPALIDAD DISTRITAL DE QUIACA;PUNO;SANDIA;QUIACA;1216;2206617.19;Transferencia;Indirecta;OBRA;Concluido;;;;;;;;;
1622;PE;13097;PNSU;206461;2165097;AMPLIACION Y MEJORAMIENTO DE LOS SERVICIOS DE AGUA POTABLE, ALCANTARILLADO Y CONSTRUCCION DE PLANTA DE TRATAMIENTO DE AGUAS RESIDUALES EN LA LOCALIDAD DE SAN JUAN DEL ORO DEL, DISTRITO DE SAN JUAN DEL ORO - SANDIA - PUNO;MUNICIPALIDAD DISTRITAL DE SAN JUAN DEL ORO;PUNO;SANDIA;SAN JUAN DEL ORO;2624;6613812;Transferencia;Directa;OBRA;Concluido;;;;;;;;;
1623;PE;13098;PNSU;53349;2054306;MEJORAMIENTO Y AMPLIACION DEL SISTEMA DE AGUA POTABLE E INSTALACION DE REDES DE DESAGUE Y PLANTA DE TRATAMIENTO PUEBLO DE SAN JUAN DEL ORO, DISTRITO DE SAN JUAN DEL ORO - SANDIA - PUNO;MUNICIPALIDAD DISTRITAL DE SAN JUAN DEL ORO;PUNO;SANDIA;SAN JUAN DEL ORO;1755;1960838;Transferencia;Directa;OBRA;Convenio Resuelto;;;;;;;;;
1624;PE;13099;PNSU;351706;2314109;MEJORAMIENTO Y AMPLIACION DEL SERVICIO DE AGUA POTABLE , ALCATARILLADO Y  TRATAMIENTO DE AGUAS RESIDUALES EN LA CAPITAL DEL, DISTRITO DE SAN JUAN DEL ORO - SANDIA - PUNO;MUNICIPALIDAD DISTRITAL DE SAN JUAN DEL ORO;PUNO;SANDIA;SAN JUAN DEL ORO;2820;5433940.28;Transferencia;Indirecta;OBRA;Concluido;;;;;;;;;
1625;PE;13100;PNSU;66962;2067809;CONSTRUCCION DEL SISTEMA DE AGUA POTABLE Y ALCANTARILLADO EN LOS SECTORES DE SAN PEDRO DE PUTINA PUNCO, PROVINCIA DE SANDIA - PUNO;MUNICIPALIDAD DISTRITAL DE SAN PEDRO DE PUTINA PUNCO;PUNO;SANDIA;SAN PEDRO DE PUTINA PUNCO;2813;2273274;Transferencia;Indirecta;OBRA;Concluido;;;;;;;;;
1626;PE;13101;PNSU;201752;2215805;MEJORAMIENTO Y AMPLIACION DEL SISTEMA DE AGUA POTABLE Y ALCANTARILLADO DE LA LOCALIDAD DE PUTINA PUNCO, DISTRITO DE SAN PEDRO DE PUTINA PUNCU - SANDIA - PUNO;MUNICIPALIDAD DISTRITAL DE SAN PEDRO DE PUTINA PUNCO;PUNO;SANDIA;SAN PEDRO DE PUTINA PUNCO;2656;8157034;Transferencia;Indirecta;OBRA;Concluido;;;;;;;;;
1627;PE;13102;PNSU;53844;2065269;MEJORAMIENTO Y REHABILITACION DEL SISTEMA DE AGUA POTABLE Y ALCANTARILLADO DE LA LOCALIDAD DE SANDIA, PROVINCIA DE SANDIA - PUNO;MUNICIPALIDAD PROVINCIAL DE SANDIA;PUNO;SANDIA;SANDIA;4975;8343957;Transferencia;Indirecta;EXPEDIENTE TECNICO;Concluido;;;;;;;;;
1628;PE;13103;PNSU;177094;2143120;MEJORAMIENTO Y REHABILITACION DEL SISTEMA DE AGUA POTABLE Y ALCANTARILLADO DE LA LOCALIDAD DE, PROVINCIA DE SANDIA - PUNO;MUNICIPALIDAD PROVINCIAL DE SANDIA;PUNO;SANDIA;SANDIA;4975;10319727.77;Transferencia;Directa;OBRA (SALDO);Concluido;;;;;;;;;
1629;PE;13104;PNSU;191495;2148807;MEJORAMIENTO Y AMPLIACION DE LA GESTION INTEGRAL DE LOS RESIDUOS SOLIDOS EN LA CIUDAD DE OLLARAYA, DISTRITO DE OLLARAYA, PROVINCIA DE YUNGUYO - PUNO;MUNICIPALIDAD DISTRITAL DE OLLARAYA;PUNO;YUNGUYO;OLLARAYA;431;1635284.04;Transferencia;Indirecta;OBRA;Concluido;;;;;;;;;
1630;PE;13105;PNSU;79013;2072120;MEJORAMIENTO DEL SISTEMA DE AGUA POTABLE UNICACHI, DISTRITO DE UNICACHI - YUNGUYO - PUNO;MUNICIPALIDAD DISTRITAL DE UNICACHI;PUNO;YUNGUYO;UNICACHI;5827;2537398;Transferencia;Indirecta;OBRA;Concluido;;;;;;;;;
1631;PE;13106;PNSU;176295;2136112;AMPLIACION Y MEJORAMIENTO DEL SISTEMA DE AGUA POTABLE Y LETRINAS EN EL CENTRO POBLADO CHINUMANI COPAPUJO, DISTRITO DE YUNGUYO, PROVINCIA DE YUNGUYO - PUNO;MUNICIPALIDAD PROVINCIAL DE YUNGUYO;PUNO;YUNGUYO;YUNGUYO;2515;2950136.41;Transferencia;Indirecta;OBRA;Concluido;;;;;;;;;
1632;PE;13107;PNSU;9846;2019248;AMPLIACIÓN Y MEJORAMIENTO DEL SISTEMA DE AGUA POTABLE Y SANEAMIENTO EN LA LOCALIDAD DE YUNGUYO;MUNICIPALIDAD PROVINCIAL DE YUNGUYO;PUNO;YUNGUYO;YUNGUYO;0;34847849.93;Transferencia;Indirecta;OBRA (SALDO);Concluido;;;;;;;;;
1633;PE;13108;PNSU;29184;2030544;INSTALACION DE UN SISTEMA DE ALCANTARILLADO PARA LAS LOCALIDADES DE EL PORVENIR Y LIMON;GOBIERNO REGIONAL SAN MARTIN;SAN MARTIN;BELLAVISTA;BELLAVISTA;3183;2017449.99;Transferencia;Indirecta;OBRA;Concluido;;;;;;;;;
1634;PE;13109;PNSU;7331;2018570;MEJORAMIENTO DEL SISTEMA DE AGUA POTABLE DE LA CIUDAD DE BELLAVISTA;GOBIERNO REGIONAL DE SAN MARTIN;SAN MARTIN;BELLAVISTA;BELLAVISTA;19943;1279390;Transferencia;Directa;OBRA;Concluido;;;;;;;;;
1635;PE;13110;PNSU;82929;2088916;INSTALACION DE MICROMEDIDORES EN PRIMER PISO DE LA LOCALIDAD DE BELLAVISTA - PROVINCIA DE BELLAVISTA - DEPARTAMENTO DE SAN MARTIN;EMPRESA MUNICIPAL DE SERVICIO DE AGUA POTABLE Y ALCANTARILLADO DE SAN MARTIN S.A.;SAN MARTIN;BELLAVISTA;BELLAVISTA;5387;299712;Transferencia;Directa;OBRA;Concluido;;;;;;;;;
1636;PE;13111;PNSU;2482052;2482052;MEJORAMIENTO Y AMPLIACION DEL SISTEMA DE DRENAJE PLUVIAL DE LA ZONA URBANA DE LA LOCALIDAD DE LEDOY DEL DISTRITO DE HUALLAGA - PROVINCIA DE BELLAVISTA - DEPARTAMENTO DE SAN MARTIN;MUNICIPALIDAD DISTRITAL DE HUALLAGA;SAN MARTIN;BELLAVISTA;HUALLAGA;1031;15016737.66;Transferencia;Indirecta;OBRA;Concluido;;;;;;;;;
1637;PE;13112;PNSU;10519;2078297;INSTALACION DEL SISTEMA DE ALCANTARILLADOEN LA LOCALIDAD DE CONSUELO;GOBIERNO REGIONAL SAN MARTIN;SAN MARTIN;BELLAVISTA;SAN PABLO;5465;1847577;Transferencia;Directa;OBRA;Concluido;;;;;;;;;
1638;PE;13113;PNSU;2458572;2458572;CREACION DEL SISTEMA DE DRENAJE PLUVIAL DE LA LOCALIDAD DE SAN RAFAEL DEL DISTRITO DE SAN RAFAEL - PROVINCIA DE BELLAVISTA - DEPARTAMENTO DE SAN MARTIN;MUNICIPALIDAD DISTRITAL DE SAN RAFAEL;SAN MARTIN;BELLAVISTA;SAN RAFAEL;6033;9110704;Transferencia;Indirecta;OBRA;Concluido;;;;;;;;;
1639;PE;13114;PNSU;348158;2310668;INSTALACION DE REDES DE ALCANTARILLADO SANITARIO EN EL BARRIO SAN JUAN, EN EL DISTRITO DE SAN JOSE DE SISA, PROVINCIA DE EL DORADO - SAN MARTIN;MUNICIPALIDAD PROVINCIAL DE EL DORADO;SAN MARTIN;EL DORADO;SAN JOSE DE SISA;543;2964589.97;Transferencia;Indirecta;OBRA;Concluido;;;;;;;;;
1640;PE;13115;PNSU;372924;2333698;MEJORAMIENTO DEL SISTEMA DE AGUA POTABLE E INSTALACIÓN DEL SISTEMA DE ALCANTARILLADO SANITARIO EN EL CASERÍO TANGARANA, PROVINCIA DE EL DORADO - SAN MARTIN;MUNICIPALIDAD PROVINCIAL DE EL DORADO;SAN MARTIN;EL DORADO;SAN JOSE DE SISA;1864;2639670.5;Transferencia;Indirecta;OBRA;Concluido;;;;;;;;;
1641;PE;13116;PNSU;2430111;2430111;MEJORAMIENTO DEL DRENAJE PLUVIAL DEL JR. JESUS MORI LOPEZ C-02, C-03, C-04 Y C-05, JR. ENRIQUE MORI C-1 Y C-2, JR. SAN JOSE C-1, JR. EL DORADO C-1, JR. PERU C-2 EN EL CASERIO 20 DE MAYO DEL DISTRITO DE SAN JOSE DE SISA - PROVINCIA DE EL DORADO - DEPARTAMENTO DE SAN MARTIN;MUNICIPALIDAD PROVINCIAL DE EL DORADO;SAN MARTIN;EL DORADO;SAN JOSE DE SISA;250;1879068.87;Transferencia;Indirecta;OBRA;Concluido;;;;;;;;;
1642;PE;13117;PNSU;2349174;2349174;MEJORAMIENTO Y AMPLIACION DEL SERVICIO DE AGUA POTABLE Y SANEAMIENTO BASICO EN EL CENTRO POBLADO DE SAN ISIDRO - DISTRITO DE SAN JOSE DE SISA - PROVINCIA DE EL DORADO - REGIÓN SAN MARTIN;REGION SAN MARTIN-SEDE CENTRAL;SAN MARTIN;EL DORADO;SAN JOSE DE SISA;542;3851899.15;Transferencia;Indirecta;OBRA;Concluido;;;;;;;;;
1643;PE;13118;PNSU;2500953;2500953;MEJORAMIENTO DEL SISTEMA DE DRENAJE PLUVIAL DEL JR. ENRIQUE LÓPEZ C-03, C-04, JR. RAMÓN CASTILLA C-01, C-02, JR. RICARDO PALMA C-01, C-02, AV 20 DE MAYO C-04, C-05, C-06, JR. ADELINA RAMÍREZ C-01, PSJ SIN NOMBRE C-01, JR LOS JARDINES C-01, JESÚS MORÍ C-01, EN EL CASERIO 20 DE MAYO DEL DISTRITO DE SAN JOSE DE SISA - PROVINCIA DE EL DORADO - DEPARTAMENTO DE SAN MARTIN;MUNICIPALIDAD PROVINCIAL DE EL DORADO;SAN MARTIN;EL DORADO;SAN JOSE DE SISA;3885;4849356.5;Transferencia;Indirecta;OBRA;Concluido;;;;;;;;;
1644;PE;13119;PNSU;296448;2245138;AMPLIACION Y MEJORAMIENTO DEL SISTEMA DE AGUA POTABLE Y DESAGUE DE LA LOCALIDAD DE PASARRAYA, DEL DISTRITO DE ALTO SAPOSOA, PROVINCIA DE HUALLAGA - SAN MARTIN;MUNICIPALIDAD DISTRITAL DE ALTO SAPOSOA;SAN MARTIN;HUALLAGA;ALTO SAPOSOA;2100;7590471.16;Transferencia;Indirecta;OBRA;Concluido;;;;;;;;;
1645;PE;13120;PNSU;2518054;2518054;CREACION DEL SISTEMA DE DRENAJE PLUVIAL DE LA LOCALIDAD DE PASARRAYA DEL DISTRITO DE ALTO SAPOSOA - PROVINCIA DE HUALLAGA - DEPARTAMENTO DE SAN MARTIN;MUNICIPALIDAD DISTRITAL DE ALTO SAPOSOA;SAN MARTIN;HUALLAGA;ALTO SAPOSOA;171808;11538074.21;Transferencia;Indirecta;OBRA;Concluido;;;;;;;;;
1646;PE;13121;PNSU;9326;2022172;INSTALACION DEL SISTEMA DE ALCANTARILLADO EN LA LOCALIDAD DE PISCOYACU;GOBIERNO REGIONAL SAN MARTIN;SAN MARTIN;HUALLAGA;PISCOYACU;2860;1346015.94;Transferencia;Indirecta;OBRA;Concluido;;;;;;;;;
1647;PE;13122;PNSU;2489889;2489889;"MEJORAMIENTO DEL SISTEMA DE DRENAJE PLUVIAL URBANO DE LOS JR. GARCILASO DE LA VEGA C2 – C7; JR. LIMA C6-C8; JR. 28 DE JULIO C1, C7-C9; JR. PROGRESO C1, C8-C10; JR. MALECÓN C1, C7-C9; JR. IQUITOS C1, C2; JR. ANTONIO BARDALES C1-C3; JR. SAPOSOA C6, JR. LA UNIÓN C5, C6; JR. MIGUEL GRAU C5; JR. 2 DE MAYO C1-C5; JR. AYACUCHO C1-C5; JR. ROBERTO LÓPEZ C1-C3; JR. ALCIDES RUIZ CDRA. C1-C3; EN LA LOCALIDAD DE PISCOYACU DEL DISTRITO DE PISCOYACU - PROVINCIA DE HUALLAGA - DEPARTAMENTO DE SAN MARTIN";MUNICIPALIDAD DISTRITAL DE PISCOYACU;SAN MARTIN;HUALLAGA;PISCOYACU;2734;10658808.54;Transferencia;Indirecta;OBRA;Concluido;;;;;;;;;
1648;PE;13123;PNSU;9442;2022125;INSTALACION DEL SISTEMA DE ALCANTARILLADO EN LA LOCALIDAD DE SACANCHE;GOBIERNO REGIONAL SAN MARTIN;SAN MARTIN;HUALLAGA;SACANCHE;3337;2148728;Transferencia;Directa;OBRA;Concluido;;;;;;;;;
1649;PE;13124;PNSU;331657;2290108;MEJORAMIENTO Y AMPLIACION DEL SISTEMA DE ALCANTARILLADO, EN LA COMUNIDAD DE SAN JUAN, DISTRITO DE SACANCHE - HUALLAGA - SAN MARTIN;MUNICIPALIDAD DISTRITAL DE SACANCHE;SAN MARTIN;HUALLAGA;SACANCHE;228;1430702.17;Transferencia;Indirecta;OBRA;Convenio Resuelto;;;;;;;;;
1650;PE;13125;PNSU;2544074;2544074;CREACION DEL SISTEMA DE DRENAJE PLUVIAL DE LA LOCALIDAD DE SANTIAGO DE BORJA DEL DISTRITO DE BARRANQUITA - PROVINCIA DE LAMAS - DEPARTAMENTO DE SAN MARTIN;MUNICIPALIDAD DISTRITAL DE BARRANQUITA;SAN MARTIN;LAMAS;BARRANQUITA;1131;16587225.96;Transferencia;Indirecta;OBRA;Concluido;;;;;;;;;
1651;PE;13126;PNSU;196823;2215752;MEJORAMIENTO Y AMPLIACION DEL SISTEMA DE AGUA POTABLE E INSTALACION DEL SISTEMA DE ALCANTARILLADO DE LA LOCALIDAD DEL PONGO DE  CAYNARACHI, DISTRITO DE CAYNARACHI - LAMAS - SAN MARTIN;MUNICIPALIDAD DISTRITAL DE CAYNARACHI;SAN MARTIN;LAMAS;CAYNARACHI;2120;11582587.05;Transferencia;Indirecta;OBRA;Concluido;;;;;;;;;
1652;PE;13127;PNSU;117321;2104214;MEJORAMIENTO DEL SISTEMA DE AGUA POTABLE Y ALCANTARILLADO EN EL DISTRITO DE CUÑUMBUQUI, PROVINCIA DE LAMAS - SAN MARTIN;MUNICIPALIDAD DISTRITAL DE CUÑUMBUQUI;SAN MARTIN;LAMAS;CUÑUMBUQUI;4754;2596722.2;Transferencia;Directa;OBRA;Concluido;;;;;;;;;
1653;PE;13128;PNSU;5762;2229528;INSTALACION DE UN SISTEMA DE ALCANTARILLADO EN EL CPM DE PAMASHTO-LAMAS;MUNICIPALIDAD PROVINCIAL DE LAMAS;SAN MARTIN;LAMAS;LAMAS;0;827855;Transferencia;Indirecta;OBRA;Concluido;;;;;;;;;
1654;PE;13129;PNSU;34548;2031691;MEJORAMIENTO Y AMPLIACION DEL SISTEMA DE ALCANTARILLADO EN LA LOCALIDAD DE LAMAS DISTRITO DE LAMAS, PROVINCIA DE LAMAS - SAN MARTIN;MUNICIPALIDAD PROVINCIAL DE LAMAS;SAN MARTIN;LAMAS;LAMAS;11436;40035917.44;Transferencia;Indirecta;OBRA;En Ejecución;;;;;;;;;
1655;PE;13130;PNSU;12569;2055095;INSTALACION DEL SISTEMA DE ALCANTARILLADO EN LA LOCALIDAD DE PINTO RECODO;GOBIERNO REGIONAL SAN MARTIN;SAN MARTIN;LAMAS;PINTO RECODO;2644;1559176;Transferencia;Indirecta;OBRA;Concluido;;;;;;;;;
1656;PE;13131;PNSU;185087;2148936;MEJORAMIENTO DEL SISTEMA DE ABASTECIMIENTO DE AGUA Y CONSTRUCCIÓN E INSTALACIÓN DEL SISTEMA DE DESAGÜE EN EL CENTRO POBLADO LA LIBERTAD, DISTRITO DE PINTO RECODO - LAMAS - SAN MARTIN;MUNICIPALIDAD DISTRITAL DE PINTO RECODO;SAN MARTIN;LAMAS;PINTO RECODO;1460;2867093.48;Transferencia;Indirecta;OBRA;Concluido;;;;;;;;;
1657;PE;13132;PNSU;69939;2068853;MEJORAMIENTO DEL SISTEMA DE AGUA POTABLE E INSTALACION DEL SISTEMA DE SANEAMIENTO EN EL C.P. BETANIA Y CASERIO PINTOYACU DITRITO DE PINTO RECODO, DISTRITO DE TABALOSOS - LAMAS - SAN MARTIN;MUNICIPALIDAD PROVINCIAL DE LAMAS;SAN MARTIN;LAMAS;PINTO RECODO;2291;6433265.02;Transferencia;Indirecta;OBRA (SALDO);Concluido;;;;;;;;;
1658;PE;13133;PNSU;5806;2031492;INSTALACION DE UN SISTEMA DE ALCANTARILLADO EN LA LOCALIDAD DE RUMISAPA;GOBIERNO REGIONAL SAN MARTIN;SAN MARTIN;LAMAS;RUMISAPA;0;785962;Transferencia;Directa;OBRA;Concluido;;;;;;;;;
1659;PE;13134;PNSU;2452531;2452531;CREACION DEL SISTEMA DE DRENAJE PLUVIAL DE LA LOCALIDAD DE MACEDO DEL DISTRITO DE RUMISAPA - PROVINCIA DE LAMAS - DEPARTAMENTO DE SAN MARTIN;MUNICIPALIDAD DISTRITAL DE RUMISAPA;SAN MARTIN;LAMAS;RUMISAPA;639;13389533.89;Transferencia;Indirecta;OBRA;Concluido;;;;;;;;;
1660;PE;13135;PNSU;2622281;2622281;MEJORAMIENTO DEL SERVICIO DE DRENAJE PLUVIAL EN LA LOCALIDAD DE CHURUZAPA   DISTRITO DE RUMISAPA DE LA PROVINCIA DE LAMAS DEL DEPARTAMENTO DE SAN MARTIN;MUNICIPALIDAD DISTRITAL DE RUMISAPA;SAN MARTIN;LAMAS;RUMISAPA;650;5561835.17;Transferencia;Indirecta;OBRA;En Ejecución;;;;;;;;;
1661;PE;13136;PNSU;50476;2056397;MEJORAMIENTO Y AMPLIACION DEL SISTEMA DE AGUA POTABLE Y SANEAMIENTO DE TABALOSOS , DISTRITO DE TABALOSOS - LAMAS - SAN MARTIN;MUNICIPALIDAD DISTRITAL DE TABALOSOS;SAN MARTIN;LAMAS;TABALOSOS;13701;9989336;Transferencia;Indirecta;OBRA;Concluido;;;;;;;;;
1662;PE;13137;PNSU;78448;2071899;INSTALACION DEL SISTEMA DE ALCANTARILLADO EN LA LOCALIDAD DE SANMIGUEL DEL RIO MAYO, DISTRITO DE TABALOSOS - LAMAS - SAN MARTIN;MUNICIPALIDAD PROVINCIAL DE LAMAS;SAN MARTIN;LAMAS;TABALOSOS;1820;2469043.4;Transferencia;Directa;OBRA;Concluido;;;;;;;;;
1663;PE;13138;PNSU;264118;2182521;MEJORAMIENTO DEL SISTEMA DE ABASTECIMIENTO DE AGUA POTABLE DE LA LOCALIDAD DE SAN MIGUEL DEL RIO MAYO, DISTRITO DE TABALOSOS - LAMAS - SAN MARTIN;MUNICIPALIDAD DISTRITAL DE TABALOSOS;SAN MARTIN;LAMAS;TABALOSOS;2240;4586524.64;Transferencia;Indirecta;OBRA;Concluido;;;;;;;;;
1664;PE;13139;PNSU;2446692;2446692;CREACION DEL SISTEMA DE DRENAJE PLUVIAL EN EL CENTRO POBLADO HUNGURAHUI PAMPA, DEL  DISTRITO DE TABALOSOS - PROVINCIA DE LAMAS - DEPARTAMENTO DE SAN MARTIN;MUNICIPALIDAD DISTRITAL DE TABALOSOS;SAN MARTIN;LAMAS;TABALOSOS;562;9891960.62;Transferencia;Indirecta;OBRA;Concluido;;;;;;;;;
1665;PE;13140;PNSU;2448325;2448325;CREACION DEL SISTEMA DE DRENAJE PLUVIAL DE LA LOCALIDAD DE SAN MIGUEL DEL RIO MAYO,  DISTRITO DE TABALOSOS - PROVINCIA DE LAMAS - DEPARTAMENTO DE SAN MARTIN;MUNICIPALIDAD DISTRITAL DE TABALOSOS;SAN MARTIN;LAMAS;TABALOSOS;1500;16502602.33;Transferencia;Indirecta;OBRA;Concluido;;;;;;;;;
1666;PE;13141;PNSU;2592913;2592913;CREACION DEL SERVICIO DE DRENAJE PLUVIAL EN LA LOCALIDAD DE ESTANCIA   DISTRITO DE TABALOSOS DE LA PROVINCIA DE LAMAS DEL DEPARTAMENTO DE SAN MARTIN;MUNICIPALIDAD DISTRITAL DE TABALOSOS;SAN MARTIN;LAMAS;TABALOSOS;114;7397447.32;Transferencia;Indirecta;OBRA;Concluido;;;;;;;;;
1667;PE;13142;PNSU;2459736;2459736;CREACION DEL SISTEMA DE DRENAJE PLUVIAL DE LA LOCALIDAD DE HUIMBA MUYUNA DEL DISTRITO DE ZAPATERO - PROVINCIA DE LAMAS - DEPARTAMENTO DE SAN MARTIN;MUNICIPALIDAD DISTRITAL DE ZAPATERO;SAN MARTIN;LAMAS;ZAPATERO;84;5002319.22;Transferencia;Indirecta;OBRA;Concluido;;;;;;;;;
1668;PE;13143;PNSU;268848;2238574;MEJORAMIENTO DEL SISTEMA DE AGUA POTABLE E INSTALACION DEL SISTEMA DE ALCANTARILLADO Y TRATAMIENTO DE AGUAS RESIDUALES EN LA LOCALIDAD DE CAMPANILLA, DISTRITO DE CAMPANILLA - MARISCAL CACERES - SAN MARTIN;MUNICIPALIDAD DISTRITAL DE CAMPANILLA;SAN MARTIN;MARISCAL CACERES;CAMPANILLA;3939;24206627.35;Transferencia;Indirecta;OBRA (SALDO);Actos Previos;;;;;;;;;
1669;PE;13144;PNSU;75430;2070789;MEJORAMIENTO DEL SISTEMA DE AGUA POTABLE E INSTALACION DEL SISTEMA DE SANEAMIENTO EN LA LOCALIDAD DE PAJARILLO, DISTRITO DE PAJARILLO - MARISCAL CACERES - SAN MARTIN;MUNICIPALIDAD DISTRITAL DE PAJARILLO;SAN MARTIN;MARISCAL CACERES;PAJARILLO;1467;5905959.3;Transferencia;Indirecta;OBRA;Concluido;;;;;;;;;
1670;PE;13145;PNSU;82348;2073342;INSTALACION DEL SISTEMA DE AGUA Y SANEAMIENTO MULTICOMUNAL EN LAS LOCALIDADES BAJO JUÑAO, DOS UNIDOS, RETAMA, HUACAMAYO Y COSTA RICA, DISTRITO DE PAJARILLO - MARISCAL CACERES - SAN MARTIN;MUNICIPALIDAD DISTRITAL DE PAJARILLO;SAN MARTIN;MARISCAL CACERES;PAJARILLO;2076;6827123.37;Transferencia;Indirecta;OBRA;Concluido;;;;;;;;;
1671;PE;13146;PNSU;11956;2022436;INSTALACION DEL SISTEMA DE ALCANTARILLADO EN LA LOCALIDAD DE CALZADA;GOBIERNO REGIONAL SAN MARTIN;SAN MARTIN;MOYOBAMBA;CALZADA;2817;4025563;Transferencia;Indirecta;EXPEDIENTE TECNICO;Concluido;;;;;;;;;
1672;PE;13147;PNSU;48641;2043865;MEJORAMIENTO AMPLIACION DEL SISTEMA DE ABASTECIMIENTO DE AGUA POTABLE EN LA LOCALIDAD DE CALZADA, DISTRITO DE CALZADA-MOYOBAMBA-SAN MARTIN;MUNICIPALIDAD DISTRITAL DE DE CALZADA;SAN MARTIN;MOYOBAMBA;CALZADA;5984;2640997;Transferencia;Indirecta;OBRA;Concluido;;;;;;;;;
1673;PE;13148;PNSU;178039;2145147;MEJORAMIENTO Y AMPLIACION DEL SISTEMA DE AGUA POTABLE DE LAS LOCALIDADES DE HABANA, SAN JOSE, SANTO DOMINGO, TINGANA, CALORA Y SHICA EN EL DISTRITO DE HABANA, PROVINCIA DE MOYOBAMBA - SAN MARTIN;MUNICIPALIDAD DISTRITAL DE HABANA;SAN MARTIN;MOYOBAMBA;HABANA;1892;4979011.91;Transferencia;Indirecta;OBRA;Concluido;;;;;;;;;
1674;PE;13149;PNSU;319432;2270494;MEJORAMIENTO Y AMPLIACION DEL SISTEMA DE AGUA POTABLE,  CONSTRUCCIÓN DEL SISTEMA DE ALCANTARILLADO, CONEXIONES DOMICILIARIAS DE DESAGÜE Y TRATAMIENTO DE AGUAS RESIDUALES, EN LA LOCALIDAD DE HABANA, DISTRITO DE HABANA - MOYOBAMBA - SAN MARTIN;MUNICIPALIDAD DISTRITAL DE HABANA;SAN MARTIN;MOYOBAMBA;HABANA;2021;7294611.61;Transferencia;Indirecta;OBRA;Concluido;;;;;;;;;
1675;PE;13150;PNSU;29738;2030756;MEJORAMIENTO DEL SISTEMA DE AGUA POTABLE E INSTALACION DEL SISTEMA DE ALCANTARILLADO EN LA LOCALIDAD DE JEPELACIO;GOBIERNO REGIONAL SAN MARTIN;SAN MARTIN;MOYOBAMBA;JEPELACIO;3172;13658899.3;Transferencia;Indirecta;OBRA;Concluido;;;;;;;;;
1676;PE;13151;PNSU;55681;2065387;MEJORAMIENTO DEL SISTEMA DE AGUA POTABLE E INSTALACION DEL SISTEMA DE ALCANTARILLADO EN LA LOCALIDAD DE SHUCSHUYACU - JEPELACIO, PROVINCIA DE MOYOBAMBA - SAN MARTIN;MUNICIPALIDAD DISTRITAL DE JEPELACIO;SAN MARTIN;MOYOBAMBA;JEPELACIO;2320;4648196.71;Transferencia;Indirecta;OBRA;Concluido;;;;;;;;;
1677;PE;13152;PNSU;17843;2021140;INSTALACION DEL SISTEMA DE AGUA POTABLE EN LAS LOCALIDADES DE RAFAEL BELAUNDE, JOSE OLAYA, COCAMILLA, SAN PEDRO Y ATUMPLAYA - DISTRITO Y PROVINCIA DE MOYOBAMBA;MUNICIPALIDAD PROVINCIAL DE MOYOBAMBA;SAN MARTIN;MOYOBAMBA;MOYOBAMBA;6279;1638026;Transferencia;Indirecta;OBRA;Concluido;;;;;;;;;
1678;PE;13153;PNSU;34789;2085596;MEJORAMIENTO Y AMPLIACION DEL SISTEMA DE AGUA POTABLE DE LA LOCALIDAD DE MOYOBAMBA;ENTIDAD PRESTADORA DE SERVICIOS DE SANEAMIENTO DE MOYOBAMBA S.R.LTDA.;SAN MARTIN;MOYOBAMBA;MOYOBAMBA;49270;9748930.99;Transferencia;Indirecta;OBRA;Concluido;;;;;;;;;
1679;PE;13154;PNSU;112136;2132673;AMPLIACION Y MEJORAMIENTO DE LOS SISTEMAS DE ALCANTARILLADO Y TRATAMIENTO DE AGUAS RESIDUALES EN LA LOCALIDAD DE MOYOBAMBA, PROVINCIA DE MOYOBAMBA - SAN MARTIN;MUNICIPALIDAD PROVINCIAL DE MOYOBAMBA;SAN MARTIN;MOYOBAMBA;MOYOBAMBA;54974;64193788.21;Transferencia;Indirecta;OBRA;Convenio Resuelto;;;;;;;;;
1680;PE;13155;PNSU;2421412;2421412;"REMODELACIÓN DE TUBERÍA DE PLÁSTICO HDPE; ADQUISICIÓN DE VÁLVULAS DE CONTROL, MACROMEDIDORES Y VÁLVULA REDUCTORA DE PRESIÓN; EN EL(LA) EPS MOYOBAMBA SRL CON LA SECTORIZACION EN LA LOCALIDAD MOYOBAMBA, DISTRITO DE MOYOBAMBA, PROVINCIA MOYOBAMBA, DEPARTAMENTO SAN MARTIN";MUNICIPALIDAD PROVINCIAL DE MOYOBAMBA;SAN MARTIN;MOYOBAMBA;MOYOBAMBA;5916;11995520.22;Transferencia;Indirecta;OBRA;En Ejecución;;;;;;;;;
1681;PE;13156;PNSU;69704;2089864;MEJORAMIENTO Y AMPLIACIÓN DE LOS SERVICIOS DE AGUA POTABLE, ALCANTARILLADO Y TRATAMIENTO DE AGUAS SERVIDAS EN LA LOCALIDAD DE SORITOR, PROVINCIA DE MOYOBAMBA – SAN MARTÍN;MUNICIPALIDAD DISTRITAL DE SORITOR;SAN MARTIN;MOYOBAMBA;SORITOR;16847;15521811.81;Transferencia;Indirecta;OBRA;Concluido;;;;;;;;;
1682;PE;13157;PNSU;175709;2147841;MEJORAMIENTO Y AMPLIACIÓN DEL SISTEMA DE AGUA POTABLE E INSTALACIÓN DEL SISTEMA DE ALCANTARILLADO EN EL CENTRO POBLADO SAN MARCOS - SORITOR, DISTRITO DE SORITOR - MOYOBAMBA - SAN MARTIN;MUNICIPALIDAD DISTRITAL DE SORITOR;SAN MARTIN;MOYOBAMBA;SORITOR;2279;5283727.05;Transferencia;Indirecta;OBRA;Concluido;;;;;;;;;
1683;PE;13158;PNSU;326042;2284271;AMPLIACION DEL SISTEMA DE AGUA POTABLE Y ALCANTARILLADO EN LAS ZONAS PERIFERICAS DE LA CIUDAD DE SORITOR, DISTRITO DE SORITOR - MOYOBAMBA - SAN MARTIN;MUNICIPALIDAD DISTRITAL DE SORITOR;SAN MARTIN;MOYOBAMBA;SORITOR;32234;19881788.64;Transferencia;Indirecta;OBRA;Concluido;;;;;;;;;
1684;PE;13159;PNSU;27332;2030542;INSTALACION DEL SISTEMA DE ALCANTARILLADO EN LA LOCALIDAD DE BUENOS AIRES;GOBIERNO REGIONAL SAN MARTIN;SAN MARTIN;PICOTA;BUENOS AIRES;2481;1480234.82;Transferencia;Indirecta;OBRA;Concluido;;;;;;;;;
1685;PE;13160;PNSU;345806;2307114;MEJORAMIENTO Y AMPLIACIÓN DEL SISTEMA DE AGUA POTABLE Y RED DE ALCANTARILLADO EN LA LOCALIDAD DE BUENOS AIRES, DISTRITO DE BUENOS AIRES - PICOTA - SAN MARTIN;MUNICIPALIDAD DISTRITAL DE BUENOS AIRES ;SAN MARTIN;PICOTA;BUENOS AIRES;3202;4511510.08;Transferencia;Indirecta;OBRA;Concluido;;;;;;;;;
1686;PE;13161;PNSU;60078;2078794;AMPLIACION Y MEJORAMIENTO DEL SISTEMA DE AGUA POTABLE Y ALCANTARILLADO EN  VILLANUEVA-PUCACACA-CHINCHA ALTA-SHIMBILLO-NVO CODO-PICOTA-SANTA ROSILLO-SAN ANTONIO-NVA UNION-WINGE CASPISAPA-PTO RICO Y SAN HILARION, PROVINCIA DE PICOTA - SAN MARTIN;MUNICIPALIDAD PROVINCIAL DE PICOTA;SAN MARTIN;PICOTA;PICOTA;17678;58830335.98;Transferencia;Indirecta;OBRA;Paralizada;;;;;;;;;
1687;PE;13162;PNSU;364097;2327685;MEJORAMIENTO DEL SISTEMA DE DRENAJE PLUVIAL Y VEREDAS EN LA AV. PROGRESO Y JR. ORLANDO USHIÑAHUA DE LAS LOCALIDADES DE NUEVO CODO Y SHIMBILLO, DISTRITO DE PUCACACA, PROVINCIA DE PICOTA - SAN MARTIN;MUNICIPALIDAD DISTRITAL DE PUCACACA;SAN MARTIN;PICOTA;PUCACACA;618;3982380;Transferencia;Indirecta;OBRA;Concluido;;;;;;;;;
1688;PE;13163;PNSU;27727;2030543;MEJORAMIENTO DEL SISTEMA DE AGUA POTABLE E INSTALACION DEL SISTEMA DE ALCANTARILLADO EN LA LOCALIDAD DE PUERTO RICO;GOBIERNO REGIONAL SAN MARTIN;SAN MARTIN;PICOTA;SAN CRISTOBAL;2850;2482563.74;Transferencia;Indirecta;OBRA;Concluido;;;;;;;;;
1689;PE;13164;PNSU;12970;2030540;INSTALACION DEL SISTEMA DE ALCANTARILLADO EN LA LOCALIDAD DE SAN HILARION;GOBIERNO REGIONAL SAN MARTIN;SAN MARTIN;PICOTA;SAN HILARION;2854;3004669.96;Transferencia;Indirecta;OBRA;Concluido;;;;;;;;;
1690;PE;13165;PNSU;113515;2090773;CONSTRUCCION DEL SISTEMA DE DRENAJE PLUVIAL DEL CASCO URBANO EN LA LOCALIDAD DE SAN CRISTOBAL DE SISA, DISTRITO DE SAN HILARION - PICOTA - SAN MARTIN;MUNICIPALIDAD DISTRITAL DE SAN HILARION;SAN MARTIN;PICOTA;SAN HILARION;3747;4328316;Transferencia;Indirecta;OBRA;Concluido;;;;;;;;;
1691;PE;13166;PNSU;320049;2272409;MEJORAMIENTO DEL SERVICIO DE AGUA EN LA LOCALIDAD DE SAN CRISTOBAL DE SISA, DISTRITO DE SAN HILARION - PICOTA - SAN MARTIN;MUNICIPALIDAD DISTRITAL DE SAN HILARION;SAN MARTIN;PICOTA;SAN HILARION;4355;7107226.86;Transferencia;Indirecta;OBRA;Concluido;;;;;;;;;
1692;PE;13167;PNSU;2348792;2348792;MEJORAMIENTO Y AMPLIACION DEL SERVICIO DEL SISTEMA DE ALCANTARILLADO EN LA LOCALIDAD DE SAN CRISTOBAL DE SISA DEL DISTRITO DE SAN HILARION - PROVINCIA DE PICOTA - DEPARTAMENTO DE SAN MARTIN;MUNICIPALIDAD DISTRITAL DE SAN HILARION;SAN MARTIN;PICOTA;SAN HILARION;8473;19441608.27;Transferencia;Indirecta;OBRA;Concluido;;;;;;;;;
1693;PE;13168;PNSU;59376;2086240;MEJORAMIENTO DEL SISTEMA DE AGUA POTABLE E INSTALACION DEL SISTEMA DE ALCANTARILLADO EN LA LOCALIDAD DE SHAMBOYACU;MUNICIPALIDAD DISTRITAL DE SHAMBOYACU;SAN MARTIN;PICOTA;SHAMBOYACU;2749;4050058.54;Transferencia;Indirecta;OBRA;Concluido;;;;;;;;;
1694;PE;13169;PNSU;88664;2082733;INSTALACION DE UN SISTEMA DE ALCANTARILLADO EN LA LOCALIDAD DE MARISCAL CASTILLA, DISTRITO DE TINGO DE PONASA - PICOTA - SAN MARTIN;MUNICIPALIDAD DISTRITAL DE TINGO DE PONASA;SAN MARTIN;PICOTA;TINGO DE PONASA;1579;2384412;Transferencia;Indirecta;OBRA;Concluido;;;;;;;;;
1695;PE;13170;PNSU;27581;2090768;INSTALACION DEL SISTEMA DE DRENAJE PLUVIAL EN LA LOCALIDAD DE TRES UNIDOS;MUNICIPALIDAD DISTRITAL DE TRES UNIDOS;SAN MARTIN;PICOTA;TRES UNIDOS;2348;1998829;Transferencia;Indirecta;EXPEDIENTE TECNICO;Concluido;;;;;;;;;
1696;PE;13171;PNSU;174001;2140494;INSTALACION DEL SISTEMA DE DRENAJE PLUVIAL EN LA LOCALIDAD DE TRES UNIDOS, DISTRITO DE TRES UNIDOS - PICOTA - SAN MARTIN;MUNICIPALIDAD DISTRITAL DE TRES UNIDOS;SAN MARTIN;PICOTA;TRES UNIDOS;2090;3940259.47;Transferencia;Indirecta;OBRA;Concluido;;;;;;;;;
1697;PE;13172;PNSU;2467120;2467120;CREACION DEL SISTEMA DE DRENAJE PLUVIAL DE LA LOCALIDAD DE SAN JUAN DEL DISTRITO DE TRES UNIDOS - PROVINCIA DE PICOTA - DEPARTAMENTO DE SAN MARTIN;MUNICIPALIDAD DISTRITAL DE TRES UNIDOS;SAN MARTIN;PICOTA;TRES UNIDOS;5130;5397013.64;Transferencia;Indirecta;OBRA;Concluido;;;;;;;;;
1698;PE;13173;PNSU;2508735;2508735;CREACION DEL SISTEMA DE DRENAJE PLUVIAL EN LA LOCALIDAD DE EL PARAISO DEL DISTRITO DE TRES UNIDOS - PROVINCIA DE PICOTA - DEPARTAMENTO DE SAN MARTIN;MUNICIPALIDAD DISTRITAL DE TRES UNIDOS;SAN MARTIN;PICOTA;TRES UNIDOS;145;3245599.98;Transferencia;Indirecta;OBRA;Concluido;;;;;;;;;
1699;PE;13174;PNSU;2509272;2509272;CREACION DEL SISTEMA DE DRENAJE PLUVIAL EN LA LOCALIDAD DE SAPOTILLO DEL DISTRITO DE TRES UNIDOS - PROVINCIA DE PICOTA - DEPARTAMENTO DE SAN MARTIN;MUNICIPALIDAD DISTRITAL DE TRES UNIDOS;SAN MARTIN;PICOTA;TRES UNIDOS;208;4535963.85;Transferencia;Indirecta;OBRA;Concluido;;;;;;;;;
1700;PE;13175;PNSU;121810;2124120;CONSTRUCCION Y MEJORAMIENTO DEL SISTEMA DE AGUA POTABLE Y ALCANTARILLADO DE LAS COMUNIDADES NATIVAS, DISTRITO DE AWAJUN - RIOJA - SAN MARTIN;MUNICIPALIDAD DISTRITAL DE AWAJUN;SAN MARTIN;RIOJA;AWAJUN;9347;46618846.13;Transferencia;Indirecta;OBRA (SALDO);Concluido;;;;;;;;;
1701;PE;13176;PNSU;7659;2090580;CONSTRUCCIÓN DEL SISTEMA DE ALCANTARILLADO Y PLANTA DE TRATAMIENTO DE AGUAS RESIDUALES DE SEGUNDA JERUSALEN;MUNICIPALIDAD DISTRITAL DE ELIAS SOPLIN VARGAS;SAN MARTIN;RIOJA;ELIAS SOPLIN VARGAS;6609;4776050.25;Transferencia;Indirecta;OBRA;Concluido;;;;;;;;;
1702;PE;13177;PNSU;18045;2024944;INSTALACION DEL SIST. DE AGUA POTABLE EN LAS LOCAL. EL PORVENIR, LAS DELICIAS, FLOR DEL V. TAMBO, RAMIRO P. TAMBOYACU, LA LIBERTAD Y MEJ. DEL SIST. DE AGUA EN LA NACIENTE DE RIO NEGRO, PUERTO BAGAZAN, N.ESPERANZA, PROVINCIA DE RIOJA - SAN MARTIN;MUNICIPALIDAD PROVINCIAL DE RIOJA;SAN MARTIN;RIOJA;ELIAS SOPLIN VARGAS;6705;6342407.58;Transferencia;Indirecta;OBRA;Concluido;;;;;;;;;
1703;PE;13178;PNSU;51204;2065029;MEJORAMIENTO, AMPLIACION DEL SISTEMA DE AGUA POTABLE DE LA LOCALIDAD DE SEGUNDA JERUSALEN, DISTRITO DE ELIAS SOPLIN VARGAS - RIOJA - SAN MARTIN;MUNICIPALIDAD DISTRITAL DE ELIAS SOPLIN VARGAS;SAN MARTIN;RIOJA;ELIAS SOPLIN VARGAS;7488;4409775.73;Transferencia;Directa;OBRA;Concluido;;;;;;;;;
1704;PE;13179;PNSU;226922;2160027;AMPLIACIÓN DEL SISTEMA DE AGUA Y DESAGUE DE LOS SECTORES SINAI, MONTE CARMELO, NUEVA ESPERANZA, NUEVO PROGRESO Y LOS ANGELES EN SEGUNDA JERUSALEN, DISTRITO DE ELIAS SOPLIN VARGAS-RIOJA-SAN MARTIN;MUNICIPALIDAD DISTRITAL DE ELIAS SOPLIN VARGAS;SAN MARTIN;RIOJA;ELIAS SOPLIN VARGAS;7552;16204062.31;Transferencia;Indirecta;OBRA;Concluido;;;;;;;;;
1705;PE;13180;PNSU;5385;2021165;REHABILITACION, MEJORAMIENTO, AMPLIACION DEL SISTEMA DE AGUA Y CONSTRUCCION DEL SISTEMA DE DESAGUE DE NUEVA CAJAMARCA III ETAPA;MUNICIPALIDAD DISTRITAL DE NUEVA CAJAMARCA;SAN MARTIN;RIOJA;NUEVA CAJAMARCA;21162;14966305;Transferencia;Directa;OBRA;Concluido;;;;;;;;;
1706;PE;13181;PNSU;14786;2024929;INSTALACION DE SISTEMA DE AGUA POTABLE PARA LOS CASERIOS: TUPAC AMARU, SANTO TORIBIO, RICARDO PALMA, CORDILLERA EL CONDOR, SAN MIGUEL, BUENOS AIRES Y VISTA ALEGRE, DISTRITO DE NUEVA CAJAMARCA;MUNICIPALIDAD DISTRITAL DE NUEVA CAJAMARCA;SAN MARTIN;RIOJA;NUEVA CAJAMARCA;2029;1055605;Transferencia;Directa;OBRA;Concluido;;;;;;;;;
1707;PE;13182;PNSU;31917;2030178;INSTALACION DE LOS SISTEMAS DE AGUA POTABLE Y ALCANTARILLADO EN EL CPM DE NARANJILLO, DISTRITO DE NUEVA CAJAMARCA, PROVINCIA DE RIOJA - SAN MARTIN;REGION SAN MARTIN - PROYECTO ESPECIAL ALTO MAYO;SAN MARTIN;RIOJA;NUEVA CAJAMARCA;5703;18113801.03;Transferencia;Directa;OBRA;Concluido;;;;;;;;;
1708;PE;13183;PNSU;322711;2300077;MEJORAMIENTO Y AMPLIACION DEL SISTEMA DE AGUA POTABLE Y ALCANTARILLADO CON CONEXIONES DOMICILIARIAS  EN LA CIUDAD DE NUEVA CAJAMARCA, DISTRITO DE NUEVA CAJAMARCA - RIOJA - SAN MARTIN;MUNICIPALIDAD DISTRITAL DE NUEVA CAJAMARCA;SAN MARTIN;RIOJA;NUEVA CAJAMARCA;47466;229889366.4;Transferencia;Indirecta;OBRA;Concluido;;;;;;;;;
1709;PE;13184;PNSU;49054;2043943;CONSTRUCCION DEL SISTEMA DE ALCANTARILLADO CENTRO POBLADO SANTA ROSA DEL MIRADOR, DISTRITO DE PARDO MIGUEL - RIOJA - SAN MARTIN;MUNICIPALIDAD DISTRITAL DE PARDO MIGUEL;SAN MARTIN;RIOJA;PARDO MIGUEL;2200;1980424;Transferencia;Indirecta;EXPEDIENTE TECNICO;Concluido;;;;;;;;;
1710;PE;13185;PNSU;289778;2192712;MEJORAMIENTO Y AMPLIACIÓN DEL SISTEMA DE AGUA POTABLE E INSTALACIÓN DEL SISTEMA DE ALCANTARILLADO EN LA LOCALIDAD DE AGUAS VERDES, DISTRITO DE PARDO MIGUEL - RIOJA - SAN MARTIN;MUNICIPALIDAD DISTRITAL DE PARDO MIGUEL;SAN MARTIN;RIOJA;PARDO MIGUEL;2035;8402299.23;Transferencia;Indirecta;OBRA;Concluido;;;;;;;;;
1711;PE;13186;PNSU;31006;2030757;MEJORAMIENTO, AMPLIACION DEL SISTEMA DE AGUA POTABLE Y ALCANTARILLADO EN LA LOCALIDAD DE NARANJOS, DISTRITO DE PARDO MIGUEL - RIOJA - SAN MARTIN;MUNICIPALIDAD DISTRITAL DE PARDO MIGUEL;SAN MARTIN;RIOJA;PARDO MIGUEL;9973;106632765;Transferencia;Indirecta;OBRA (SALDO);En Ejecución;;;;;;;;;
1712;PE;13187;PNSU;305586;2312349;MEJORAMIENTO DEL SISTEMA DE ABASTECIMIENTO DE AGUA E INSTALACIÓN DEL SISTEMA DE ALCANTARILLADO DE LA ASOCIACIÓN PRO VIVIENDA DOCE DE AGOSTO SECTOR COCAYACU, DISTRITO DE RIOJA, PROVINCIA DE RIOJA - SAN MARTIN;MUNICIPALIDAD PROVINCIAL DE RIOJA;SAN MARTIN;RIOJA;RIOJA;1740;3465660.87;Transferencia;Indirecta;OBRA;Concluido;;;;;;;;;
1713;PE;13188;PNSU;26015;2030541;INSTALACION DEL SISTEMA DE ALCANTARILLADO EN AL LOCALIDAD DE SAN FERNANDO;GOBIERNO REGIONAL SAN MARTIN;SAN MARTIN;RIOJA;SAN FERNANDO;5344;1969485.54;Transferencia;Indirecta;OBRA;Concluido;;;;;;;;;
1714;PE;13189;PNSU;336834;2300467;AMPLIACION Y MEJORAMIENTO DE LOS SERVICIOS DE AGUA POTABLE Y SANEMAMIENTO BASICO  DE LAS LOCALIDADES DE LETICIA, PERLAMAYO, NUEVO ORIENTE, SANTA CLARA, ALTO MICHUCO, BAJO MICHUCO,POLO PUNTA Y SAN FERNANDO , DISTRITO DE SAN FERNANDO - RIOJA - SAN MARTIN;MUNICIPALIDAD DISTRITAL DE SAN FERNANDO;SAN MARTIN;RIOJA;SAN FERNANDO;3228;55571073.85;Transferencia;Indirecta;OBRA;En Ejecución;;;;;;;;;
1715;PE;13190;PNSU;203374;2209133;MEJORAMIENTO E INSTALACION DEL SISTEMA DE AGUA POTABLE Y ALCANTARILLADO EN LAS LOCALIDADES DE YORONGOS, BELEN, BELLA FLORIDA, NUEVO TABALOSOS, LA LIBERTAD,  YORONGOS, DISTRITO DE YORONGOS - RIOJA - SAN MARTIN;MUNICIPALIDAD DISTRITAL DE YORONGOS;SAN MARTIN;RIOJA;YORONGOS;5030;25453239.8;Transferencia;Indirecta;OBRA;Concluido;;;;;;;;;
1716;PE;13191;PNSU;15715;2148459;REHABILITACION, MEJORAMIENTO Y/O AMPLIACION DE LOS SISTEMAS DE AGUA POTABLE Y SANEAMIENTO DE YURACYACU;MUNICIPALIDAD DISTRITAL DE YURACYACU;SAN MARTIN;RIOJA;YURACYACU;4328;17699941.25;Transferencia;Indirecta;OBRA (SALDO);Concluido;;;;;;;;;
1717;PE;13192;PNSU;15727;2030762;REHABILITACION, MEJORAMIENTO Y/O AMPLIACION DEL SISTEMA DE AGUA Y SANEAMIENTO DE LA LOCALIDAD DE CACATACHI EN EL DISTRITO DE CACATACHI, PROVINCIA DE SAN MARTIN, DEPARTAMENTO DE SAN MARTIN;MUNICIPALIDAD DISTRITAL DE CACATACHI;SAN MARTIN;SAN MARTIN;CACATACHI;2871;720338;Transferencia;Directa;OBRA;Concluido;;;;;;;;;
1718;PE;13193;PNSU;2436695;2436695;MEJORAMIENTO DEL SISTEMA DE DRENAJE PLUVIAL, EN LA LOCALIDAD CACATACHI, DEL DISTRITO DE CACATACHI - PROVINCIA DE SAN MARTIN - DEPARTAMENTO DE SAN MARTIN;MUNICIPALIDAD DISTRITAL DE CACATACHI;SAN MARTIN;SAN MARTIN;CACATACHI;4762;16590025.05;Transferencia;Indirecta;OBRA;Concluido;;;;;;;;;
1719;PE;13194;PNSU;78793;2072030;CONSTRUCCION DEL SISTEMA DE ALCANTARILLADO DE EL PORVENIR - PELEJO, DISTRITO DE EL PORVENIR - SAN MARTIN - SAN MARTIN;MUNICIPALIDAD DISTRITAL DE EL PORVENIR;SAN MARTIN;SAN MARTIN;EL PORVENIR;2045;2664690;Transferencia;Indirecta;EXPEDIENTE TECNICO;Concluido;;;;;;;;;
1720;PE;13195;PNSU;124601;2113155;MEJORAMIENTO Y AMPLIACION DEL SERVICIO DE AGUA POTABLE DE LA LOCALIDAD DE PELEJO, NUEVO SAN JUAN Y PAPAPLAYA, DISTRITO DE EL PORVENIR - SAN MARTIN - SAN MARTIN;MUNICIPALIDAD DISTRITAL DE EL PORVENIR;SAN MARTIN;SAN MARTIN;EL PORVENIR;4696;3437324;Transferencia;Indirecta;OBRA;Concluido;;;;;;;;;
1721;PE;13196;PNSU;12190;2030538;INSTALACION DEL SISTEMA DE AGUA POTABLE Y ALCANTARILLADO DE LA LOCALIDAD DE HUIMBAYOC;GOBIERNO REGIONAL SAN MARTIN;SAN MARTIN;SAN MARTIN;HUIMBAYOC;2557;4072124.32;Transferencia;Indirecta;OBRA;Concluido;;;;;;;;;
1722;PE;13197;PNSU;2455143;2455143;CREACION DEL SISTEMA DE DRENAJE PLUVIAL EN LOS JIRONES SANCHEZ CERRO C-7, ULISES REATEGUI C-1 Y C-7, PRLG. ULISES REATEGUI C-1, JUAN FLORES C-3 A LA C-6, UCAYALI C-5 A LA -7, PARAISO C-1Y C-2, HUIMBAYOC C-1, PROGRESO C-4, BUENOS AIRES C-1, C-3 Y C-4, BENAVIDES C-3 A LA C-5, ARNALDO YALTA C-1 A LA C-3, AGUIRRE C-2, PSJ LA POSTA MEDICA HUIMBAYOC DEL DISTRITO DE HUIMBAYOC - PROVINCIA DE SAN MARTIN - DEPARTAMENTO DE SAN MARTIN;MUNICIPALIDAD DISTRITAL DE HUIMBAYOC;SAN MARTIN;SAN MARTIN;HUIMBAYOC;11117;11768462.55;Transferencia;Indirecta;OBRA;Concluido;;;;;;;;;
1723;PE;13198;PNSU;363077;2326554;MEJORAMIENTO Y AMPLIACION DEL SISTEMA DE AGUA POTABLE Y DISPOSICION FINAL DE EXCRETAS DE LA LOCALIDAD DE JUAN GUERRA, DISTRITO DE JUAN GUERRA - SAN MARTIN - SAN MARTIN;MUNICIPALIDAD DISTRITAL DE JUAN GUERRA;SAN MARTIN;SAN MARTIN;JUAN GUERRA;3224;13013765.74;Transferencia;Indirecta;OBRA;Concluido;;;;;;;;;
1724;PE;13199;PNSU;2397027;2397027;"MEJORAMIENTO DEL SISTEMA DE DRENAJE PLUVIAL DE LOS JIRONES AREQUIPA CUADRAS 4, 5, 6, 7, 8; JIRÓN DOS DE MAYO CUADRAS 4, 5, 6, 7, 8; JIRÓN FRANCISCO BOLOGNESI CUADRAS 2, 3, 4, 5; JIRÓN LAS MERCEDES CUADRA 3; JIRÓN SUCRE CUADRAS 1 Y 2; JIRÓN JOSÉ OLAYA CUADRAS 1 Y 2; JIRÓN PROGRESO CUADRA 2 Y PASAJE JUAN DEL ÁGUILA CUADRA 1, CENTRO POBLADO DE JUAN GUERRA - DISTRITO DE JUAN GUERRA - PROVINCIA DE SAN MARTIN - REGIÓN SAN MARTIN";MUNICIPALIDAD DISTRITAL DE JUAN GUERRA;SAN MARTIN;SAN MARTIN;JUAN GUERRA;3618;5220080.6;Transferencia;Indirecta;OBRA;Concluido;;;;;;;;;
1725;PE;13200;PNSU;2501199;2501199;"MEJORAMIENTO DEL SISTEMA DE DRENAJE PLUVIAL DEL JR. INDEPENDENCIA CD.09 – CD.14; JR. 2 DE MAYO C13 – C15; JR. AREQUIPA CD.13 Y CD.14; JR. SARGENTO TEJADA CD.09; JR. SIMÓN BOLÍVAR CD.02 – CD.05; JR. 2 CD.01 Y CD.02; JR. ATAHUALPA CD.01 – CD.03; JR. AYACUCHO CD.01; JR. LEONCIO PRADO CD.01–CD.05; JR. SAN MARTIN CD.01 – CD.04 EN EL “SECTOR D” JUAN GUERRA DEL DISTRITO DE JUAN GUERRA - PROVINCIA DE SAN MARTIN - DEPARTAMENTO DE SAN MARTIN";MUNICIPALIDAD DISTRITAL DE JUAN GUERRA;SAN MARTIN;SAN MARTIN;JUAN GUERRA;3383;9396670.38;Transferencia;Indirecta;OBRA;Concluido;;;;;;;;;
1726;PE;13201;PNSU;142851;2163323;"AMPLIACIÓN DE REDES Y CONEXIONES DOMICILIARIAS DE ALCANTARILLADO AAVV PARAÍSO, VISTA HERMOSA, LAS FLORES, VENECIA, LA FLORIDA Y LAS PRADERAS; Y MEJORAMIENTO DE COLECTORES PRINCIPALES JRS. LOS BOSQUES Y ACCESO A IE. VIRGEN DOLOROSA - BANDA DE SHILCAYO";MUNICIPALIDAD PROVINCIAL DE SAN MARTIN;SAN MARTIN;SAN MARTIN;LA BANDA DE SHILCAYO;4736;7210701.63;Transferencia;Indirecta;OBRA;Concluido;;;;;;;;;
1727;PE;13202;PNSU;165386;2135178;CONSTRUCCIÓN DE CAPTACIÓN, MEJORAMIENTO DE LÍNEA DE CONDUCCIÓN Y PRE-TRATAMIENTO DEL SISTEMA DE AGUA POTABLE AHUASHIYACU - BANDA DE SHILCAYO;MUNICIPALIDAD PROVINCIAL DE SAN MARTIN - TARAPOTO;SAN MARTIN;SAN MARTIN;LA BANDA DE SHILCAYO;43384;3412833.61;Transferencia;Indirecta;OBRA;Concluido;;;;;;;;;
1728;PE;13203;PNSU;2470543;2470543;CREACION DEL SISTEMA DE DRENAJE URBANO DE LAS ASOCIACIONES DE VIVIENDA VISTA HERMOSA, LAS FLORES, VENECIA Y LA FLORIDA DEL DISTRITO DE LA BANDA DE SHILCAYO - PROVINCIA DE SAN MARTIN - DEPARTAMENTO DE SAN MARTIN;MUNICIPALIDAD DISTRITAL DE LA BANDA DE SHILCAYO;SAN MARTIN;SAN MARTIN;LA BANDA DE SHILCAYO;2067;10880696.59;Transferencia;Indirecta;OBRA;Concluido;;;;;;;;;
1729;PE;13204;PNSU;2483010;2483010;MEJORAMIENTO Y AMPLIACION DEL SISTEMA DE AGUA POTABLE Y SANEAMIENTO BASICO EN 13 AA. VV DEL DISTRITO DE LA BANDA DE SHILCAYO - PROVINCIA DE SAN MARTIN - DEPARTAMENTO DE SAN MARTIN;MUNICIPALIDAD DISTRITAL DE LA BANDA DE SHILCAYO;SAN MARTIN;SAN MARTIN;LA BANDA DE SHILCAYO;8731;58154988.53;Transferencia;Indirecta;OBRA;En Ejecución;;;;;;;;;
1730;PE;13205;PNSU;234540;2224650;MEJORAMIENTO DEL SERVICIO DE DRENAJE PLUVIAL DESDE EL  JR. CMDT. CHIRINOS HASTA EL JR. MALECON CUMBAZA(QUEBRADA AMORARCA) , DISTRITO DE MORALES - SAN MARTIN - SAN MARTIN;MUNICIPALIDAD DISTRITAL DE MORALES;SAN MARTIN;SAN MARTIN;MORALES;4575;16671685.46;Transferencia;Indirecta;OBRA (SALDO);Concluido;;;;;;;;;
1731;PE;13206;PNSU;359743;2322829;MEJORAMIENTO DE LAS REDES Y CONEXIONES DOMICILIARIAS DE AGUA POTABLE Y ALCANTARILLADO DE LOS JIRONES LOS ANDES C.01 - C.09, MALECÓN CUMBAZA, MANCO CAPAC C.01 - C.06 Y OSCAR R. BENAVIDES C.01 - C.05, EN LA LOCALIDAD DE MORALES, DISTRITO DE MORALES - SAN MARTIN - SAN MARTIN;MUNICIPALIDAD DISTRITAL DE MORALES;SAN MARTIN;SAN MARTIN;MORALES;2035;7862102.94;Transferencia;Indirecta;OBRA (SALDO);Concluido;;;;;;;;;
1732;PE;13207;PNSU;78915;2072078;CONSTRUCCION DEL SISTEMA DE ALCANTARILLADO DE PAPAPLAYA, DISTRITO DE PAPAPLAYA - SAN MARTIN - SAN MARTIN;MUNICIPALIDAD DISTRITAL DE PAPAPLAYA;SAN MARTIN;SAN MARTIN;PAPAPLAYA;2600;3218491;Transferencia;Indirecta;OBRA;Concluido;;;;;;;;;
1733;PE;13208;PNSU;2402140;2402140;MEJORAMIENTO DEL SISTEMA DE DRENAJE PLUVIAL EN LA CALLE LORETO C-04 Y C-06, CALLE PROSPERO C-05, C-06 Y C-07, CALLE ALFONSO UGARTE C-05 Y C-06, CALLE SACHACHORRO C-04, CALLE COMERCIO C-01, CALLE MIRAFLORES C-02 Y C-03, CALLE HUALLAGA C-01 Y C-03, CALLE PROGRESO C-01 Y C-05, CALLE LIBERTAD C-01 Y C-04, EN EL DISTRITO DE SAN ANTONIO - PROVINCIA DE SAN MARTIN - DEPARTAMENTO DE SAN MARTIN;MUNICIPALIDAD DISTRITAL DE SAN ANTONIO;SAN MARTIN;SAN MARTIN;SAN ANTONIO;1550;10012814.37;Transferencia;Indirecta;OBRA;Concluido;;;;;;;;;
1734;PE;13209;PNSU;11282;2021730;MEJORAMIENTO DEL SISTEMA DE ALCANTARILLADO EN LAS LOCALIDADES DE SAUCE Y 8 DE JULIO.;GOBIERNO REGIONAL SAN MARTIN;SAN MARTIN;SAN MARTIN;SAUCE;7036;5895602.31;Transferencia;Indirecta;OBRA;Concluido;;;;;;;;;
1735;PE;13210;PNSU;76235;2149309;AMPLIACION Y MEJORAMIENTO DEL SISTEMA DE AGUA POTABLE DE LAS LOCALIDADES DE SAUCE Y 8 DE JULIO;LA MUNICIPALIDAD DISTRITAL DE SAUCE;SAN MARTIN;SAN MARTIN;SAUCE;7088;6589555;Transferencia;Indirecta;OBRA;Concluido;;;;;;;;;
1736;PE;13211;PNSU;14122;2059603;MEJORAMIENTO DEL SISTEMA AGUA POTABLE E INSTALACION DEL SISTEMA DE ALCANTARILLADO EN LA LOCALIDAD DE SHAPAJA;MUNICIPALIDAD PROVINCIAL DE SAN MARTIN;SAN MARTIN;SAN MARTIN;SHAPAJA;3269;2336604;Transferencia;Directa;OBRA;Concluido;;;;;;;;;
1737;PE;13212;PNSU;173959;2148464;AMPLIACIÓN DEL SISTEMA DE AGUA POTABLE Y ALCANTARILLADO DEL SECTOR NORESTE CIUDAD DE TARAPOTO - SAN MARTÍN - SAN MARTÍN;MUNICIPALIDAD PROVINCIAL DE SAN MARTIN;SAN MARTIN;SAN MARTIN;TARAPOTO;3738;7630049.78;Transferencia;Indirecta;OBRA;Concluido;;;;;;;;;
1738;PE;13213;PNSU;12759;2022696;MEJORAMIENTO DEL SISTEMA Y OPTIMIZACION DEL SERVICIO DE AGUA POTABLE DE LA LOCALIDAD DE LA BANDA DE SHILCAYO Y BARRIO HUAYCO DE TARAPOTO;EMPRESA MUNICIPAL DE SERVICIO DE AGUA POTABLE Y ALCANTARILLADO DE SAN MARTIN S.A.;SAN MARTIN;SAN MARTIN;TARAPOTO;32990;5941283;Transferencia;Indirecta;OBRA;Concluido;;;;;;;;;
1739;PE;13214;PNSU;141934;2163322;MEJORAMIENTO DE REDES Y CONEXIONES DOMICILIARIAS DE AGUA POTABLE Y ALCANTARILLADO JR. LEONCIO PRADO C - 01 A 18 - TARAPOTO;MUNICIPALIDAD PROVINCIAL DE SAN MARTIN;SAN MARTIN;SAN MARTIN;TARAPOTO;1702;2117603.94;Transferencia;Indirecta;OBRA;Concluido;;;;;;;;;
1740;PE;13215;PNSU;12339;2030539;INSTALACION DE LAS REDES DE ALCANTARILLADO DEL SECTOR BARRIO YUMBITE;EMPRESA MUNICIPAL DE SERVICIO DE AGUA POTABLE Y ALCANTARILLADO DE SAN MARTIN S.A.;SAN MARTIN;SAN MARTIN;TARAPOTO;4831;1491913;Transferencia;Directa;OBRA;Concluido;;;;;;;;;
1741;PE;13216;PNSU;48675;2054976;AMPLIACION Y MEJORAMIENTO DE LAS REDES Y CONEXIONES DOMICILIARIAS DE AGUA POTABLE Y ALCANTARILLADO DE LA AV. CIRCUNVALACION C-1 A 26 Y JR. PARAISO C-1 A 4 - TARAPOTO;EMPRESA MUNICIPAL DE SERVICIO DE AGUA POTABLE Y ALCANTARILLADO DE SAN MARTIN S.A.;SAN MARTIN;SAN MARTIN;TARAPOTO;1800;2470376;Transferencia;Directa;OBRA;Concluido;;;;;;;;;
1742;PE;13217;PNSU;80015;2088917;INSTALACION DE REDES Y CONEXIONES DOMICILIARIAS DE ALCANTARILLADO EN ASOCIACION DE VIVIENDA LAS BRISAS DE TARAPOTILLO - TARAPOTO;EMPRESA MUNICIPAL DE SERVICIO DE AGUA POTABLE Y ALCANTARILLADO DE SAN MARTIN S.A.;SAN MARTIN;SAN MARTIN;TARAPOTO;1045;295823;Transferencia;Directa;OBRA;Concluido;;;;;;;;;
1743;PE;13218;PNSU;75174;2088918;MEJORAMIENTO DE LAS REDES Y CONEXIONES DOMICILIARIAS DE AGUA POTABLE Y ALCANTARILLADO DEL JR. SIMON BOLIVAR C-1 A 3 - BANDA DE SHILCAYO;EMPRESA MUNICIPAL DE SERVICIO DE AGUA POTABLE Y ALCANTARILLADO DE SAN MARTIN S.A.;SAN MARTIN;SAN MARTIN;TARAPOTO;202;129603;Transferencia;Directa;OBRA;Concluido;;;;;;;;;
1744;PE;13219;PNSU;77642;2088915;MEJORAMIENTO DE LAS REDES Y CONEXIONES DOMICILIARIAS DE AGUA POTABLE Y ALCANTARILLADO DEL JR. SAN MIGUEL C - 1 A 5 - BANDA DE SHILCAYO;EMPRESA MUNICIPAL DE SERVICIO DE AGUA POTABLE Y ALCANTARILLADO DE SAN MARTIN S.A.;SAN MARTIN;SAN MARTIN;TARAPOTO;405;149713;Transferencia;Directa;OBRA;Concluido;;;;;;;;;
1745;PE;13220;PNSU;79775;2088914;MEJORAMIENTO DE LAS REDES Y CONEXIONES DOMICILIARIAS DE AGUA POTABLE Y ALCANTARILLADO DEL JR. MARTIN DE LA RIVA Y HERRERA C-2 A 5 - TARAPOTO;EMPRESA MUNICIPAL DE SERVICIO DE AGUA POTABLE Y ALCANTARILLADO DE SAN MARTIN S.A.;SAN MARTIN;SAN MARTIN;TARAPOTO;220;155819.3;Transferencia;Directa;OBRA;Concluido;;;;;;;;;
1746;PE;13221;PNSU;81851;2088913;MEJORAMIENTO DE LAS REDES Y CONEXIONES DOMICILIARIAS DE AGUA POTABLE Y AMPLIACION DE LAS REDES Y CONEXIONES DOMICILIARIAS DE ALCANTARILLADO DE JR. TACNA C-5 - TARAPOTO;EMPRESA MUNICIPAL DE SERVICIO DE AGUA POTABLE Y ALCANTARILLADO DE SAN MARTIN S.A.;SAN MARTIN;SAN MARTIN;TARAPOTO;88;48321;Transferencia;Directa;OBRA;Concluido;;;;;;;;;
1747;PE;13222;PNSU;95713;2094533;AMPLIACION Y MEJORAMIENTO DE REDES Y CONEXIONES DOMICILIARIAS DE AGUA POTABLE Y ALCANTARILLADO DEL JR. ALONSO DE ALVARADO C-6, 7, 8 Y 9 - TARAPOTO;EMPRESA MUNICIPAL DE SERVICIO DE AGUA POTABLE Y ALCANTARILLADO DE SAN MARTIN S.A.;SAN MARTIN;SAN MARTIN;TARAPOTO;496;290901;Transferencia;Directa;OBRA;Concluido;;;;;;;;;
1748;PE;13223;PNSU;75127;2094837;MEJORAMIENTO DE LAS REDES Y CONEXIONES DOMICILIARIAS DE AGUA POTABLE Y ALCANTARILLADO DEL JR. TAHUANTINSUYO C-3 A 8 - TARAPOTO;EMPRESA MUNICIPAL DE SERVICIO DE AGUA POTABLE Y ALCANTARILLADO DE SAN MARTIN S.A.;SAN MARTIN;SAN MARTIN;TARAPOTO;462;298872;Transferencia;Directa;OBRA;Concluido;;;;;;;;;
1749;PE;13224;PNSU;230260;2177590;MEJORAMIENTO DE LAS REDES Y CONEXIONES DOMICILIARIAS DE AGUA POTABLE Y ALCANTARILLADO SANITARIO DEL JR. RAMON CASTILLA C-01 A 07, C.P NUEVE DE ABRIL, DISTRITO DE TARAPOTO, PROVINCIA Y REGION SAN MARTIN;MUNICIPALIDAD PROVINCIAL DE SAN MARTÍN;SAN MARTIN;SAN MARTIN;TARAPOTO;887;907982.43;Transferencia;Indirecta;OBRA;Concluido;;;;;;;;;
1750;PE;13225;PNSU;269864;2186699;REHABILITACION DE REDES Y CONEXIONES DOMICILIARIAS DE AGUA POTABLE Y ALCANTARILLADO SANITARIO EN LAS PRINCIPALES VIAS DE ACCESO AL MERCADO N 03 DEL BARRIO HUAYCO, DISTRITO DE TARAPOTO, PROVINCIA DE SAN MARTIN - SAN MARTIN;MUNICIPALIDAD PROVINCIAL DE SAN MARTIN;SAN MARTIN;SAN MARTIN;TARAPOTO;2131;5137854.33;Transferencia;Indirecta;OBRA;Concluido;;;;;;;;;
1751;PE;13226;PNSU;275110;2188095;REHABILITACION DE REDES Y CONEXIONES DOMICILIARIAS DE AGUA POTABLE Y ALCANTARILLADO SANITARIO EN LAS PRINCIPALES VIAS DE ACCESO A LOS SECTORES LOS JARDINES Y NUEVE DE ABRIL, DISTRITO DE TARAPOTO, PROVINCIA DE SAN MARTIN - SAN MARTIN;MUNICIPALIDAD PROVINCIAL DE SAN MARTIN;SAN MARTIN;SAN MARTIN;TARAPOTO;2855;3863260.71;Transferencia;Indirecta;OBRA;Concluido;;;;;;;;;
1752;PE;13227;PNSU;349219;2312047;MEJORAMIENTO DE LOS SERVICIOS DE AGUA POTABLE Y DE ALCANTARILLADO SANITARIO EN EL JR. MARTINEZ DE COMPAGÑON CUADRAS DEL 07 AL 15, EN EL SECTOR HUAYCO, DISTRITO DE TARAPOTO, PROVINCIA DE SAN MARTIN - SAN MARTIN;MUNICIPALIDAD PROVINCIAL DE SAN MARTIN - TARAPOTO;SAN MARTIN;SAN MARTIN;TARAPOTO;3202;1872767.24;Transferencia;Indirecta;OBRA;Concluido;;;;;;;;;
1753;PE;13228;PNSU;138815;2167709;MEJORAMIENTO Y AMPLIACION DEL SISTEMA DE PRODUCCION DE AGUA CACHIYACU Y CONSTRUCCION DE RESERVORIO DE 3250 M3 EN LA SEDE CENTRAL DE EMAPA SAN MARTIN S.A. - TARAPOTO;MUNICIPALIDAD PROVINCIAL DE SAN MARTIN - TARAPOTO;SAN MARTIN;SAN MARTIN;TARAPOTO;80917;36876840.19;Transferencia;Indirecta;OBRA;Concluido;;;;;;;;;
1754;PE;13229;PNSU;2473210;2473210;MEJORAMIENTO DEL SISTEMA DE DRENAJE PLUVIAL EN LA PARTE ALTA DEL SECTOR COLECTOR JR. PERÚ DEL DISTRITO DE TARAPOTO - PROVINCIA DE SAN MARTIN - DEPARTAMENTO DE SAN MARTIN;MUNICIPALIDAD PROVINCIAL DE SAN MARTIN - TARAPOTO;SAN MARTIN;SAN MARTIN;TARAPOTO;2029;18817538.36;Transferencia;Indirecta;OBRA;Concluido;;;;;;;;;
1755;PE;13230;PNSU;361510;2324763;MEJORAMIENTO DE LOS SERVICIOS DE AGUA POTABLE Y DE ALCANTARILLADO SANITARIO EN LAS PRINCIPALES VIAS DE ACCESO AL SECTOR PARTIDO ALTO Y LA HOYADA, DISTRITO DE TARAPOTO - SAN MARTIN - SAN MARTIN;MUNICIPALIDAD PROVINCIAL DE SAN MARTIN - TARAPOTO;SAN MARTIN;SAN MARTIN;TARAPOTO;4475;13044012.77;Transferencia;Indirecta;OBRA;Concluido;;;;;;;;;
1756;PE;13231;PNSU;67694;2068034;MEJORAMIENTO Y AMPLIACION DEL SISTEMA DE AGUA POTABLE E INSTALACION DEL SISTEMA DE ALCANTARILLADO DEL CENTRO POBLADO SANTA CRUZ, DISTRITO DE NUEVO PROGRESO - TOCACHE - SAN MARTIN;MUNICIPALIDAD DISTRITAL DE NUEVO PROGRESO;SAN MARTIN;TOCACHE;NUEVO PROGRESO;1482;2028440;Transferencia;Indirecta;EXPEDIENTE TECNICO;Concluido;;;;;;;;;
1757;PE;13232;PNSU;52691;2054308;MEJORAMIENTO Y AMPLIACION DEL SISTEMA DE AGUA POTABLE E INSTALACION DEL SISTEMA DE ALCANTARILLADO DE DESAGUE NUEVO PROGRESO, PROVINCIA DE TOCACHE - SAN MARTIN;MUNICIPALIDAD DISTRITAL DE NUEVO PROGRESO;SAN MARTIN;TOCACHE;NUEVO PROGRESO;4441;18995599.2;Transferencia;Indirecta;OBRA;Concluido;;;;;;;;;
1758;PE;13233;PNSU;66181;2067569;MEJORAMIENTO Y AMPLIACION DEL SISTEMA DE AGUA POTABLE E INSTALACION DEL SISTEMA DE ALCANTARILLADO DEL CENTRO POBLADO RAMAL DE ASPUZANA, DISTRITO DE NUEVO PROGRESO - TOCACHE - SAN MARTIN;MUNICIPALIDAD DISTRITAL DE NUEVO PROGRESO;SAN MARTIN;TOCACHE;NUEVO PROGRESO;2041;4114902.61;Transferencia;Indirecta;OBRA;Concluido;;;;;;;;;
1759;PE;13234;PNSU;180750;2135818;AMPLIACION DEL SISTEMA DE AGUA POTABLE DE LA CIUDAD DE NUEVO PROGRESO HACIA EL CENTRO POBLADO DE SANTA CRUZ E INSTALACIÓN DE SU SISTEMA DE ALCANTARILLADO, DISTRITO DE NUEVO PROGRESO - TOCACHE - SAN MARTIN;MUNICIPALIDAD DISTRITAL DE NUEVO PROGRESO;SAN MARTIN;TOCACHE;NUEVO PROGRESO;1490;3421527.91;Transferencia;Indirecta;OBRA;Concluido;;;;;;;;;
1760;PE;13235;PNSU;67690;2068032;MEJORAMIENTO Y AMPLIACION DEL SISTEMA DE AGUA POTABLE E INSTALACION DEL SISTEMA DE ALCANTARILLADO DEL CENTRO POBLADO MADRE MIA, DISTRITO DE NUEVO PROGRESO - TOCACHE - SAN MARTIN;MUNICIPALIDAD DISTRITAL DE NUEVO PROGRESO;SAN MARTIN;TOCACHE;NUEVO PROGRESO;950;2611305.65;Transferencia;Indirecta;OBRA;Concluido;;;;;;;;;
1761;PE;13236;PNSU;28508;2030548;AMPLIACION DEL SISTEMA DE AGUA POTABLE Y CONSTRUCCION DEL SISTEMA DE ALCANTARILLADO DEL AA.HH. TUPAC AMARU EN LA CIUDAD DE TOCACHE;MUNICIPALIDAD PROVINCIAL DE TOCACHE;SAN MARTIN;TOCACHE;TOCACHE;2600;2166281;Transferencia;Indirecta;OBRA;Concluido;;;;;;;;;
1762;PE;13237;PNSU;49407;2047402;AMPLIACION Y MEJORAMIENTO DEL SISTEMA DE AGUA Y ALCANTARILLADO DE LA CIUDAD DE TOCACHE, PROVINCIA DE TOCACHE - SAN MARTIN  (SALDO DE OBRA);MUNICIPALIDAD PROVINCIAL DE TOCACHE;SAN MARTIN;TOCACHE;TOCACHE;16085;410709415.2;Transferencia;Indirecta;OBRA (SALDO);Paralizada;;;;;;;;;
1763;PE;13238;PNSU;243629;2190770;MEJORAMIENTO DEL SERVICIO DE ALMACENAMIENTO Y REGULACIÓN DE AGUA POTABLE PARA VILLA LOCUMBA, ALTO LOCUMBA Y PIÑAPA, DISTRITO DE LOCUMBA, PROVINCIA DE JORGE BASADRE - TACNA;MUNICIPALIDAD PROVINCIAL DE JORGE BASADRE;TACNA;JORGE BASADRE;LOCUMBA;3571;4449624.39;Transferencia;Indirecta;OBRA;Paralizada;;;;;;;;;
1764;PE;13239;PNSU;103698;2087287;REHABILITACION DE LAS REDES DE AGUA POTABLE Y ALCANTARILLADO EN EL PUEBLO JOVEN ALTO DE LA ALIANZA Y PUEBLO JOVEN SAN MARTIN, DISTRITO DE ALTO DE LA ALIANZA - TACNA - TACNA;MUNICIPALIDAD DISTRITAL DE ALTO DE LA ALIANZA;TACNA;TACNA;ALTO DE LA ALIANZA;6750;3129291.82;Transferencia;Indirecta;OBRA;Concluido;;;;;;;;;
1765;PE;13240;PNSU;31191;2029666;MEJORAMIENTO DEL COLECTOR TARATA EN EL DISTRITO DE ALTO DE LA ALIANZA - PROVINCIA DE TACNA;EPS TACNA S.A.;TACNA;TACNA;ALTO DE LA ALIANZA;35190;1048314;Transferencia;Directa;OBRA;Concluido;;;;;;;;;
1766;PE;13241;PNSU;170893;2133110;REHABILITACION DE LAS REDES DE AGUA POTABLE Y ALCANTARILLADO EN LAS ASOCIACIONES DE VIVIENDA SEÑOR DE LOS MILAGROS ASOCIACION RAMON COPAJA,Y COOPERATIVA DE VIVIENDA GREGORIO ALBARRACIN DEL SECTOR V,DISTRITO DE ALTO DE LA ALIANZA - TACNA - TACNA;MUNICIPALIDAD DISTRITAL DE ALTO DE LA ALIANZA;TACNA;TACNA;ALTO DE LA ALIANZA;3095;4494826.63;Transferencia;Indirecta;OBRA;Concluido;;;;;;;;;
1767;PE;13242;PNSU;268963;2235177;MEJORAMIENTO DEL SISTEMA DE ALMACENAMIENTO PARA EL SUMINISTRO DE AGUA POTABLE  EN LA JURISDICCION DE ALTO DE LA ALIANZA, DISTRITO DE ALTO DE LA ALIANZA - TACNA - TACNA;MUNICIPALIDAD DISTRITAL DE ALTO DE LA ALIANZA;TACNA;TACNA;ALTO DE LA ALIANZA;18665;5973653.38;Transferencia;Directa;OBRA;Concluido;;;;;;;;;
1768;PE;13243;PNSU;162946;2156901;RENOVACION DE LAS REDES DE AGUA POTABLE Y ALCANTARILLADO EN LA JUNTA VECINAL JORGE BASADRE GROHMANN, DEL DISTRITO DE ALTO DE LA ALIANZA;MUNICIPALIDAD DISTRITAL DE ALTO DE LA ALIANZA;TACNA;TACNA;ALTO DE LA ALIANZA;765;1306234.71;Transferencia;Indirecta;OBRA;Concluido;;;;;;;;;
1769;PE;13244;PNSU;249600;2167713;MEJORAMIENTO DEL SISTEMA DE AGUA POTABLE Y ALCANTARILLADO EN LAS ASOCIACIONES DE VIVIENDA SAN JUAN DE DIOS, SAN PEDRO Y SAN PABLO, DISTRITO DE ALTO DE LA ALIANZA - TACNA - TACNA;MUNICIPALIDAD DISTRITAL DE ALTO DE LA ALIANZA;TACNA;TACNA;ALTO DE LA ALIANZA;2590;3142499.29;Transferencia;Indirecta;OBRA;Concluido;;;;;;;;;
1770;PE;13245;PNSU;309959;2323515;MEJORAMIENTO DE LOS SERVICIOS DE ALCANTARILLADO Y AGUA POTABLE EN EL PUEBLO JOVEN JOSE DE SAN MARTIN, DISTRITO DE ALTO DE LA ALIANZA - TACNA - TACNA;MUNICIPALIDAD DISTRITAL DE ALTO DE LA ALIANZA;TACNA;TACNA;ALTO DE LA ALIANZA;595;732080.78;Transferencia;Indirecta;OBRA;Concluido;;;;;;;;;
1771;PE;13246;PNSU;15516;2030184;REUBICACION Y AMPLIACION DE LA PLANTA DE TRATAMIENTO DE AGUA POTABLE DEL DISTRITO DE CALANA;MUNICIPALIDAD DISTRITAL DE CALANA;TACNA;TACNA;CALANA;2941;1408929;Transferencia;Indirecta;OBRA;Concluido;;;;;;;;;
1772;PE;13247;PNSU;125675;2096098;AMPLIACION, MEJORAMIENTO DEL SISTEMA DE AGUA POTABLE EN EL DISTRITO DE CALANA - TACNA -TACNA;MUNICIPALIDAD DISTRITAL DE CALANA;TACNA;TACNA;CALANA;3662;3118379.81;Transferencia;Indirecta;OBRA;Concluido;;;;;;;;;
1773;PE;13248;PNSU;318550;2274511;AMPLIACION DEL SISTEMA DE AGUA POTABLE Y ALCANTARILLADO  EN EL SECTOR URBANO, DISTRITO DE CALANA - TACNA - TACNA;MUNICIPALIDAD DISTRITAL DE CALANA;TACNA;TACNA;CALANA;3385;20246236.72;Transferencia;Indirecta;OBRA;Concluido;;;;;;;;;
1774;PE;13249;PNSU;8590;2059969;MEJORAMIENTO DEL SISTEMA DE AGUA POTABLE Y CONSTRUCCIÓN DE LA RED DE ALCANTARILLADO DE 11 ASOCIACIONES DE VIVIENDA CONO NORTE TACNA;EPS TACNA S.A.;TACNA;TACNA;CIUDAD NUEVA;5397;9220858;Transferencia;Directa;OBRA;Convenio Resuelto;;;;;;;;;
1775;PE;13250;PNSU;82222;2082651;INSTALACION DE REDES DE AGUA POTABLE Y ALCANTARILLADO EN LA ASOC. DE PEQUEÑOS y MEDIANOS INDUSTRIALES FRANCISCO ANTONIO DE ZELA Y ASOC.VIV. TACNA HEROICA,  DISTRITO DE CIUDAD NUEVA - TACNA - TACNA;MUNICIPALIDAD DISTRITAL DE CIUDAD NUEVA;TACNA;TACNA;CIUDAD NUEVA;640;992473.28;Transferencia;Directa;OBRA;Concluido;;;;;;;;;
1776;PE;13251;PNSU;180674;2135837;AMPLIACION DEL SISTEMA DE AGUA POTABLE Y ALCANTARILLADO EN LA ASOCIACION DE ARTESANOS Y PEQUEÑOS INDUSTRIALES TACNA-AAPITAC,DISTRITO DE CIUDAD NUEVA-TACNA-TACNA;MUNICIPALIDAD DISTRITAL DE CIUDAD NUEVA;TACNA;TACNA;CIUDAD NUEVA;244;1067513.18;Transferencia;Directa;OBRA;Concluido;;;;;;;;;
1777;PE;13252;PNSU;373070;2333865;MEJORAMIENTO DEL SERVICIO DE AGUA POTABLE MEDIANTE LA RENOVACION DE LA LINEA DE ADUCCION DE 10 DE DIAMETRO DEL RESERVORIO R6 EN EL DISTRITO DE CIUDAD NUEVA PROVINCIA Y REGION DE TACNA;MUNICIPALIDAD PROVINCIAL DE TACNA;TACNA;TACNA;CIUDAD NUEVA;10930;863068.15;Transferencia;Directa;OBRA;Concluido;;;;;;;;;
1778;PE;13253;PNSU;348222;2310742;MEJORAMIENTO DE LAS REDES AGUA Y DESAGUE DE LA AMPLIACION CIUDAD NUEVA, DISTRITO DE CIUDAD NUEVA - TACNA - TACNA;MUNICIPALIDAD DISTRITAL DE CIUDAD NUEVA;TACNA;TACNA;CIUDAD NUEVA;11725;9070596.19;Transferencia;Indirecta;OBRA;Concluido;;;;;;;;;
1779;PE;13254;PNSU;16605;2045122;INSTALACION DE LOS SISTEMAS DE AGUA POTABLE Y ALCANTARILLADO EN LAS PAMPAS DE VIÑANI - TACNA;EPS TACNA S.A.;TACNA;TACNA;CORONEL GREGORIO ALBARRACIN LANCHIP;15761;43899941;Transferencia;Indirecta;OBRA;Concluido;;;;;;;;;
1780;PE;13255;PNSU;33593;2030207;AMPLIACION DE REDES DE AGUA POTABLE Y ALCANTARILLADO EN LAS ASOCIACIONES DE VIVIENDA -SECTOR ARUNTA-TACNA;MUNICIPALIDAD DISTRITAL DE CORONEL GREGORIO ALBARRACIN LANCHIPA;TACNA;TACNA;CORONEL GREGORIO ALBARRACIN LANCHIP;2413;1985719;Transferencia;Directa;OBRA;Concluido;;;;;;;;;
1781;PE;13256;PNSU;23532;2030767;AMPLIACION DE REDES DE AGUA POTABLE EN LA URBANIZACION LAS FRESIAS. DISTRITO DE TACNA;EPS TACNA S.A.;TACNA;TACNA;CORONEL GREGORIO ALBARRACIN LANCHIP;295;40433;Transferencia;Directa;OBRA;Concluido;;;;;;;;;
1782;PE;13257;PNSU;29185;2030768;AMPLIACION DE REDES DE AGUA POTABLE Y ALCANTARILLADO CON CONEXIONES DOMICILIARIAS EN LA ASOCIACION DE VIVIENDA VILLA LOS PARQUES DEL DSTO. GREGORIO ALBARRACIN. TACNA;EPS TACNA S.A.;TACNA;TACNA;CORONEL GREGORIO ALBARRACIN LANCHIP;190;80741;Transferencia;Directa;OBRA;Concluido;;;;;;;;;
1783;PE;13258;PNSU;119748;2116510;INSTALACION DE CONEXIONES DOMICILIARIAS DE AGUA Y DESAGUE EN PROMUVI VIÑANI I, II,III Y IV ETAPA, DISTRITO DE CORONEL GREGORIO ALBARRACIN LANCHIPA - TACNA - TACNA;MUNICIPALIDAD DISTRITAL DE CORONEL GREGORIO ALBARRACIN LANCHIPA;TACNA;TACNA;CORONEL GREGORIO ALBARRACIN LANCHIP;6819;11838466.16;Transferencia;Directa;OBRA;Concluido;;;;;;;;;
1784;PE;13259;PNSU;300669;2246292;INSTALACION DEL SERVICIO DE AGUA POTABLE Y ALCANTARILLADO EN LA ASOCIACION DE PEQUEÑA MICROEMPRESA COSTA SOL, DISTRITO DE CORONEL GREGORIO ALBARRACIN LANCHIPA - TACNA - TACNA;MUNICIPALIDAD DISTRITAL DE CORONEL GREGORIO ALBARRACIN LANCHIPA;TACNA;TACNA;CORONEL GREGORIO ALBARRACIN LANCHIP;601;1851573.96;Transferencia;Indirecta;OBRA;Concluido;;;;;;;;;
1785;PE;13260;PNSU;341890;2302793;CREACION DE LOS SERVICIOS DE AGUA POTABLE Y ALCANTARILLADO EN LA ASOCIACION DE VIVIENDA TALLER EL TRIUNFO, DISTRITO DE CORONEL GREGORIO ALBARRACIN LANCHIPA - TACNA - TACNA;MUNICIPALIDAD DISTRITAL DE CORONEL GREGORIO ALBARRACIN LANCHIPA;TACNA;TACNA;CORONEL GREGORIO ALBARRACIN LANCHIP;286;2486570.53;Transferencia;Indirecta;OBRA;Concluido;;;;;;;;;
1786;PE;13261;PNSU;234089;2201410;MEJORAMIENTO DEL SERVICIO DE AGUA POTABLE EN EL SUBSECTOR 23 Y 26 DEL SECTOR VII CON EL CAUDAL EXCEDENTE DE LA ESTACION DE BOMBEO EB-03 MEDIANTE LA IMPULSION DE ESTE CAUDAL POR LA ESTACION DE BOMBEO EB-02 AL RESERVORIO R-9 EN EL DISTRITO CORONEL GREGRIO ALBARRACIN LANCHIPA,TACNA-TACNA;ENTIDAD PRESTADORA DE SERVICIOS DE SANEAMIENTO TACNA S.A.;TACNA;TACNA;CORONEL GREGORIO ALBARRACIN LANCHIP;28920;5992486.59;Transferencia;Indirecta;OBRA (SALDO);Paralizada;;;;;;;;;
1787;PE;13262;PNSU;11864;2021168;AMPLIACION Y MEJORAMIENTO DE LOS SISTEMAS DE AGUA POTABLE Y ALCANTARILLADO EN EL DISTRITO DE INCLAN - TACNA;MUNICIPALIDAD DISTRITAL DE INCLAN;TACNA;TACNA;INCLAN;3253;12116878.25;Transferencia;Indirecta;OBRA;Concluido;;;;;;;;;
1788;PE;13263;PNSU;328462;2286509;AMPLIACION Y MEJORAMIENTO DEL SERVICIO  DE  AGUA POTABLE Y ALCANTARILLADO DE LOS POBLADOS RURALES DE SAMA GRANDE,  POQUERA,  PROTER Y TOMASIRI, DISTRITO DE INCLAN - TACNA - TACNA;MUNICIPALIDAD DISTRITAL DE INCLAN;TACNA;TACNA;INCLAN;6155;14096682.93;Transferencia;Indirecta;OBRA;Paralizada;;;;;;;;;
1789;PE;13264;PNSU;117374;2146648;REUBICACION DEL POZO SOBRAYA IV DEL DISTRITO DE POCOLLAY - TACNA;EPS TACNA S.A.;TACNA;TACNA;POCOLLAY;41920;965204.28;Transferencia;Indirecta;OBRA;Concluido;;;;;;;;;
1790;PE;13265;PNSU;97215;2095003;REUBICACION DEL POZO SOBRAYA II DEL DISTRITO DE POCOLLAY - TACNA;EPS TACNA S.A.;TACNA;TACNA;POCOLLAY;27504;1036323.64;Transferencia;Indirecta;OBRA;Concluido;;;;;;;;;
1791;PE;13266;PNSU;36311;2032215;AMPLIACION RED DE ALCANTARILLADO AV. CELESTINO VARGAS KMS. 8 Y 9, DISTRITO DE POCOLLAY - TACNA - TACNA;MUNICIPALIDAD DISTRITAL DE POCOLLAY;TACNA;TACNA;POCOLLAY;210;230223;Transferencia;Directa;OBRA;Concluido;;;;;;;;;
1792;PE;13267;PNSU;46791;2044430;AMPLIACION DEL SISTEMA DE AGUA POTABLE Y ALCANTARILLADO DE LA ASOCIACION DE ARTESANOS Y PEQUEÑOS INDUSTRIALES TACNA, DISTRITO DE POCOLLAY - TACNA - TACNA;MUNICIPALIDAD DISTRITAL DE POCOLLAY;TACNA;TACNA;POCOLLAY;2670;1566663;Transferencia;Directa;OBRA;Concluido;;;;;;;;;
1793;PE;13268;PNSU;261576;2185952;MEJORAMIENTO DE LOS SISTEMAS DE AGUA POTABLE Y ALCANTARILLADO EN LA J.C. LAS PEAÑAS, ASOC. CAPANIQUE, ASOC. LAS CASUARINAS, J.C. VILLA EL SALVADOR, ASOC. LAS AMERICAS, AV. CAPANIQUE, DISTRITO DE POCOLLAY - TACNA - TACNA;MUNICIPALIDAD DISTRITAL DE POCOLLAY;TACNA;TACNA;POCOLLAY;4206;5308926.97;Transferencia;Indirecta;OBRA;Concluido;;;;;;;;;
1794;PE;13269;PNSU;178708;2203116;"INSTALACION DEL SISTEMA DE AGUA POTABLE Y ALCANTARILLADO EN LA CALLE SANTA ROSA, CALLE LIBERTAD; PROLONGACION AV. JORGE BASADRE TRAMO OVALO AV. JORGE BASADRE Y LA ASOCIACION EL COCO  DEL DISTRITO DE POCOLLAY, TACNA - TACNA";MUNICIPALIDAD DISTRITAL DE POCOLLAY;TACNA;TACNA;POCOLLAY;3025;3115225.31;Transferencia;Indirecta;OBRA;Concluido;;;;;;;;;
1795;PE;13270;PNSU;325872;2283961;MEJORAMIENTO DE LOS SERVICIOS DE AGUA POTABLE Y ALCANTARILLADO EN LAS ASOCIACIONES DE VIVIENDA VISTA ALEGRE, LA COLINA, VIRGEN DE LAS MERCEDES I, VIRGEN DE LAS MERCEDES II, PRIMAVERA Y TAKANA SECTOR 07, DISTRITO DE POCOLLAY - TACNA - TACNA;MUNICIPALIDAD DISTRITAL DE POCOLLAY;TACNA;TACNA;POCOLLAY;3660;2758207.37;Transferencia;Indirecta;OBRA;Concluido;;;;;;;;;
1796;PE;13271;PNSU;206175;2200678;INSTALACION DE LOS SISTEMAS DE AGUA POTABLE Y ALCANTARILLADO EN LA ASOCIACION DE VIVIENDA LAS COLINAS, DISTRITO DE POCOLLAY - TACNA - TACNA;MUNICIPALIDAD DISTRITAL DE POCOLLAY;TACNA;TACNA;POCOLLAY;675;1556315.28;Transferencia;Indirecta;OBRA;Concluido;;;;;;;;;
1797;PE;13272;PNSU;20453;2110030;MEJORAMIENTO Y AMPLIACION DEL SISTEMA INTEGRAL DE SANEAMIENTO BASICO DE LA LOCALIDAD DE SAMA LAS YARAS-TACNA;MUNICIPALIDAD DISTRITAL DE SAMA;TACNA;TACNA;SAMA;2217;4976444;Transferencia;Indirecta;EXPEDIENTE TECNICO;Concluido;;;;;;;;;
1798;PE;13273;PNSU;72762;2108995;MEJORAMIENTO Y AMPLIACION INTEGRAL DEL SISTEMA DE DISTRIBUCION DE AGUA POTABLE EN LA CIUDAD DE TACNA;EPS TACNA S.A.;TACNA;TACNA;TACNA;252145;14309383.4;Transferencia;Indirecta;OBRA;Concluido;;;;;;;;;
1799;PE;13274;PNSU;26969;2030545;INSTALACION DE UN RESERVORIO Y UNA LINEA DE ALIMENTACION PARA EL MEJORAMIENTO DEL SERVICIO DE AGUA POTABLE EN LAS ASOCIACIONES DEL CONO SUR OESTE PROVINCIA DE TACNA;EPS TACNA S.A.;TACNA;TACNA;TACNA;7295;1646005;Transferencia;Directa;OBRA;Concluido;;;;;;;;;
1800;PE;13275;PNSU;34982;2031825;RENOVACION DE LAS REDES DE ALCANTARILLADO EN EL DISTRITO DE TACNA Y ZONAS ALEDAÑAS.;EPS TACNA S.A.;TACNA;TACNA;TACNA;3006;1006528;Transferencia;Directa;OBRA;Concluido;;;;;;;;;
1801;PE;13276;PNSU;19974;2030771;PROLONGACION DE SERVICIO DE AGUA POTABLE - ASOCIACIONES DE VIVIENDA SAN JOSE OBRERO - OTROS Y PROGRAMA DE TECHO PROPIO;EPS TACNA S.A.;TACNA;TACNA;TACNA;3000;166388;Transferencia;Directa;OBRA;Concluido;;;;;;;;;
1802;PE;13277;PNSU;29785;2030773;RENOVACION DE LAS REDES DE ALCANTARILLADO DE LA CALLE RESTAURACION DE LA PROVINCIA DE TACNA;EPS TACNA S.A.;TACNA;TACNA;TACNA;190;33313;Transferencia;Directa;OBRA;Concluido;;;;;;;;;
1803;PE;13278;PNSU;27572;2030774;RENOVACION DE LA RED DE AGUA POTABLE CALLE ARICA EN EL TRAMO DESDE LA CALLE CORONEL BUSTIOS HASTA LA AVENIDA MIRAFLORES PROVINCIA DE TACNA;EPS TACNA S.A.;TACNA;TACNA;TACNA;925;148499.7;Transferencia;Directa;OBRA;Concluido;;;;;;;;;
1804;PE;13279;PNSU;31170;2030775;RENOVACION DE LAS REDES DE ALCANTARILLADO DE LA CUADRA 3 DE LA CALLE SUCRE DE LA PROVINCIA DE TACNA;EPS TACNA S.A.;TACNA;TACNA;TACNA;80;53864.86;Transferencia;Directa;OBRA;Concluido;;;;;;;;;
1805;PE;13280;PNSU;23558;2030766;AMPLIACION DE REDES DE AGUA POTABLE EN LA JUNTA VECINAL GRAN MARISCAL MILLER. DISTRITO DE TACNA;MUNICIPALIDAD PROVINCIAL DE TACNA;TACNA;TACNA;TACNA;360;80186.97;Transferencia;Directa;OBRA;Concluido;;;;;;;;;
1806;PE;13281;PNSU;110044;2146161;RENOVACION DE LA RED DE ALCANTARILLADO Y AGUA POTABLE EN LA CALLE PIURA DE LA CIUDAD DE TACNA;EPS TACNA S.A.;TACNA;TACNA;TACNA;294;781690.08;Transferencia;Directa;OBRA;Concluido;;;;;;;;;
1807;PE;13282;PNSU;133021;2153932;RENOVACION DE LAS REDES DE AGUA POTABLE Y ALCANTARILLADO DE LA J.V. MIGUEL GRAU DE LA CIUDAD DE TACNA;ENTIDAD PRESTADORA DE SERVICIOS DE SANEAMIENTO TACNA S.A.;TACNA;TACNA;TACNA;2142;2059469.66;Transferencia;Directa;OBRA;Concluido;;;;;;;;;
1808;PE;13283;PNSU;140175;2148040;REHAIBILITACION Y MEJORAMIENTO DE LAS REDES DE AGUA POTABLE Y ALCANTARILLADO EN LA CALLE CUSCO DEL DISTRITO DE TACNA;ENTIDAD PRESTADORA DE SERVICIOS DE SANEAMIENTO TACNA S.A.;TACNA;TACNA;TACNA;3870;949599.86;Transferencia;Directa;OBRA;Concluido;;;;;;;;;
1809;PE;13284;PNSU;205037;2154335;MEJORAMIENTO DEL SERVICIO DE AGUA POTABLE Y ALCANTARILLADO EN EL CENTRO HISTORICO DE TACNA -TACNA-TACNA;ENTIDAD PRESTADORA DE SERVICIOS DE SANEAMIENTO TACNA S.A.;TACNA;TACNA;TACNA;19434;10289411.33;Transferencia;Indirecta;OBRA;Concluido;;;;;;;;;
1810;PE;13285;PNSU;205369;2155516;MEJORAMIENTO DE LOS PROCESOS DE CLORACION, COAGULACION Y NEUTRALIZACION DE LA PLANTA DE TRATAMIENTO DE AGUA POTABLE DE CALANA -TACNA-TACNA;ENTIDAD PRESTADORA DE SERVICIOS DE SANEAMIENTO TACNA S.A.;TACNA;TACNA;TACNA;95435;1259536.94;Transferencia;Directa;OBRA;Concluido;;;;;;;;;
1811;PE;13286;PNSU;211008;2158008;REHABILITACION DE LA CAPACIDAD DE PRESTACION DEL SERVICIO DE AGUA POTABLE Y ALCANTARILLADO EN LA JUNTA VECINAL SAN MARTIN DE PORRES DISTRITO DE TACNA-TACNA-TACNA;ENTIDAD PRESTADORA DE SERVICIOS DE SANEAMIENTO TACNA S.A.;TACNA;TACNA;TACNA;2990;1896529.58;Transferencia;Directa;OBRA;Concluido;;;;;;;;;
1812;PE;13287;PNSU;97212;2117064;MEJORAMIENTO Y RENOVACION DEL SISTEMA DE REDES DE AGUA POTABLE Y ALCANTARILLADO EN EL C.P.BOLOGNESI DE LA CIUDAD DE TACNA;ENTIDAD PRESTADORA DE SERVICIOS DE SANEAMIENTO TACNA S.A.;TACNA;TACNA;TACNA;6750;7255945.08;Transferencia;Directa;OBRA;Concluido;;;;;;;;;
1813;PE;13288;PNSU;97079;2167694;RENOVACION DE RED DE ALCANTARILLADO Y AGUA POTABLE EN EL PUEBLO JOVEN AUGUSTO B. LEGUIA DISTRITO DE TACNA - TACNA - TACNA;ENTIDAD PRESTADORA DE SERVICIOS DE SANEAMIENTO TACNA S.A.;TACNA;TACNA;TACNA;2070;2930652.66;Transferencia;Directa;OBRA;Concluido;;;;;;;;;
1814;PE;13289;PNSU;109770;2161474;RENOVACION DE LA RED DE ALCANTARILLADO Y AGUA POTABLE EN LA AVENIDA LEGUIA DE LA CIUIDAD DE TACNA;ENTIDAD PRESTADORA DE SERVICIOS DE SANEAMIENTO TACNA S.A.;TACNA;TACNA;TACNA;1734;4311409.59;Transferencia;Directa;OBRA;Concluido;;;;;;;;;
1815;PE;13290;PNSU;132919;2153930;RENOVACION Y AMPLIACION DE LAS REDES DE AGUA POTABLE Y ALCANTARILLADO DE LA J.V. FRANCISCO DE PAULA GONZALES VIGIL DE LA CIUDAD DE TACNA;ENTIDAD PRESTADORA DE SERVICIOS DE SANEAMIENTO TACNA S.A.;TACNA;TACNA;TACNA;5154;4068981.72;Transferencia;Directa;OBRA;Concluido;;;;;;;;;
1816;PE;13291;PNSU;146406;2217018;RENOVACION DE LAS REDES DE AGUA POTABLE Y ALCANTARILLADO EN LA JUNTA VECINAL LA VICTORIA DE LA CIUDAD DE TACNA;ENTIDAD PRESTADORA DE SERVICIOS DE SANEAMIENTO TACNA S.A.;TACNA;TACNA;TACNA;2615;2871841.55;Transferencia;Directa;OBRA;Concluido;;;;;;;;;
1817;PE;13292;PNSU;146923;2235790;AMPLIACION DE LA PLANTA DE TRATAMIENTO DE AGUA POTABLE DE ALTO LIMA A 250 L S EN LA PROVINCIA DE TACNA;ENTIDAD PRESTADORA DE SERVICIOS DE SANEAMIENTO TACNA S.A.;TACNA;TACNA;TACNA;296136;5684224.52;Transferencia;Indirecta;OBRA;Paralizada;;;;;;;;;
1818;PE;13293;PNSU;152922;2323828;INSTALACION DE REDES DE AGUA Y ALCANTARILLADO EN LE FUNDO PARA, DEL CENTRO POBLADO MENOR AUGUSTO B. LEGUIA, DEL DISTRITO, PROVINCIA Y DEPARTAMENTO DE TACNA;ENTIDAD PRESTADORA DE SERVICIOS DE SANEAMIENTO TACNA S.A.;TACNA;TACNA;TACNA;5267;3049671.11;Transferencia;Indirecta;OBRA;Concluido;;;;;;;;;
1819;PE;13294;PNSU;362935;2326409;MEJORAMIENTO DEL SERVICIO DE AGUA POTABLE Y ALCANTARILLADO SANITARIO EN LA JUNTA VECINAL PUEBLO LIBRE DEL DISTRITO DE TACNA PROVINCIA DE TACNA - TACNA;MUNICIPALIDAD PROVINCIAL DE TACNA;TACNA;TACNA;TACNA;557;1019587.96;Transferencia;Directa;OBRA;Concluido;;;;;;;;;
1820;PE;13295;PNSU;362846;2326318;MEJORAMIENTO DEL SERVICIO DE AGUA POTABLE DE LA LINEA PRIMARIA DE AGUA DE 12 DESDE LA CRP. AV. INDUSTRIAL HASTA LA INTERSECCION DE LA AV. EL SOL CON OSCAR CARBAJAL SOTO DISTRITO DE TACNA PROVINCIA DE TACNA - TACNA;MUNICIPALIDAD PROVINCIAL DE TACNA;TACNA;TACNA;TACNA;38727;617232.66;Transferencia;Directa;OBRA;Concluido;;;;;;;;;
1821;PE;13296;PNSU;170194;2209849;INSTALACION Y AMPLIACION DE REDES DE AGUA POTABLE Y ALCANTARILLADO EN LA ASOCIACION DE VIVIENDA RESIDENCIAL EL OLIVAR, DE LA CIUDAD DE TACNA, PROVINCIA DE TACNA - TACNA;MUNICIPALIDAD PROVINCIAL DE TACNA;TACNA;TACNA;TACNA;325;709188.62;Transferencia;Directa;OBRA;Concluido;;;;;;;;;
1822;PE;13297;PNSU;2454335;2454335;CREACION DE LOS SERVICIOS DE AGUA POTABLE Y ALCANTARILLADO EN LA ASOCIACION DE VIVIENDA VERDADEROS HIJOS DE LEGUIA DEL  DISTRITO DE TACNA - PROVINCIA DE TACNA - DEPARTAMENTO DE TACNA;MUNICIPALIDAD PROVINCIAL DE TACNA;TACNA;TACNA;TACNA;1180;1742111.35;Transferencia;Indirecta;OBRA;Concluido;;;;;;;;;
1823;PE;13298;PNSU;90792;2084798;MEJORAMIENTO Y AMPLIACION DEL SISTEMA INTEGRAL DE SANEAMIENTO BASICO DE LA LOCALIDAD DE ESTIQUE PAMPA, DISTRITO DE ESTIQUE-PAMPA - TARATA - TACNA;MUNICIPALIDAD DISTRITAL DE ESTIQUE PAMPA;TACNA;TARATA;ESTIQUE-PAMPA;486;2264244;Transferencia;Indirecta;OBRA;Concluido;;;;;;;;;
1824;PE;13299;PNSU;116115;2104947;MEJORAMIENTO Y REHABILITACION DEL SISTEMA DE AGUA POTABLE DEL SECTOR SUR DEL DISTRITO CANOAS DE PUNTA SAL, PROVINCIA DE CONTRALMIRANTE VILLAR - TUMBES;MUNICIPALIDAD DISTRITAL CANOAS DE PUNTA SAL;TUMBES;CONTRALMIRANTE VILLAR;CANOAS DE PUNTA SAL;5150;6317229.86;Transferencia;Indirecta;OBRA;Convenio Resuelto;;;;;;;;;
1825;PE;13300;PNSU;116151;2104699;MEJORAMIENTO Y AMPLIACION DEL SISTEMA DE ABASTECIMIENTO DE AGUA POTABLE PARA LAS LOCALIDADES DE CAÑAVERAL,CASITAS,LA RINCONADA,HUAQUILAS,TAMARINO,AVERIAS Y TRIGAL DEL DISTRITO DE CASITAS, PROVINCIA DE CONTRALMIRANTE VILLAR - TUMBES;MUNICIPALIDAD DISTRITAL DE CASITAS;TUMBES;CONTRALMIRANTE VILLAR;CASITAS;1701;6246158.18;Transferencia;Indirecta;OBRA;Concluido;;;;;;;;;
1826;PE;13301;PNSU;61764;2060052;AMPLIACION DEL SISTEMA DE SANEAMIENTO BASICO Y MEJORAMIENTO DE LAS REDES SECUNDARIAS DE AGUA Y DESAGUE DE LOS CC.PP. DEL EJE SUR DEL DISTRITO DE ZORRITOS, PROVINCIA DE CONTRALMIRANTE VILLAR - TUMBES;MUNICIPALIDAD PROVINCIAL DE CONTRALMIRANTE VILLAR;TUMBES;CONTRALMIRANTE VILLAR;ZORRITOS;3000;3592344;Transferencia;Indirecta;EXPEDIENTE TECNICO;Concluido;;;;;;;;;
1827;PE;13302;PNSU;57032;2054319;MEJORAMIENTO Y AMPLIACION DEL SISTEMA DE AGUA POTABLE Y ALCANTARILLADO DEL PUEBLO DE GRAU Y PUEBLO DE NUEVA ESPERANZA ZORRITOS, PROVINCIA DE CONTRALMIRANTE VILLAR - TUMBES;MUNICIPALIDAD PROVINCIAL DE CONTRALMIRANTE VILLAR;TUMBES;CONTRALMIRANTE VILLAR;ZORRITOS;1517;3934678;Transferencia;Indirecta;OBRA;Concluido;;;;;;;;;
1828;PE;13303;PNSU;184612;2214954;MEJORAMIENTO DEL SISTEMA DE AGUA Y ALCANTARILLADO EN EL SECTOR PARTE ALTA DEL BARRIO LAS DELICIAS, LEONCIO PRADO Y LOS PINOS NORTE DEL DISTRITO DE ZORRITOS, PROVINCIA DE CONTRALMIRANTE VILLAR - TUMBES;MUNICIPALIDAD PROVINCIAL DE CONTRALMIRANTE VILLAR;TUMBES;CONTRALMIRANTE VILLAR;ZORRITOS;1000;1864361.58;Transferencia;Indirecta;OBRA;Concluido;;;;;;;;;
1829;PE;13304;PNSU;274697;2185570;MEJORAMIENTO DEL SERVICIO DE AGUA POTABLE Y ALACANTARILLADO BARRIO LOS PINOS DEL DISTRITO DE ZORRITOS, PROVINCIA DE CONTRALMIRANTE VILLAR - TUMBES;MUNICIPALIDAD PROVINCIAL DE CONTRALMIRANTE VILLAR;TUMBES;CONTRALMIRANTE VILLAR;ZORRITOS;2200;4541758.3;Transferencia;Indirecta;OBRA;Concluido;;;;;;;;;
1830;PE;13305;PNSU;29120;2031689;MEJORAMIENTO Y AMPLIACION DEL SISTEMA DE AGUA POTABLE Y ALCANTARILLADO DE VILLA CANCAS DE LA PROVINCIA DE CONTRALMIRANTE VILLAR DEL DEPARTAMENTO DE TUMBES (Saldo de Obra);GOBIERNO REGIONAL TUMBES;TUMBES;CONTRALMIRANTE VILLAR;ZORRITOS;4366;8210404.13;Transferencia;Indirecta;OBRA (Expediente Saldo);En elaboración;;;;;;;;;
1831;PE;13306;PNSU;282147;2196622;MEJORAMIENTO DEL SERVICIO DE ALCANTARILLADO DE LA LOCALIDAD DE BOCAPAN DEL DISTRITO DE ZORRITOS, PROVINCIA DE CONTRALMIRANTE VILLAR - TUMBES;MUNICIPALIDAD PROVINCIAL DE CONTRALMIRANTE VILLAR;TUMBES;CONTRALMIRANTE VILLAR;ZORRITOS;1650;7828282.88;Transferencia;Indirecta;OBRA (SALDO);Paralizada;;;;;;;;;
1832;PE;13307;PNSU;52855;2047536;CONSTRUCCION DEL SISTEMA DE AGUA POTABLE DEL CENTRO POBLADO LA JOTA- CORRALES, PROVINCIA DE TUMBES - TUMBES;MUNICIPALIDAD DISTRITAL DE CORRALES;TUMBES;TUMBES;CORRALES;336;223211;Transferencia;Indirecta;OBRA;Concluido;;;;;;;;;
1833;PE;13308;PNSU;53763;2050275;CONSTRUCCION DEL SISTEMA DE AGUA POTABLE EL TABLAZO ALTO, DISTRITO CORRALES, PROVINCIA DE TUMBES - TUMBES;MUNICIPALIDAD DISTRITAL DE CORRALES;TUMBES;TUMBES;CORRALES;616;231747;Transferencia;Indirecta;OBRA;Concluido;;;;;;;;;
1834;PE;13309;PNSU;52794;2050268;CONSTRUCCION DEL SISTEMA DE AGUA POTABLE DEL CENTRO POBLADO MALVAL Y ANEXOS DISTRITO DE CORRALES, PROVINCIA DE TUMBES - TUMBES;MUNICIPALIDAD DISTRITAL DE CORRALES;TUMBES;TUMBES;CORRALES;2555;1156418;Transferencia;Indirecta;OBRA;Concluido;;;;;;;;;
1835;PE;13310;PNSU;52814;2052172;INSTALACION DEL SISTEMA DE AGUA POTABLE EN EL CENTRO POBLADO LOS CEDROS , PROVINCIA DE TUMBES - TUMBES;MUNICIPALIDAD DISTRITAL DE CORRALES;TUMBES;TUMBES;CORRALES;280;304544;Transferencia;Directa;OBRA;Concluido;;;;;;;;;
1836;PE;13311;PNSU;54048;2047093;AMPLIACION DE RED DE AGUA Y ALCANTARILLADO EN LA LOCALIDAD DE LA CRUZ Y ANEXOS DISTRITO DE LA CRUZ, PROVINCIA DE TUMBES - TUMBES (SALDO DE OBRA);MUNICIPALIDAD PROVINCIAL DE TUMBES;TUMBES;TUMBES;LA CRUZ;271;14684732;Transferencia;Indirecta;OBRA (Expediente Saldo);En elaboración;;;;;;;;;
1837;PE;13312;PNSU;280758;2197203;MEJORAMIENTO DEL SERVICIO DE AGUA POTABLE E INSTALACION DEL SERVICIO DE ALCANTARILLADO EN EL CASERIO DE CRUZ BLANCA, DISTRITO DE PAMPAS DE HOSPITAL, PROVINCIA DE TUMBES - TUMBES;MUNICIPALIDAD DISTRITAL DE PAMPAS DE HOSPITAL;TUMBES;TUMBES;PAMPAS DE HOSPITAL;1307;2161200.74;Transferencia;Indirecta;OBRA;Concluido;;;;;;;;;
1838;PE;13313;PNSU;241828;2220008;INSTALACION DE LOS SERVICIOS DE AGUA POTABLE Y ALCANTARILLADO EN EL BARRIO JOSE CARLOS MARIATEGUI, MIRAFLORES Y EL CC.PP CABUYAL, DISTRITO DE PAMPAS DE HOSPITAL, PROVINCIA DE TUMBES - TUMBES;MUNICIPALIDAD DISTRITAL DE PAMPAS DE HOSPITAL;TUMBES;TUMBES;PAMPAS DE HOSPITAL;2905;11691246.11;Transferencia;Indirecta;OBRA;Concluido;;;;;;;;;
1839;PE;13314;PNSU;49017;2054948;REHABILITACION Y MEJORAMIENTO DEL SISTEMA DE AGUA POTABLE Y LETRINAS PARA LA LOCALIDAD DE HIGUERON EN EL DISTRITO DE SAN JACINTO, PROVINCIA DE TUMBES - TUMBES;MUNICIPALIDAD DISTRITAL DE SAN JACINTO;TUMBES;TUMBES;SAN JACINTO;527;483268;Transferencia;Indirecta;OBRA;Concluido;;;;;;;;;
1840;PE;13315;PNSU;49087;2052109;INSTALACION DE SISTEMA DE AGUA POTABLE Y LETRINAS PARA LA LOCALIDAD DE LA CAPITANA EN EL DISTRITO DE SAN JACINTO TUMBES, PROVINCIA DE TUMBES - TUMBES;MUNICIPALIDAD DISTRITAL DE SAN JACINTO;TUMBES;TUMBES;SAN JACINTO;423;816794;Transferencia;Indirecta;OBRA;Concluido;;;;;;;;;
1841;PE;13316;PNSU;49089;2052180;INSTALACION DEL SISTEMA DE AGUA POTABLE DEL CASERIO VAQUERIA DISTRITO DE SAN JACINTO TUMBES, PROVINCIA DE TUMBES - TUMBES;MUNICIPALIDAD DISTRITAL DE SAN JACINTO;TUMBES;TUMBES;SAN JACINTO;1076;530820;Transferencia;Indirecta;OBRA;Concluido;;;;;;;;;
1842;PE;13317;PNSU;49091;2052110;INSTALACION DE SISTEMA DE AGUA POTABLE Y LETRINAS PARA LA LOCALIDAD DE RICA PLAYA EN EL DISTRITO DE SAN JACINTO TUMBES, PROVINCIA DE TUMBES - TUMBES;MUNICIPALIDAD DISTRITAL DE SAN JACINTO;TUMBES;TUMBES;SAN JACINTO;462;911544;Transferencia;Indirecta;OBRA;Concluido;;;;;;;;;
1843;PE;13318;PNSU;53863;2047385;AMPLIACION Y MEJORAMIENTO DEL SISTEMA DE AGUA POTABLE EN LAS LOCALIDADES DE SAN JACINTO, PLATEROS, SANTA ROSA, LA PEÑA Y PECHICHAL DEL DISTRITO SAN JACINTO, PROVINCIA DE TUMBES - TUMBES;MUNICIPALIDAD DISTRITAL DE SAN JACINTO;TUMBES;TUMBES;SAN JACINTO;4175;8303960;Transferencia;Indirecta;OBRA;Concluido;;;;;;;;;
1844;PE;13319;PNSU;209234;2255275;MEJORAMIENTO Y AMPLIACION DEL SISTEMA DE ALCANTARILLADO Y CONSTRUCCION DE LA PLANTA DE TRATAMIENTO DE AGUAS RESIDUALES PARA LAS LOCALIDADES DE PECHICHAL, SAN JACINTO, PLATEROS, SANTA ROSA Y LA PENA , DISTRITO DE SAN JACINTO - TUMBES - TUMBES;MUNICIPALIDAD DISTRITAL DE SAN JACINTO;TUMBES;TUMBES;SAN JACINTO;5801;29331693;Transferencia;Indirecta;EXPEDIENTE TECNICO;En elaboración;;;;;;;;;
1845;PE;13320;PNSU;53641;2050336;CONSTRUCCION DEL SISTEMA DE ALCANTARILLADO DE LAS LOCALIDADES DE CERRO BLANCO Y NUEVA ESPERANZA, DISTRITO DE TUMBES, PROVINCIA DE TUMBES - TUMBES;MUNICIPALIDAD DISTRITAL DE SAN JUAN DE LA VIRGEN;TUMBES;TUMBES;SAN JUAN DE LA VIRGEN;1706;3631850.58;Transferencia;Indirecta;OBRA;Concluido;;;;;;;;;
1846;PE;13321;PNSU;175324;2147035;MEJORAMIENTO Y AMPLIACION DE LOS SISTEMAS DE AGUA POTABLE Y ALCANTARILLADO DE LAS LOCALIDADES DE SAN JUAN DE LA VIRGEN Y GARBANZAL , DISTRITO DE SAN JUAN DE LA VIRGEN - TUMBES - TUMBES;MUNICIPALIDAD DISTRITAL DE SAN JUAN DE LA VIRGEN;TUMBES;TUMBES;SAN JUAN DE LA VIRGEN;2431;6692327.7;Transferencia;Indirecta;OBRA;Convenio Resuelto;;;;;;;;;
1847;PE;13322;PNSU;48449;2047110;AMPLIACION DE SERVICIO DE AGUA AA.HH ALIPIO ROSALES Y ANDRES A. CACERES-SECTOR NUEVO TUMBES, PROVINCIA DE TUMBES - TUMBES;MUNICIPALIDAD PROVINCIAL DE TUMBES;TUMBES;TUMBES;TUMBES;366;64576;Transferencia;Indirecta;OBRA;Concluido;;;;;;;;;
1848;PE;13323;PNSU;48460;2047111;AMPLIACION DE SERVICIO DE AGUA POTABLE ASOC. PRO-VIVIENDA DEL PERSONAL PNP SANTA ROSA, PROVINCIA DE TUMBES - TUMBES;MUNICIPALIDAD PROVINCIAL DE TUMBES;TUMBES;TUMBES;TUMBES;175;58053;Transferencia;Indirecta;OBRA;Concluido;;;;;;;;;
1849;PE;13324;PNSU;48481;2052366;MEJORAMIENTO Y AMPLIACION DE LOS SISTEMAS DE AGUA POTABLE Y ALCANTARILLADO DE LA CALLE INMACULADA CONCEPCION Y PASAJE MANCO CAPAC, SECTOR EX COMBATIENTES DEL 41, DEL CENTRO POBLADO DE PAMPA GRANDE TUMBES, PROVINCIA DE TUMBES - TUMBES;MUNICIPALIDAD PROVINCIAL DE TUMBES;TUMBES;TUMBES;TUMBES;509;304976;Transferencia;Indirecta;OBRA;Concluido;;;;;;;;;
1850;PE;13325;PNSU;48497;2047180;AMPLIACION DEL SISTEMA DE AGUA POTABLE Y ALCANTARILLADO DEL AA. HH . LAS MALVINAS - TUMBES, PROVINCIA DE TUMBES - TUMBES;MUNICIPALIDAD PROVINCIAL DE TUMBES;TUMBES;TUMBES;TUMBES;990;1299960.46;Transferencia;Indirecta;OBRA;Concluido;;;;;;;;;
1851;PE;13326;PNSU;48523;2047181;AMPLIACION DEL SISTEMA DE AGUA POTABLE Y ALCANTARILLADO DEL AA.HH CIUDADELA NOE DEL SECTOR NUEVO TUMBES DEL DISTRITO DE TUMBES, PROVINCIA DE TUMBES - TUMBES;MUNICIPALIDAD PROVINCIAL DE TUMBES;TUMBES;TUMBES;TUMBES;2000;1301564;Transferencia;Indirecta;OBRA;Concluido;;;;;;;;;
1852;PE;13327;PNSU;49612;2043322;INSTALACION DEL SISTEMA DE AGUA POTABLE Y ALCANTARILLADO DEL AA.HH EL EDEN BAJO SECTOR PAMPA GRANDE, DISTRITO TUMBES TUMBES, PROVINCIA DE TUMBES - TUMBES;MUNICIPALIDAD PROVINCIAL DE TUMBES;TUMBES;TUMBES;TUMBES;700;532382;Transferencia;Indirecta;OBRA;Concluido;;;;;;;;;
1853;PE;13328;PNSU;52409;2047196;AMPLIACION DEL SISTEMA DE ALCANTARILLADO DE PUERTO PIZARRO-SECTOR NORTE I ETAPA - TUMBES, PROVINCIA DE TUMBES - TUMBES;MUNICIPALIDAD PROVINCIAL DE TUMBES;TUMBES;TUMBES;TUMBES;700;1864312;Transferencia;Indirecta;OBRA;Concluido;;;;;;;;;
1854;PE;13329;PNSU;86208;2064561;INSTALACION DEL SISTEMA DE ALCANTARILLADO EN EL SECTOR SUR Y MEJORAMIENTO DEL SISTEMA DE AGUA POTABLE DEL CENTRO POBLADO PUERTO PIZARRO, PROVINCIA DE TUMBES - TUMBES;MUNICIPALIDAD PROVINCIAL DE TUMBES;TUMBES;TUMBES;TUMBES;2353;2964062;Transferencia;Indirecta;OBRA;Concluido;;;;;;;;;
1855;PE;13330;PNSU;135483;2108379;CONSTRUCCION DE LAGUNA DE OXIDACION, LINEA DE IMPULSION, SISTEMA DE MEDIA TENSION Y EQUIPAMIENTO DE CAMARAS DE BOMBEO DEL CENTRO POBLADO DE PUERTO PIZARRO, PROVINCIA DE TUMBES - TUMBES;MUNICIPALIDAD PROVINCIAL DE TUMBES;TUMBES;TUMBES;TUMBES;3560;3539951;Transferencia;Indirecta;OBRA;Concluido;;;;;;;;;
1856;PE;13331;PNSU;53694;2051106;CONSTRUCCION SISTEMA DE ALCANTARILLADO DEL AA.HH 12 DE SETIEMBRE, PROVINCIA DE TUMBES - TUMBES;MUNICIPALIDAD PROVINCIAL DE TUMBES;TUMBES;TUMBES;TUMBES;965;550349.07;Transferencia;Indirecta;OBRA;Concluido;;;;;;;;;
1857;PE;13332;PNSU;235296;2226075;MEJORAMIENTO Y AMPLIACIÓN DE LA RED PRINCIPAL DE AGUA Y ALCANTARILLADO DEL SECTOR NOR ESTE Y NOR OESTE DEL AA HH LOS CLAVELES PAMPA GRANDE DISTRITO DE TUMBES, PROVINCIA DE TUMBES - TUMBES;MUNICIPALIDAD PROVINCIAL DE TUMBES;TUMBES;TUMBES;TUMBES;4295;49272528.86;Transferencia;Indirecta;OBRA;En Ejecución;;;;;;;;;
1858;PE;13333;PNSU;319691;2300048;MEJORAMIENTO DEL SERVICIO DE SANEAMIENTO BÁSICO DEL SECTOR VIA CANAL DEL BARRIO SAN JOSE, PROVINCIA DE TUMBES - TUMBES;MUNICIPALIDAD PROVINCIAL DE TUMBES;TUMBES;TUMBES;TUMBES;18035;16729171.64;Transferencia;Indirecta;OBRA;Concluido;;;;;;;;;
1859;PE;13334;PNSU;333237;2291804;MEJORAMIENTO DEL SISTEMA DE ALCANTARILLADO DE LOS SECTORES: EL BOSQUE, MAFALDA LAMA, ANDRES ARAUJO, ALIPIO ROSALES, ANDRES AVELINO CACERES Y ZONAS ALEDAÑAS A LA QUEBRADA PEDREGAL DEL CENTRO POBLADO DE NUEVO TUMBES TUMBES, PROVINCIA DE TUMBES - TUMBES;MUNICIPALIDAD PROVINCIAL DE TUMBES;TUMBES;TUMBES;TUMBES;18500;16101399.08;Transferencia;Indirecta;OBRA;Concluido;;;;;;;;;
1860;PE;13335;PNSU;343481;2304612;MEJORAMIENTO DEL COLECTOR PRINCIPAL DE ALCANTARILLADO MARISCAL CASTILLA DEL DISTRITO DE TUMBES, PROVINCIA DE TUMBES - TUMBES;MUNICIPALIDAD PROVINCIAL DE TUMBES;TUMBES;TUMBES;TUMBES;13134;7915546.12;Transferencia;Indirecta;OBRA;Concluido;;;;;;;;;
1861;PE;13336;PNSU;331197;2300185;MEJORAMIENTO DEL COLECTOR PRINCIPAL DE ALCANTARILLADO FRANCISCO IBÁÑEZ DEL DISTRITO DE TUMBES, PROVINCIA DE TUMBES - TUMBES;MUNICIPALIDAD PROVINCIAL DE TUMBES;TUMBES;TUMBES;TUMBES;24835;2255297;Transferencia;Indirecta;OBRA;Concluido;;;;;;;;;
1862;PE;13337;PNSU;337471;2300581;MEJORAMIENTO DEL COLECTOR PRINCIPAL DE ALCANTARILLADO LOS FICUS - DISTRITO DE TUMBES, PROVINCIA DE TUMBES - TUMBES;MUNICIPALIDAD PROVINCIAL DE TUMBES;TUMBES;TUMBES;TUMBES;7637;7698392.33;Transferencia;Indirecta;OBRA;Concluido;;;;;;;;;
1863;PE;13338;PNSU;59219;2045228;MEJORAMIENTO DEL SISTEMA DE AGUA POTABLE Y ALCANTARILLADO POR EL SISTEMA CONDOMINIAL EN LA LOCALIDAD DEL CANARIO I Y II, DISTRITO DE AGUAS VERDES - ZARUMILLA - TUMBES;MUNICIPALIDAD DISTRITAL DE AGUAS VERDES;TUMBES;ZARUMILLA;AGUAS VERDES;7446;1443833;Transferencia;Indirecta;OBRA;Concluido;;;;;;;;;
1864;PE;13339;PNSU;128408;2161465;MEJORAMIENTO Y AMPLIACION DE LOS SISTEMAS DE AGUA POTABLE Y DESAGUE DE LA LOCALIDAD DE AGUAS VERDES Y AA.HH. , DISTRITO DE AGUAS VERDES - ZARUMILLA - TUMBES;MUNICIPALIDAD DISTRITAL DE AGUAS VERDES;TUMBES;ZARUMILLA;AGUAS VERDES;24168;32157801.75;Transferencia;Indirecta;OBRA;Concluido;;;;;;;;;
1865;PE;13340;PNSU;2453194;2453194;MEJORAMIENTO Y AMPLIACION DEL SISTEMA DE ABASTECIMIENTO DE AGUA POTABLE Y ALCANTARILLADO EN LA ZONA URBANA Y AA. HH. DE AGUAS VERDES DEL DISTRITO DE AGUAS VERDES - PROVINCIA DE ZARUMILLA - DEPARTAMENTO DE TUMBES;MUNICIPALIDAD DISTRITAL DE AGUAS VERDES;TUMBES;ZARUMILLA;AGUAS VERDES;17366;63748975.68;Transferencia;Indirecta;OBRA;Concluido;;;;;;;;;
1866;PE;13341;PNSU;274036;2202303;INSTALACION DEL SERVICIO DE AGUA POTABLE Y SANEAMIENTO DE LAS LOCALIDADES DE MATAPALO Y QUEBRADA SECA DEL DISTRITO DE MATAPALO, PROVINCIA DE ZARUMILLA - TUMBES;MUNICIPALIDAD DISTRITAL DE MATAPALO;TUMBES;ZARUMILLA;MATAPALO;1995;6970367.81;Transferencia;Indirecta;OBRA;Actos Previos;;;;;;;;;
1867;PE;13342;PNSU;52014;2065119;MEJORAMIENTO DEL SISTEMA DE AGUA POTABLE Y CONSTRUCCION DEL SISTEMA DE ALCANTARILLADO DEL CENTRO POBLADO LA PALMA DEL DISTRITO DE PAPAYAL, PROVINCIA DE ZARUMILLA - TUMBES;MUNICIPALIDAD DISTRITAL DE PAPAYAL;TUMBES;ZARUMILLA;PAPAYAL;1848;3738107;Transferencia;Indirecta;OBRA;Concluido;;;;;;;;;
1868;PE;13343;PNSU;255936;2180661;INSTALACION DEL SERVICIO DE AGUA POTABLE Y SANEAMIENTO DE CALIDAD DE LA LOCALIDAD DE UÑA DE GATO DEL DISTRITO DE PAPAYAL, PROVINCIA DE ZARUMILLA - TUMBES;MUNICIPALIDAD PROVINCIAL DE ZARUMILLA;TUMBES;ZARUMILLA;PAPAYAL;2052;6545403.52;Transferencia;Indirecta;OBRA;Concluido;;;;;;;;;
1869;PE;13344;PNSU;2461348;2461348;AMPLIACION DEL SERVICIO DE SANEAMIENTO BASICO Y CREACION DE UNIDADES BASICAS DE SANEAMIENTO EN LA VILLA DE UÑA DE GATO SECTOR SANTA ROSA Y PROLONGACION CUATRO CALLES,  DISTRITO DE PAPAYAL - PROVINCIA DE ZARUMILLA - DEPARTAMENTO DE TUMBES;MUNICIPALIDAD DISTRITAL DE PAPAYAL;TUMBES;ZARUMILLA;PAPAYAL;212;1595437.24;Transferencia;Indirecta;OBRA;Concluido;;;;;;;;;
1870;PE;13345;PNSU;219367;2162802;MEJORAMIENTO DEL SERVICIO DE AGUA POTABLE Y SANEAMIENTO DEL AA.HH LAS MALVINAS DEL DISTRITO DE ZARUMILLA, PROVINCIA DE ZARUMILLA - TUMBES;MUNICIPALIDAD PROVINCIAL DE ZARUMILLA;TUMBES;ZARUMILLA;ZARUMILLA;2525;2032055.73;Transferencia;Indirecta;OBRA;Concluido;;;;;;;;;
1871;PE;13346;PNSU;88336;2075589;MEJORAMIENTO Y AMPLIACION DEL SISTEMA DE AGUA POTABLE Y ALCANTARILLADO DEL CENTRO POBLADO LAS FLORES, PROVINCIA DE ZARUMILLA - TUMBES;MUNICIPALIDAD PROVINCIAL DE ZARUMILLA;TUMBES;ZARUMILLA;ZARUMILLA;810;853832.99;Transferencia;Indirecta;OBRA;Concluido;;;;;;;;;
1872;PE;13347;PNSU;93173;2077207;MEJORAMIENTO, AMPLIACION Y REHABILITACION DEL SISTEMA DE ALCANTARILLADO DEL CASCO URBANO Y DEL SECTOR MIRAFLORES DE LA CIUDAD DE ZARUMILLA DE LA PROVINCIA DE ZARUMILLA-TUMBES;MUNICIPALIDAD PROVINCIAL DE ZARUMILLA;TUMBES;ZARUMILLA;ZARUMILLA;15792;4061875.28;Transferencia;Indirecta;OBRA;Concluido;;;;;;;;;
1873;PE;13348;PNSU;224934;2162801;MEJORAMIENTO DEL SERVICIO DE AGUA POTABLE Y SANEAMIENTO DEL AA.HH EDMUNDO ROMERO DEL DISTRITO DE ZARUMILLA, PROVINCIA DE ZARUMILLA - TUMBES;MUNICIPALIDAD PROVINCIAL DE ZARUMILLA;TUMBES;ZARUMILLA;ZARUMILLA;760;3752499.75;Transferencia;Indirecta;OBRA;Concluido;;;;;;;;;
1874;PE;13349;PNSU;226232;2163527;MEJORAMIENTO DEL SISTEMA DE CAPTACION E IMPULSION PARA EL ALMACENAMIENTO DE AGUA POTABLE EN EL AA.HH. CAMPO AMOR DEL DISTRITO DE ZARUMILLA, PROVINCIA DE ZARUMILLA - TUMBES (SALDO DE OBRA);MUNICIPALIDAD PROVINCIAL DE ZARUMILLA;TUMBES;ZARUMILLA;ZARUMILLA;10000;1531867.09;Transferencia;Indirecta;OBRA (Expediente Saldo);En elaboración;;;;;;;;;
1875;PE;13350;PNSU;83143;2073619;MEJORAMIENTO Y AMPLIACION DEL SISTEMA DE AGUA POTABLE Y ALCANTARILLADO DE CAMPO AMOR, PROVINCIA DE ZARUMILLA - TUMBES  (SALDO DE OBRA);MUNICIPALIDAD PROVINCIAL DE ZARUMILLA;TUMBES;ZARUMILLA;ZARUMILLA;8504;10000000;Transferencia;Indirecta;OBRA (Expediente Saldo);En elaboración;;;;;;;;;
1876;PE;13351;PNSU;320468;2273475;MEJORAMIENTO Y AMPLIACION DEL SISTEMA DE AGUA POTABLE Y ALCANTARILLADO DE LA CALLE PROLONGACION TUMBES, JIRON AVIACION Y AA HH CORAZON VALIENTE DISTRITO DE ZARUMILLA, PROVINCIA DE ZARUMILLA - TUMBES;MUNICIPALIDAD PROVINCIAL DE ZARUMILLA;TUMBES;ZARUMILLA;ZARUMILLA;935;2550525.92;Transferencia;Indirecta;OBRA;Concluido;;;;;;;;;
1877;PE;13352;PNSU;360541;2323675;AMPLIACION Y MEJORAMIENTO DEL SISTEMA DE AGUA POTABLE Y ALCANTARILLADO DEL AA.HH LOS CIBELES DEL DISTRITO DE ZARUMILLA, PROVINCIA DE ZARUMILLA - TUMBES;MUNICIPALIDAD PROVINCIAL DE ZARUMILLA;TUMBES;ZARUMILLA;ZARUMILLA;940;3611817.31;Transferencia;Indirecta;OBRA;Concluido;;;;;;;;;
1878;PE;13353;PNSU;2461979;2461979;CREACION DEL SISTEMA DE AGUA POTABLE Y ALCANTARILLADO DEL SECTOR HEROES DEL CENEPA DEL  DISTRITO DE ZARUMILLA - PROVINCIA DE ZARUMILLA - DEPARTAMENTO DE TUMBES;MUNICIPALIDAD PROVINCIAL DE ZARUMILLA;TUMBES;ZARUMILLA;ZARUMILLA;1054;2174595.07;Transferencia;Indirecta;OBRA;Concluido;;;;;;;;;
1879;PE;13354;PNSU;2465313;2465313;MEJORAMIENTO Y AMPLIACION DEL SISTEMA DE AGUA POTABLE Y ALCANTARILLADO DE LA CALLE TUMBES ENTRE LAS INTERSECCIONES DE LAS CALLES ABAD PUELL Y  AV RÍO CENEPA, Y CALLES ALEDAÑAS EN EL AAHH POZO ELEVADO  DISTRITO DE ZARUMILLA - PROVINCIA DE ZARUMILLA - DEPARTAMENTO DE TUMBES;MUNICIPALIDAD PROVINCIAL DE ZARUMILLA;TUMBES;ZARUMILLA;ZARUMILLA;1045;2768774.73;Transferencia;Indirecta;OBRA;Concluido;;;;;;;;;
1880;PE;13355;PNSU;8727;2018438;CONSTRUCCION DE POZOS TUBULARES CON SISTEMA DE TUBO BALDE EN CASERIOS Y CC. NN. DE LA PROVINCIA DE ATALAYA;GOBIERNO REGIONAL UCAYALI;UCAYALI;ATALAYA;RAYMONDI;27665;1595256;Transferencia;Indirecta;OBRA;Concluido;;;;;;;;;
1881;PE;13356;PNSU;46377;2047369;» AMPLIACION Y MEJORAMIENTO DEL SISTEMA DE ABASTECIMIENTO DE AGUA POTABLE Y ALCANTARILLADO SANITARIO VILLA ATALAYA – RAYMONDI, PROVINCIA DE ATALAYA - UCAYALI;MUNICIPALIDAD PROVINCIAL DE ATALAYA;UCAYALI;ATALAYA;RAYMONDI;12932;28251556.14;Transferencia;Indirecta;OBRA;Concluido;;;;;;;;;
1882;PE;13357;PNSU;39938;2040767;CONSTRUCCION DEL SISTEMA DE ABASTECIMIENTO DE AGUA POTABLE E INSTALACION DE LETRINAS EN LA COMUNIDAD NATIVA CENTRO SAPANI, PROVINCIA DE ATALAYA - UCAYALI;MUNICIPALIDAD PROVINCIAL DE ATALAYA;UCAYALI;ATALAYA;RAYMONDI;175;170982;Transferencia;Directa;OBRA;Concluido;;;;;;;;;
1883;PE;13358;PNSU;42713;2041729;CONSTRUCCION DEL SISTEMA DE ABASTECIMIENTO DE AGUA POTABLE E INSTALACION DE LETRINAS EN EL CASERIO MAPALCA, DISTRITO DE RAYMONDI, PROVINCIA DE ATALAYA - UCAYALI;MUNICIPALIDAD PROVINCIAL DE ATALAYA;UCAYALI;ATALAYA;RAYMONDI;561;437677;Transferencia;Directa;OBRA;Concluido;;;;;;;;;
1884;PE;13359;PNSU;263817;2178595;AMPLIACION DEL SISTEMA DE AGUA POTABLE Y ALCANTARILLADO EN LAS JUNTAS VECINALES DE LA CIUDAD DE ATALAYA, PROVINCIA DE ATALAYA - UCAYALI;MUNICIPALIDAD PROVINCIAL DE ATALAYA - RAYMONDI;UCAYALI;ATALAYA;RAYMONDI;3828;5622548.09;Transferencia;Indirecta;OBRA;Concluido;;;;;;;;;
1885;PE;13360;PNSU;60058;2047368;AMPLIACION Y MEJORAMIENTO DEL SISTEMA DE ABASTECIMIENTO DE AGUA POTABLE Y ALCANTARILLADO SANITARIO SEPAHUA, PROVINCIA DE ATALAYA - UCAYALI;MUNICIPALIDAD PROVINCIAL DE ATALAYA;UCAYALI;ATALAYA;SEPAHUA;4199;8602598.04;Transferencia;Indirecta;OBRA;Concluido;;;;;;;;;
1886;PE;13361;PNSU;23828;2031641;MEJORAMIENTO DEL SISTEMA DE AGUA POTABLE Y DESAGUE CONO SUR OESTE SECTOR 9 DE LA CIUDAD DE PUCALLPA - REGION UCAYALI;GOBIERNO REGIONAL UCAYALI;UCAYALI;CORONEL PORTILLO;CALLERIA;12140;24856957;Transferencia;Indirecta;OBRA;Concluido;;;;;;;;;
1887;PE;13362;PNSU;49594;2044190;MEJORAMIENTO DE LA PRODUCCION EN EL SISTEMA DE AGUA POTABLE DE LA CIUDAD DE PUCALLPA SECTORES 1, 2 Y 3 - CALLERIA, CORONEL PORTILLO - UCAYALI;MUNICIPALIDAD PROVINCIAL DE CORONEL PORTILLO;UCAYALI;CORONEL PORTILLO;CALLERIA;113994;21143416.98;Transferencia;Indirecta;OBRA;Concluido;;;;;;;;;
1888;PE;13363;PNSU;20915;2024163;CONSTRUCCION DE UN SISTEMA DE ABASTECIMIENTO DE AGUA POTABLE Y ALCANTARILLADO CON TRATAMIENTO DE AGUAS RESIDUALES EN LA HABILITACION URBANA MUNICIPAL DE LA CIUDAD DE PUCALLPA - CORONEL PORTILLO - UCAYALI;MUNICIPALIDAD PROVINCIAL DE CORONEL PORTILLO;UCAYALI;CORONEL PORTILLO;CALLERIA;14208;23486158.11;Transferencia;Indirecta;OBRA;Concluido;;;;;;;;;
1889;PE;13364;PNSU;171277;2131750;MEJORAMIENTO DE A. POTABLE Y ALCANTARILLADO DEL JR. V. MONTALVO (JR. URUBAMBA/JR. CMDTE SUAREZ) JR. URUBAMBA (JR. V. MONTALVO/JR. B. AIRES) JR. B. AIRES (JR. URUBAMBA/JR. G. SISLEY);MUNICIPALIDAD PROVINCIAL DE CORONEL PORTILLO;UCAYALI;CORONEL PORTILLO;CALLERIA;922;1379193;Transferencia;Indirecta;OBRA;Concluido;;;;;;;;;
1890;PE;13365;PNSU;265947;2198777;MEJORAMIENTO DEL SISTEMA DE DRENAJE PLUVIAL EN LA ZONA PERI-URBANA, DISTRITO DE CALLERIA, PROVINCIA DE CORONEL PORTILLO - UCAYALI;MUNICIPALIDAD PROVINCIAL DE CORONEL PORTILLO;UCAYALI;CORONEL PORTILLO;CALLERIA;13062;3431421.27;Transferencia;Indirecta;OBRA;Concluido;;;;;;;;;
1891;PE;13366;PNSU;325508;2283291;MEJORAMIENTO DELSERVICIO DE AGUA POTABLE Y ALCANTARILLADO EN EL JR GUILLERMO SISLEY, AUTOPISTA SANCHEZ CARRION Y AV. YARINACOCHA , PROVINCIA DE CORONEL PORTILLO - UCAYALI;GOBIERNO REGIONAL UCAYALI;UCAYALI;CORONEL PORTILLO;CALLERIA;3160;8194567.94;Transferencia;Indirecta;OBRA;Concluido;;;;;;;;;
1892;PE;13367;PNSU;375357;2336311;MEJORAMIENTO DEL SERVICIO DE AGUA POTABLE Y ALCANTARILLADO DE LAS PRINCIPALES CALLES DEL A. H. JOSE OLAYA, H. U. ROSITA Y A. H. 28 DE JULIO, DISTRITO DE CALLERIA, PROVINCIA DE CORONEL PORTILLO - UCAYALI;MUNICIPALIDAD PROVINCIAL DE CORONEL PORTILLO;UCAYALI;CORONEL PORTILLO;CALLERIA;1848;3927462.31;Transferencia;Indirecta;OBRA;Concluido;;;;;;;;;
1893;PE;13368;PNSU;347439;2309022;MEJORAMIENTO DE LOS SERVICIOS DE AGUA POTABLE Y ALCANTARILLADO DE LAS VIAS TRANSVERSALES DE LA AV. CENTENARIO DESDE EL KM. 0+000 AL 5+.000, DISTRITO DE CALLERIA Y YARINACOCHA, PROVINCIA DE CORONEL PORTILLO - UCAYALI;MUNICIPALIDAD PROVINCIAL DE CORONEL PORTILLO;UCAYALI;CORONEL PORTILLO;CALLERIA;5026;8872013.58;Transferencia;Indirecta;OBRA;Concluido;;;;;;;;;
1894;PE;13369;PNSU;310848;2409901;MEJORAMIENTO DE LA INFRAESTRUCTURA SANITARIA DEL BARRIO EL DORADO, DISTRITO DE CALLERIA, PROVINCIA DE CORONEL PORTILLO - UCAYALI;MUNICIPALIDAD PROVINCIAL DE CORONEL PORTILLO;UCAYALI;CORONEL PORTILLO;CALLERIA;1448;3196804.9;Transferencia;Indirecta;OBRA;Concluido;;;;;;;;;
1895;PE;13370;PNSU;336643;2300430;MEJORAMIENTO DE LA INFRAESTRUCTURA SANITARIA EN LOS A.H. TÚPAC AMARU, A.H. EDUARDO DEL ÁGUILA, H.U. LOS FRUTALES Y H.U. IMOSA, CALLERIA, PROVINCIA DE CORONEL PORTILLO - UCAYALI;MUNICIPALIDAD PROVINCIAL DE CORONEL PORTILLO;UCAYALI;CORONEL PORTILLO;CALLERIA;2179;3148009.71;Transferencia;Indirecta;OBRA;Concluido;;;;;;;;;
1896;PE;13371;PNSU;363084;2326561;MEJORAMIENTO DE LAS REDES DE AGUA POTABLE Y ALCANTARILLADO EN LAS PRINCIPALES CALLES DEL BARRIO EL TREBOL - DISTRITO DE CALLERÍA, PROVINCIA DE CORONEL PORTILLO - UCAYALI;MUNICIPALIDAD PROVINCIAL DE CORONEL PORTILLO;UCAYALI;CORONEL PORTILLO;CALLERIA;1239;3074160.85;Transferencia;Indirecta;OBRA;Concluido;;;;;;;;;
1897;PE;13372;PNSU;372935;2333710;MEJORAMIENTO E LA INFRAESTRUCTURA DE LA RED DE AGUA POTABLE Y ALCANTARILLADO DEL JR. INCA ROCA CUADRAS 1, 2, 3, 4 Y 5, JR. 28 DE JULIO CUADRAS 6, 7 Y 8, DISTRITO DE CALLERIA, PROVINCIA DE CORONEL PORTILLO - UCAYALI;MUNICIPALIDAD PROVINCIAL DE CORONEL PORTILLO;UCAYALI;CORONEL PORTILLO;CALLERIA;697;1904298.4;Transferencia;Indirecta;OBRA;Concluido;;;;;;;;;
1898;PE;13373;PNSU;11557;2031630;MEJORAMIENTO DEL SERVICIO DE SANEAMIENTO BASICO - AGUA Y DESAGUE DE CAMPO VERDE;GOBIERNO REGIONAL UCAYALI;UCAYALI;CORONEL PORTILLO;CAMPOVERDE;8559;37020173.32;Transferencia;Indirecta;EXPEDIENTE TECNICO;Concluido;;;;;;;;;
1899;PE;13374;PNSU;152254;2158874;MEJORAMIENTO DEL SISTEMA DE AGUA POTABLE Y ALCANTARILLADO EN EL SECTOR 11 , DISTRITO DE MANANTAY - CORONEL PORTILLO - UCAYALI;GOBIERNO REGIONAL DE UCAYALI;UCAYALI;CORONEL PORTILLO;MANANTAY;19206;65588632.1;Transferencia;Indirecta;OBRA;Concluido;;;;;;;;;
1900;PE;13375;PNSU;288079;2243061;MEJORAMIENTO DEL SISTEMA DE AGUA POTABLE Y ALCANTARILLADO SANITARIO DEL SECTOR 12, DISTRITO DE MANANTAY - CORONEL PORTILLO - UCAYALI;MUNICIPALIDAD PROVINCIAL DE CORONEL PORTILLO;UCAYALI;CORONEL PORTILLO;MANANTAY;27063;79183009.7;Transferencia;Indirecta;OBRA;Concluido;;;;;;;;;
1901;PE;13376;PNSU;2501887;2501887;"REMODELACION DE PTAR; EN EL(LA) - PLANTA DE TRATAMIENTO DE AGUAS RESIDUALES DEL SECTOR 9 EN EL  DISTRITO DE CALLERIA, PROVINCIA CORONEL PORTILLO, DEPARTAMENTO UCAYALI";MUNICIPALIDAD PROVINCIAL DE CORONEL PORTILLO;UCAYALI;CORONEL PORTILLO;MANANTAY;0;14480388.15;Transferencia;Indirecta;OBRA;Concluido;;;;;;;;;
1902;PE;13377;PNSU;51107;2053833;MEJORAMIENTO DEL SISTEMA DE AGUA Y DESAGUE DE MASISEA, CORONEL PORTILLO - UCAYALI;MUNICIPALIDAD DISTRITAL DE MASISEA;UCAYALI;CORONEL PORTILLO;MASISEA;2291;7534662.3;Transferencia;Indirecta;OBRA;Concluido;;;;;;;;;
1903;PE;13378;PNSU;80117;2072550;CONSTRUCCION DEL SISTEMA DE AGUA POTABLE MEDIANTE CAPTACION VERTICAL Y SISTEMA DE ALCANTARILLADO, CON POZO SEPTICO Y PERCOLADOR DE LA LOCALIDAD DE NUEVA REQUENA PARTE BAJA;MUNICIPALIDAD DISTRITAL DE NUEVA REQUENA;UCAYALI;CORONEL PORTILLO;NUEVA REQUENA;1200;5837381.53;Transferencia;Indirecta;OBRA;Concluido;;;;;;;;;
1904;PE;13379;PNSU;80110;2072547;CONSTRUCCION DEL SISTEMA DE AGUA POTABLE MEDIANTE CAPTACION VERTICAL Y SISTEMA DE ALCANTARILLADO, CON POZO SEPTICO Y PERCOLADOR DE LA LOCALIDAD NUEVA REQUENA PARTE ALTA;MUNICIPALIDAD DISTRITAL DE NUEVA REQUENA;UCAYALI;CORONEL PORTILLO;NUEVA REQUENA;1005;4241342.29;Transferencia;Indirecta;OBRA;Concluido;;;;;;;;;
1905;PE;13380;PNSU;40783;2040738;MANEJO AMBIENTAL DE LAS PRINCIPALES DESCARGAS DE AGUAS RESIDUALES VERTIDAS A LA LAGUNA DE YARINACOCHA;GOBIERNO REGIONAL UCAYALI;UCAYALI;CORONEL PORTILLO;YARINACOCHA;3827;404132;Transferencia;Indirecta;EXPEDIENTE TECNICO;Contrato Resuelto;;;;;;;;;
1906;PE;13381;PNSU;51932;2056003;CONSTRUCCION DEL SISTEMA DE AGUA POTABLE Y ALCANTARILLADO SANITARIO DE YARINACOCHA II ETAPA - SECTOR 10 - PUCALLPA;REGION UCAYALI-SEDE CENTRAL;UCAYALI;CORONEL PORTILLO;YARINACOCHA;11284;43477172.97;Transferencia;Indirecta;OBRA;Convenio Resuelto;;;;;;;;;
1907;PE;13382;PNSU;2473695;2473695;MEJORAMIENTO Y AMPLIACION DEL SERVICIO DE AGUA POTABLE Y ALCANTARILLADO  EN LA LOCALIDAD  DE ALEXANDER VON HUMBOLDT  DEL  DISTRITO DE ALEXANDER VON HUMBOLDT - PROVINCIA DE PADRE ABAD - DEPARTAMENTO DE UCAYALI;MUNICIPALIDAD DISTRITAL DE ALEXANDER VON HUMBOLDT;UCAYALI;PADRE ABAD;ALEXANDER VON HUMBOLDT;522;18530123.27;Transferencia;Indirecta;OBRA;Paralizada;;;;;;;;;
1908;PE;13383;PNSU;8236;2018885;MEJORAMIENTO DEL SISTEMA DE AGUA POTABLE Y CONSTRUCCION DEL SISTEMA DE ALCANTARILLADO CURIMANA;GOBIERNO REGIONAL UCAYALI;UCAYALI;PADRE ABAD;CURIMANA;759;2598338.61;Transferencia;Indirecta;OBRA;Concluido;;;;;;;;;
1909;PE;13384;PNSU;75067;2070658;MEJORAMIENTO Y AMPLIACION DEL SISTEMA DE AGUA POTABLE Y ALCANTARILLADO DE LA CIUDAD DE CURIMANA, DISTRITO DE CURIMANA - PADRE ABAD - UCAYALI;MUNICIPALIDAD DISTRITAL DE CURIMANA;UCAYALI;PADRE ABAD;CURIMANA;2310;5985164.25;Transferencia;Indirecta;OBRA;Concluido;;;;;;;;;
1910;PE;13385;PNSU;11773;2018910;CONSTRUCCION DEL SISTEMA DE ALCANTARILLADO SAN ALEJANDRO KM 111 - IRAZOLA;GOBIERNO REGIONAL UCAYALI;UCAYALI;PADRE ABAD;IRAZOLA;1867;1486177;Transferencia;Indirecta;OBRA;Concluido;;;;;;;;;
1911;PE;13386;PNSU;56977;2063564;MEJORAMIENTO DEL SERVICIO DE AGUA POTABLE DE LA LOCALIDAD DE SAN ALEJANDRO KM 111 - IRAZOLA - PROVINCIA DE PADRE ABAD - REGION UCAYALI;MUNICIPALIDAD DISTRITAL DE IRAZOLA;UCAYALI;PADRE ABAD;IRAZOLA;2492;4625098.5;Transferencia;Indirecta;OBRA;Concluido;;;;;;;;;
1912;PE;13387;PNSU;78032;2063565;CONSTRUCCION SISTEMA AGUA Y DESAGUE DE SAN JUAN KM. 71, 72, DISTRITO DE IRAZOLA - PADRE ABAD - UCAYALI;MUNICIPALIDAD DISTRITAL DE IRAZOLA;UCAYALI;PADRE ABAD;IRAZOLA;2160;2225399;Transferencia;Indirecta;OBRA;Concluido;;;;;;;;;
1913;PE;13388;PNSU;81732;2084773;MEJORAMIENTO Y AMPLIACION DEL SISTEMA DE AGUA POTABLE Y ALCANTARILLADO DEL CENTRO POBLADO MONTE ALEGRE , DISTRITO DE IRAZOLA - PADRE ABAD - UCAYALI;MUNICIPALIDAD DISTRITAL DE IRAZOLA;UCAYALI;PADRE ABAD;IRAZOLA;3060;6569189;Transferencia;Indirecta;OBRA;Concluido;;;;;;;;;
1914;PE;13389;PNSU;172746;2133597;MEJORAMIENTO Y AMPLIACION DE LOS SISTEMAS DE AGUA POTABLE Y DESAGUE EN EL KM. 86 CARRETERA FEDERICO BASADRE VON HUMBOLDT, DISTRITO DE IRAZOLA - PADRE ABAD - UCAYALI;MUNICIPALIDAD DISTRITAL DE IRAZOLA;UCAYALI;PADRE ABAD;IRAZOLA;3198;23635422.32;Transferencia;Indirecta;OBRA;Concluido;;;;;;;;;
1915;PE;13390;PNSU;213764;2167755;MEJORAMIENTO Y AMPLIACION DEL SIST DE AGUA Y DESAGUE PORTALES COSMOS LAS LOMAS NONIS SINCHI ROCA Y PUERTO NUEVO II MALEC SANCHEZ CERRO LA MOLINA JR NARANJO PROLONG PORTALES HUASCAR Y ORQUIDEAS-SAN ALEJANDRO, DISTRITO DE IRAZOLA - PADRE ABAD - UCAYALI;REGION UCAYALI-SEDE CENTRAL;UCAYALI;PADRE ABAD;IRAZOLA;6176;155395800;Transferencia;Indirecta;OBRA;En Ejecución;;;;;;;;;
1916;PE;13391;PNSU;12762;2022649;MEJORAMIENTO DE SERVICIOS DE AGUA POTABLE Y SANEAMIENTO CIUDAD DE AGUAYTIA - PADRE ABAD;MUNICIPALIDAD PROVINCIAL DE PADRE ABAD;UCAYALI;PADRE ABAD;PADRE ABAD;13624;25234035.47;Transferencia;Indirecta;OBRA;Concluido;;;;;;;;;
1917;PE;13392;PNSU;73994;2059013;MEJORAMIENTO DEL SISTEMA DE AGUA POTABLE Y ALCANTARILLADO DEL CENTRO POBLADO LA DIVISORIA, PROVINCIA DE PADRE ABAD - UCAYALI;MUNICIPALIDAD PROVINCIAL DE PADRE ABAD;UCAYALI;PADRE ABAD;PADRE ABAD;381;1117382.4;Transferencia;Indirecta;OBRA;Concluido;;;;;;;;;
1918;PE;13393;PNSU;73978;2059011;MEJORAMIENTO DEL SISTEMA DE AGUA POTABLE Y ALCANTARILLADO DEL CENTRO POBLADO PREVISTO, PROVINCIA DE PADRE ABAD - UCAYALI;MUNICIPALIDAD PROVINCIAL DE PADRE ABAD;UCAYALI;PADRE ABAD;PADRE ABAD;654;1169899.5;Transferencia;Indirecta;OBRA;Concluido;;;;;;;;;
1919;PE;13394;PNSU;73992;2059010;MEJORAMIENTO DEL SISTEMA DE AGUA POTABLE Y ALCANTARILLADO DEL CENTRO POBLADO HUIPOCA, PROVINCIA DE PADRE ABAD - UCAYALI;MUNICIPALIDAD PROVINCIAL DE PADRE ABAD;UCAYALI;PADRE ABAD;PADRE ABAD;1761;4764261.2;Transferencia;Indirecta;OBRA;Concluido;;;;;;;;;
1920;PE;13395;PNSU;252830;2185406;AMPLIACION Y MEJORAMIENTO DEL SERVICIO DE AGUA POTABLE Y ALCANTARILLADO SANITARIO DE LA CIUDAD DE AGUAYTIA Y CENTROS POBLADOS ALEDAÑOS, PROVINCIA DE PADRE ABAD - UCAYALI;MUNICIPALIDAD PROVINCIAL DE PADRE ABAD - AGUAITIA;UCAYALI;PADRE ABAD;PADRE ABAD;33640;122314420.7;Transferencia;Indirecta;OBRA;Convenio Resuelto;;;;;;;;;
1921;PE;13396;PNSU;73990;2059012;MEJORAMIENTO DEL SISTEMA DE AGUA POTABLE Y ALCANTARILLADO DEL CENTRO POBLADO BOQUERON, PROVINCIA DE PADRE ABAD - UCAYALI;MUNICIPALIDAD PROVINCIAL DE PADRE ABAD - AGUAITIA;UCAYALI;PADRE ABAD ;PADRE ABAD;3150;6731714.08;Transferencia;Indirecta;EXPEDIENTE TECNICO;Concluido;;;;;;;;;
1922;PE;13397;PNSU;16273;2021505;MEJORAMIENTO DEL ABASTECIMIENTO DE AGUA POTABLE Y LETRINIZACION EN COMUNIDADES NATIVAS DE PURUS 2º ETAPA META III;GOBIERNO REGIONAL UCAYALI;UCAYALI;PURUS;PURUS;2476;2113149.45;Transferencia;Indirecta;OBRA;Concluido;;;;;;;;;
1923;PE;13398;PNSU;8932;2021627;MEJORAMIENTO DE AGUA POTABLE Y ALCANTARILLADO - PUERTO ESPERANZA (Componente Agua Potable;GOBIERNO REGIONAL UCAYALI;UCAYALI;PURUS;PURUS;1015;2685604.16;Transferencia;Indirecta;OBRA;Concluido;;;;;;;;;
1924;PE;11476;PNSU;2698329;2698329;"REPARACIÓN DE RED DE ALCANTARILLADO; EN EL(LA) AV EL PROGRESO , CA. 22 DE ENERO, CA. 7 DE ENERO, JOSE BALTA, CA. SAN JUAN, CA. LA VICTORIA  DISTRITO DE ILLIMO, PROVINCIA LAMBAYEQUE, DEPARTAMENTO LAMBAYEQUE";EPSEL S.A.;LAMBAYEQUE;LAMBAYEQUE;ILLIMO;8856;5058969.21;Transferencia;Por Contrata;OBRA;Actos Previos;;;;;;;;;
1925;PE;11476;PNSU;2674984;2674984;"REPARACION DE COLECTOR PRIMARIO; EN EL(LA) EMISOR NORTE CENTRO  DISTRITO DE CHICLAYO, PROVINCIA CHICLAYO, DEPARTAMENTO LAMBAYEQUE";EPSEL S.A.;LAMBAYEQUE;CHICLAYO;CHICLAYO;300000;3396820.81;Transferencia;Por Contrata;OBRA;Concluido;;;;;;;;;
1926;PE;11476;PNSU;2669684;2669684;"REPARACION DE POZO; EN EL(LA) SISTEMA DE AGUA POTABLE EN EL POZO MONTEVERDE  DISTRITO DE CASTILLA, PROVINCIA PIURA, DEPARTAMENTO PIURA";EPS GRAU S.A.;PIURA;PIURA;CASTILLA;2245;895459.72;Transferencia;Por Contrata;OBRA;Concluido;;;;;;;;;
1927;PE;11476;PNSU;2669166;2669166;"REPARACIÓN DE POZO; EN EL(LA) SISTEMA DE AGUA POTABLE EN EL POZO CORTIJO  DISTRITO DE CASTILLA, PROVINCIA PIURA, DEPARTAMENTO PIURA";EPS GRAU S.A.;PIURA;PIURA;CASTILLA;18380;607436.4;Transferencia;Por Contrata;OBRA;Concluido;;;;;;;;;
1928;PE;11476;PNSU;2669142;2669142;"REPARACIÓN DE POZO; EN EL(LA) SISTEMA DE AGUA POTABLE EN EL POZO MICAELA BASTIDAS  DISTRITO DE VEINTISEIS DE OCTUBRE, PROVINCIA PIURA, DEPARTAMENTO PIURA";EPS GRAU S.A.;PIURA;PIURA;VEINTISEIS DE OCTUBRE;18985;605194.71;Transferencia;Por Contrata;OBRA;Concluido;;;;;;;;;
1929;PE;11476;PNSU;2668668;2668668;"REPARACION DE PTAP; EN EL(LA) SISTEMA DE AGUA POTABLE DE LA PTAP CURUMUY  DISTRITO DE PIURA, PROVINCIA PIURA, DEPARTAMENTO PIURA";EPS GRAU S.A.;PIURA;PIURA;PIURA;650000;6745765.54;Transferencia;Por Contrata;OBRA;Concluido;;;;;;;;;
1930;PE;11476;PNSU;2667253;2667253;"REPARACIÓN DE POZO; EN EL(LA) SISTEMA DE AGUA POTABLE DEL POZO LA PLANICIE  DISTRITO DE VEINTISEIS DE OCTUBRE, PROVINCIA PIURA, DEPARTAMENTO PIURA";EPS GRAU S.A.;PIURA;PIURA;VEINTISEIS DE OCTUBRE;1280;461830.11;Transferencia;Por Contrata;OBRA;Concluido;;;;;;;;;
1931;PE;11476;PNSU;2625219;2625219;"REPARACIÓN DE EQUIPO DE BOMBEO; EN EL(LA) CAPTACION CAISSON 2 DE LA ENTIDAD MUNICIPAL PRESTADORA DE SERVICIO DE SANEAMIENTO AGUAS DEL ATIPLANO S.R.LTDA.  DISTRITO DE AYAVIRI, PROVINCIA MELGAR, DEPARTAMENTO PUNO";E.P.S. AGUAS DEL ALTIPLANO S.R.L.;PUNO;MELGAR;AYAVIRI;27582;1057265.66;Transferencia;Directa;OBRA;Concluido;;;;;;;;;
1932;PE;11476;PNSU;2614736;2614736;"ADQUISICION DE EQUIPO DE BOMBEO; EN EL(LA) SISTEMA DE AGUA POTABLE DEL POZO CIUDAD DEL NIÑO, POZO NUEVO EL INDIO, POZO SAN BERNARDO Y POZO CENTENARIO  DISTRITO DE CASTILLA, PROVINCIA PIURA, DEPARTAMENTO PIURA";EPS GRAU S.A.;PIURA;PIURA;CASTILLA;30965;1907768.5;Transferencia;Por Contrata;OBRA;Concluido;;;;;;;;;
1933;PE;11476;PNSU;2614733;2614733;"ADQUISICION DE EQUIPO DE BOMBEO; EN EL(LA) SISTEMA DE AGUA POTABLE DEL POZO SAN MARTÍN, POZO LAS DALIAS, POZO SANTA JULIA, POZO GRANJA DE COLORES, POZO SECTOR VI, POZO ALMIRANTE GRAU, POZO POLVORINES Y POZO SAN SEBASTIÁN  DISTRITO DE VEINTISEIS DE OCTUBRE, PROVINCIA PIURA, DEPARTAMENTO PIURA";EPS GRAU S.A.;PIURA;PIURA;VEINTISEIS DE OCTUBRE;353150;3266644.04;Transferencia;Por Contrata;OBRA;Concluido;;;;;;;;;
1934;PE;11476;PNSU;2614652;2614652;"ADQUISICION DE EQUIPO DE BOMBEO; EN EL(LA) SISTEMA DE AGUA POTABLE POZO 16, POZO 17, POZO VIDUQUE1  DISTRITO DE CATACAOS, PROVINCIA PIURA, DEPARTAMENTO PIURA";EPS GRAU S.A.;PIURA;PIURA;CATACAOS;82839;1253150.14;Transferencia;Por Contrata;OBRA;Concluido;;;;;;;;;
1935;PE;11476;PNSU;2595090;2595090;"ADQUISICION DE EQUIPO DE BOMBEO; EN EL(LA) SISTEMA DE ALCANTARILLADO CBAR PRIMAVERA NUEVA EN URB. LA PRIMAVERA, CBAR EL INDIO EN A.H. EL INDIO, CBAR MIRAFLORES EN URB. MIRAFLORES NORTE Y CBAR GONZALES PRADA EN A.H. GONZALES PRADA  DISTRITO DE CASTILLA, PROVINCIA PIURA, DEPARTAMENTO PIURA";EPS GRAU S.A.;PIURA;PIURA;CASTILLA;;3782588.31;Transferencia;Por Contrata;OBRA;Concluido;;;;;;;;;
1936;PE;11476;PNSU;2595016;2595016;"ADQUISICION DE EQUIPO DE BOMBEO; EN EL(LA) SISTEMA DE ALCANTARILLADO CBAR SUR MEDIO EN A.H. ENRIQUE LÓPEZ ALBÚJAR, CBAR ALMIRANTE GRAU EN A.H. ALMIRANTE MIGUEL GRAU Y CBAR PAREDES MACEDA EN A.H. PAREDES MACEDA  DISTRITO DE VEINTISEIS DE OCTUBRE, PROVINCIA PIURA, DEPARTAMENTO PIURA";EPS GRAU S.A.;PIURA;PIURA;VEINTISEIS DE OCTUBRE;;1298189.2;Transferencia;Por Contrata;OBRA;Concluido;;;;;;;;;
1937;PE;11476;PNSU;2594986;2594986;"ADQUISICION DE EQUIPO DE BOMBEO; EN EL(LA) SISTEMA DE ALCANTARILLADO CBAR IGNACIO MERINO EN URB. IGNACIO MERINO  DISTRITO DE PIURA, PROVINCIA PIURA, DEPARTAMENTO PIURA";EPS GRAU S.A.;PIURA;PIURA;PIURA;;1095003.18;Transferencia;Por Contrata;OBRA;Concluido;;;;;;;;;
1938;PE;11476;PNSU;2594941;2594941;"REPARACION DE RED DE ALCANTARILLADO; EN EL(LA) EPSEL S.A. DISTRITO DE ILLIMO, PROVINCIA LAMBAYEQUE, DEPARTAMENTO LAMBAYEQUE";EPS EPSEL S.A.;LAMBAYEQUE;LAMBAYEQUE;ILLIMO;9691;3648763.13;Transferencia;Por Contrata;OBRA;En Ejecución;;;;;;;;;
1939;PE;11476;PNSU;2594872;2594872;"ADQUISICION DE EQUIPO DE BOMBEO; EN EL(LA) SISTEMA DE ALCANTARILLADO CBAR ANTIGUA LAS DALIAS EN A.H. LAS DALIAS DISTRITO DE VEINTISEIS DE OCTUBRE, PROVINCIA PIURA, DEPARTAMENTO PIURA";EPS GRAU S.A.;PIURA;PIURA;VEINTISEIS DE OCTUBRE;;1078778.3;Transferencia;Por Contrata;OBRA;Concluido;;;;;;;;;
1940;PE;11476;PNSU;2592152;2592152;"REPARACIÓN DE RED DE ALCANTARILLADO; EN EL(LA) LOCALIDADES DE CHICLAYO, JOSÉ L. ORTIZ Y LA VICTORIA  DISTRITO DE CHICLAYO, PROVINCIA CHICLAYO, DEPARTAMENTO LAMBAYEQUE";EPS EPSEL S.A.;LAMBAYEQUE;CHICLAYO;CHICLAYO, JOSE LEONARDO ORTIZ, LA VICTORIA;291733;44931184.48;Transferencia;Por Contrata;OBRA;En Ejecución;;;;;;;;;
1941;PE;11476;PNSU;2529963;2529963;"RENOVACION DE COLECTOR SECUNDARIO Y CONEXION DOMICILIARIA DE ALCANTARILLADO; EN EL(LA) CALLE SAN FRANCISCO CUADRAS 9,10 Y 11, CALLE ARGENTINA CUADRA 12, PROLONGACION AV. VENEZUELA CUADRA 2 Y 3, CALLE PURISIMA CUADRA 11, CALLE LINCOLN CUADRA 10, CALLE CONQUISTA CUADRA 11, CALLE WASHINGTON CUADRA 05, CALLE CAROLINA CUADRA 02  DISTRITO DE JOSE LEONARDO ORTIZ, PROVINCIA CHICLAYO, DEPARTAMENTO LAMBAYEQUE";ENTIDAD PRESTADORA DE SERVICIOS DE SANEAMIENTO DE LAMBAYEQUE S.A.;LAMBAYEQUE;CHICLAYO;JOSE LEONARDO ORTIZ;1035;1113266.67;Transferencia;Por Contrata;OBRA;Concluido;;;;;;;;;
1942;PE;11476;PNSU;2471530;2471530;"REPARACION DE COLECTOR PRIMARIO Y CONEXIONES DOMICILIARIAS; CONSTRUCCION DE COLECTOR PRIMARIO Y COLECTOR SECUNDARIO; EN EL(LA) SERVICIO DE ALCANTARILLADO  DISTRITO DE TACNA, PROVINCIA TACNA, DEPARTAMENTO TACNA";ENTIDAD PRESTADORA DE SERVICIOS DE SANEAMIENTO TACNA S.A.;TACNA;TACNA;TACNA;77397;13297800.52;Transferencia;Por Contrata;OBRA;Concluido;;;;;;;;;
1943;PE;11476;PNSU;2466053;2466053;"RENOVACION DE COLECTOR PRIMARIO, COLECTOR SECUNDARIO Y CONEXIONES DOMICILIARIAS; EN EL(LA) SERVICIOS DE ALCANTARILLADO  DISTRITO DE TACNA, PROVINCIA TACNA, DEPARTAMENTO TACNA";ENTIDAD PRESTADORA DE SERVICIOS DE SANEAMIENTO TACNA S.A.;TACNA;TACNA;TACNA;127033;7300508.35;Transferencia;Por Contrata;OBRA;Concluido;;;;;;;;;
1944;PE;11476;PNSU;39027;2053284;MEJORAMIENTO DE MEDIDAS DE RÁPIDO IMPACTO DE LA ENTIDAD PRESTADORA DE SERVICIOS DE SANEAMIENTO DE JULIACA — EPS SEDAJULIACA S.A. EN LOS DISTRITOS DE JULIACA Y SAN MIGUEL DE LA  PROVINCIA DE SAN ROMAN - DEPARTAMENTO DE PUNO;EPS SEDAJULIACA S.A.;PUNO;SAN ROMAN;JULIACA;126073;150285024.7;Transferencia;Por Contrata;OBRA;Paralizada;;;;;;;;;
1945;PE;11476;PNSU;324616;2283110;RECUPERACION DE LA CAPACIDAD DE TRATAMIENTO DE LAS LAGUNAS DE ESTABILIZACION DE LAS CIUDADES DE PUNO  Y DESAGUADERO;EMPRESA MUNICIPAL DE SANEAMIENTO BASICO DE PUNO S.A.;PUNO;PUNO;PUNO;188237;12981743.74;Transferencia;Directa;OBRA;En Ejecución;;;;;;;;;
1946;PE;11476;PNSU;12161;2046101;MEDIDAS DE RAPIDO IMPACTO DE LA EPS SERVICIO MUNICIPAL DE AGUA POTABLE Y ALCANTARILLADO DE CHINCHA - SEMAPACH.SA;EPS SEMAPACH S.A.;ICA;CHINCHA;PUEBLO NUEVO, CHINCHA ALTA, SUNAMPE;174141;108525991.2;Transferencia;Por Contrata;OBRA;En Ejecución;;;;;;;;;
